CRASH_RECORD_ID,RD_NO,CRASH_DATE_EST_I,CRASH_DATE,POSTED_SPEED_LIMIT,TRAFFIC_CONTROL_DEVICE,DEVICE_CONDITION,WEATHER_CONDITION,LIGHTING_CONDITION,FIRST_CRASH_TYPE,TRAFFICWAY_TYPE,LANE_CNT,ALIGNMENT,ROADWAY_SURFACE_COND,ROAD_DEFECT,REPORT_TYPE,CRASH_TYPE,INTERSECTION_RELATED_I,NOT_RIGHT_OF_WAY_I,HIT_AND_RUN_I,DAMAGE,DATE_POLICE_NOTIFIED,PRIM_CONTRIBUTORY_CAUSE,SEC_CONTRIBUTORY_CAUSE,STREET_NO,STREET_DIRECTION,STREET_NAME,BEAT_OF_OCCURRENCE,PHOTOS_TAKEN_I,STATEMENTS_TAKEN_I,DOORING_I,WORK_ZONE_I,WORK_ZONE_TYPE,WORKERS_PRESENT_I,NUM_UNITS,MOST_SEVERE_INJURY,INJURIES_TOTAL,INJURIES_FATAL,INJURIES_INCAPACITATING,INJURIES_NON_INCAPACITATING,INJURIES_REPORTED_NOT_EVIDENT,INJURIES_NO_INDICATION,INJURIES_UNKNOWN,CRASH_HOUR,CRASH_DAY_OF_WEEK,CRASH_MONTH,LATITUDE,LONGITUDE,LOCATION
9b3815548b59556d0b2d7db9a7951172226b3d99905504a84b80a49a8151ccf157204b6400574e3419fa07b282dfbb2a2dbfc4acff60bcfed0860b27b7f0980d,JF325824,,07/21/2022 10:49:00 AM,30,NO CONTROLS,NO CONTROLS,CLEAR,DAYLIGHT,PEDALCYCLIST,NOT DIVIDED,,STRAIGHT AND LEVEL,DRY,NO DEFECTS,ON SCENE,INJURY AND / OR TOW DUE TO CRASH,,,,"OVER $1,500",07/21/2022 10:49:00 AM,FAILING TO YIELD RIGHT-OF-WAY,NOT APPLICABLE,3732,N,SOUTHPORT AVE,1922,,,Y,,,,2,NONINCAPACITATING INJURY,1,0,0,1,0,1,0,10,5,7,41.949882649,-87.664241779,POINT (-87.664241778587 41.949882649361)
cd3da86ec4590b9e5538c4e0b733705e12e39258ba27f37bceb6b1ae740f912cb22de9f9588177609c775e37c3ae19fca8460fe032ad40eada564f8465357947,JF325562,,07/21/2022 05:27:00 AM,30,TRAFFIC SIGNAL,FUNCTIONING PROPERLY,CLEAR,DAYLIGHT,PEDALCYCLIST,RAMP,,STRAIGHT AND LEVEL,DRY,NO DEFECTS,ON SCENE,INJURY AND / OR TOW DUE TO CRASH,N,,,$500 OR LESS,07/21/2022 05:29:00 AM,UNABLE TO DETERMINE,NOT APPLICABLE,3821,S,PULASKI RD,821,,,,,,,2,"REPORTED, NOT EVIDENT",1,0,0,0,1,1,0,5,5,7,41.82370192,-87.7239198,POINT (-87.723919800315 41.823701920053)
db3d624165e746da684111fcfba8d086e63a5447e39b2f81ef082941e972e7538d6eb28d5e7d726ee5d96a1ebc0ad794bda08b9d70728ee2dc488de33715558d,JF325634,,07/21/2022 07:22:00 AM,30,NO CONTROLS,NO CONTROLS,CLEAR,DAYLIGHT,PEDALCYCLIST,DIVIDED - W/MEDIAN BARRIER,,STRAIGHT AND LEVEL,DRY,NO DEFECTS,ON SCENE,INJURY AND / OR TOW DUE TO CRASH,,,,$500 OR LESS,07/21/2022 07:24:00 AM,UNABLE TO DETERMINE,UNABLE TO DETERMINE,5982,N,RIDGE AVE,2012,,,,,,,2,NONINCAPACITATING INJURY,1,0,0,1,0,1,0,7,5,7,41.990380952,-87.671620016,POINT (-87.671620015933 41.990380952153)
e605ceb0ac2fef9df0ebe4642134c4583ea784b5e62a4f31c6353e270285c6c8e34e95bd29511e1fe480074ccde09df76c5608a581cd8b398503ec37ae4c23db,JF325693,,07/21/2022 08:40:00 AM,30,NO CONTROLS,NO CONTROLS,CLEAR,DAYLIGHT,PEDALCYCLIST,FOUR WAY,,STRAIGHT AND LEVEL,DRY,NO DEFECTS,ON SCENE,INJURY AND / OR TOW DUE TO CRASH,Y,,Y,$500 OR LESS,07/21/2022 08:46:00 AM,DISREGARDING STOP SIGN,UNABLE TO DETERMINE,4500,N,MONTICELLO AVE,1723,,,,,,,2,NONINCAPACITATING INJURY,1,0,0,1,0,1,0,8,5,7,41.962961806,-87.719462854,POINT (-87.719462853689 41.962961806076)
f5235b34c233a7c91dbf10660c4d33a54c91fcb43bec11f2d906522af1c20d6e38644e6eea16609274b5c10fb37b3ba660aa304fa6626367eebcced6f6802e3a,JF326466,,07/21/2022 05:45:00 PM,30,STOP SIGN/FLASHER,FUNCTIONING PROPERLY,CLEAR,DAYLIGHT,PEDALCYCLIST,FOUR WAY,,STRAIGHT AND LEVEL,DRY,NO DEFECTS,ON SCENE,INJURY AND / OR TOW DUE TO CRASH,Y,,Y,"OVER $1,500",07/21/2022 05:45:00 PM,FAILING TO YIELD RIGHT-OF-WAY,UNABLE TO DETERMINE,328,N,PAULINA ST,1215,,,,,,,2,NONINCAPACITATING INJURY,1,0,0,1,0,1,0,17,5,7,41.887746689,-87.669636991,POINT (-87.669636991 41.887746688713)
9d45f749094c8c811a27a24b75ba49829009d084028d14c797db9ee340a70194f2e6c74d4dbf044b4d71654161a550951cb5eb31a2ce5c068c89149a06dcf3ad,JF346058,,08/05/2022 10:10:00 AM,30,NO CONTROLS,NO CONTROLS,CLEAR,"DARKNESS, LIGHTED ROAD",PEDALCYCLIST,NOT DIVIDED,,STRAIGHT AND LEVEL,UNKNOWN,UNKNOWN,ON SCENE,INJURY AND / OR TOW DUE TO CRASH,,,,$500 OR LESS,08/05/2022 11:45:00 PM,IMPROPER BACKING,UNABLE TO DETERMINE,2844,N,BROADWAY,1934,,,,,,,2,"REPORTED, NOT EVIDENT",1,0,0,0,1,1,0,10,6,8,41.934036165,-87.644553729,POINT (-87.644553728916 41.934036165104)
24429d5bbd1a3cda8cb446a9cfe174ad9f07aa89c00a730c7a9a01886a6491e2818aba321193a459baad95de3aed72d89dde467432b75750dbf13927795e9e1f,JF342380,,08/03/2022 07:41:00 AM,10,YIELD,NO CONTROLS,CLEAR,DAYLIGHT,PEDALCYCLIST,ONE-WAY,,STRAIGHT AND LEVEL,DRY,NO DEFECTS,ON SCENE,INJURY AND / OR TOW DUE TO CRASH,,,,"OVER $1,500",08/03/2022 08:51:00 AM,IMPROPER OVERTAKING/PASSING,IMPROPER OVERTAKING/PASSING,2901,S,FORT DEARBORN,133,,,,,,,2,NONINCAPACITATING INJURY,1,0,0,1,0,1,0,7,4,8,41.842163376,-87.609391638,POINT (-87.609391638327 41.842163375784)
80887c7b485e21147d10bba125c09c65855df4ffc6f0f513cf21f3ef9e496c16d7bf6f70e46326bddb03ec42b0cdfe9e9987de343c3a69c06ad1f912113704b5,JF343740,,08/04/2022 09:00:00 AM,25,NO CONTROLS,NO CONTROLS,CLEAR,DAYLIGHT,PEDALCYCLIST,ALLEY,,STRAIGHT AND LEVEL,DRY,NO DEFECTS,ON SCENE,NO INJURY / DRIVE AWAY,,,Y,$500 OR LESS,08/04/2022 09:04:00 AM,FAILING TO YIELD RIGHT-OF-WAY,UNABLE TO DETERMINE,1734,E,71ST ST,332,,,,,,,2,NO INDICATION OF INJURY,0,0,0,0,0,3,0,9,5,8,41.766289805,-87.58231129,POINT (-87.582311289947 41.76628980462)
ad562d4e98c74a84db3e7cb2006d6cb5d4fcdb7fb338ef381fd1193f3bcd08962d3a3b42b8fd17b6ce0ba3dd805be758eda559ec0004fd12deb37ecf373c6e7a,JF341740,,08/02/2022 05:00:00 PM,30,NO CONTROLS,NO CONTROLS,CLEAR,DAYLIGHT,PEDALCYCLIST,DIVIDED - W/MEDIAN BARRIER,,STRAIGHT AND LEVEL,DRY,NO DEFECTS,ON SCENE,INJURY AND / OR TOW DUE TO CRASH,,,,"OVER $1,500",08/02/2022 05:15:00 PM,NOT APPLICABLE,NOT APPLICABLE,1756,N,KEDZIE AVE,1421,,,,,,,2,NONINCAPACITATING INJURY,1,0,0,1,0,1,0,17,3,8,41.913569376,-87.706996455,POINT (-87.706996454708 41.913569376417)
1ec444ad979a9611e517a97c3adef8a86abe52c579dfbbd2594cdc3da54a4c58da6a94c5bba9d22485dbf067c135204b5bfc05c92c3c0385742e04305c8ba7c5,JF345712,,08/05/2022 06:40:00 PM,30,OTHER,FUNCTIONING PROPERLY,CLEAR,DAYLIGHT,PEDALCYCLIST,NOT DIVIDED,,STRAIGHT AND LEVEL,DRY,NO DEFECTS,ON SCENE,INJURY AND / OR TOW DUE TO CRASH,,,,"OVER $1,500",08/05/2022 06:40:00 PM,DRIVING SKILLS/KNOWLEDGE/EXPERIENCE,IMPROPER LANE USAGE,1443,N,WELLS ST,1821,,,Y,,,,2,INCAPACITATING INJURY,1,0,1,0,0,1,0,18,6,8,41.908917849,-87.634493441,POINT (-87.634493441419 41.908917849163)
0334768c8c47284e5349608a4471935605af21facf8a989e844d80b4d6281c19d42f499387ff558a4a068d6e30546c743572fce1a22fea9dcf6a89b04f13acdf,JF328210,,07/22/2022 06:15:00 PM,25,STOP SIGN/FLASHER,FUNCTIONING PROPERLY,CLEAR,DAYLIGHT,PEDALCYCLIST,FOUR WAY,,STRAIGHT AND LEVEL,DRY,NO DEFECTS,NOT ON SCENE (DESK REPORT),INJURY AND / OR TOW DUE TO CRASH,Y,,,$500 OR LESS,07/23/2022 08:15:00 AM,FAILING TO YIELD RIGHT-OF-WAY,NOT APPLICABLE,2132,N,OAKLEY AVE,1432,,,,,,,2,"REPORTED, NOT EVIDENT",1,0,0,0,1,1,0,18,6,7,41.920823673,-87.68521119,POINT (-87.6852111896 41.920823672824)
150ed08faf087c6096618704054775677903ab9ed1e6da60791e3700783ac0507e1fab16737060f43ca24256b374700f0e613df9b0345b6f51a4c1ccbb7d24df,JF327482,,07/22/2022 02:20:00 PM,30,STOP SIGN/FLASHER,FUNCTIONING PROPERLY,CLEAR,DAYLIGHT,PEDALCYCLIST,FOUR WAY,,STRAIGHT AND LEVEL,DRY,UNKNOWN,NOT ON SCENE (DESK REPORT),INJURY AND / OR TOW DUE TO CRASH,Y,,,$500 OR LESS,07/22/2022 03:30:00 PM,DISREGARDING STOP SIGN,NOT APPLICABLE,1700,W,HUBBARD ST,1215,,,,,,,2,NONINCAPACITATING INJURY,1,0,0,1,0,1,0,14,6,7,41.889956497,-87.669613217,POINT (-87.66961321738 41.889956497224)
503f4dc638d373556f1920798ac16249b51df54d12b4672eaa4432eb216810a2212ad21932da6260c567ab5314b1c15da3a7a41db409b56859ca581fb9d8000e,JF327495,,07/22/2022 03:40:00 PM,25,NO CONTROLS,NO CONTROLS,CLEAR,DAYLIGHT,PEDALCYCLIST,ONE-WAY,,STRAIGHT AND LEVEL,DRY,NO DEFECTS,ON SCENE,INJURY AND / OR TOW DUE TO CRASH,,,,$500 OR LESS,07/22/2022 03:43:00 PM,UNABLE TO DETERMINE,NOT APPLICABLE,1237,W,FARWELL AVE,2431,,,,,,,2,NONINCAPACITATING INJURY,1,0,0,1,0,1,0,15,6,7,42.00663652,-87.662760364,POINT (-87.662760364469 42.006636520307)
79665bd695e642f8bf511180160b31a5c5aaba8cd0abb3e3e98bc146a7b77f46df801455b8cf4be4efe36bf33b954866fd1245ee7bce81e6ebc102fa1073fb87,JE414406,,10/18/2021 07:50:00 PM,30,STOP SIGN/FLASHER,FUNCTIONING PROPERLY,CLEAR,"DARKNESS, LIGHTED ROAD",PEDALCYCLIST,FOUR WAY,,STRAIGHT AND LEVEL,UNKNOWN,UNKNOWN,ON SCENE,INJURY AND / OR TOW DUE TO CRASH,Y,,N,"OVER $1,500",10/18/2021 07:55:00 PM,FAILING TO YIELD RIGHT-OF-WAY,NOT APPLICABLE,1900,W,CORTLAND ST,1434,N,,,,,,2,NONINCAPACITATING INJURY,1,0,0,1,0,1,0,19,2,10,41.916093427,-87.675214872,POINT (-87.675214871569 41.916093426679)
b6ebd601e3f271195e596e75412d5d84de31191070cc270f9fbef80151ac43023fcb2387f4ad53b607c44f168036f44d7818ddc7148e335a3f2ae963ea303460,JF326940,Y,07/22/2022 07:20:00 AM,30,TRAFFIC SIGNAL,FUNCTIONING PROPERLY,CLEAR,DAYLIGHT,PEDALCYCLIST,FOUR WAY,,STRAIGHT AND LEVEL,DRY,NO DEFECTS,ON SCENE,INJURY AND / OR TOW DUE TO CRASH,Y,,,"OVER $1,500",07/22/2022 08:00:00 AM,FAILING TO YIELD RIGHT-OF-WAY,FAILING TO REDUCE SPEED TO AVOID CRASH,1200,S,LOOMIS ST,1233,,,,,,,2,NONINCAPACITATING INJURY,1,0,0,1,0,1,0,7,6,7,41.866871767,-87.661716333,POINT (-87.661716333322 41.866871766815)
b9e8fe5523ada585828cf3a189d91c38da3aca90c9c6f0e8b3175a80d3af32c34081d9f640249f2bbce2a4ec1819a253f7e3ecbb320a126e0c0206a78e6896e1,JF328116,,07/22/2022 10:30:00 PM,30,NO CONTROLS,NO CONTROLS,CLEAR,"DARKNESS, LIGHTED ROAD",PEDALCYCLIST,NOT DIVIDED,,STRAIGHT AND LEVEL,DRY,NO DEFECTS,ON SCENE,INJURY AND / OR TOW DUE TO CRASH,,,Y,$500 OR LESS,07/23/2022 03:12:00 AM,NOT APPLICABLE,NOT APPLICABLE,4762,W,MONTROSE AVE,1722,,,,,,,2,"REPORTED, NOT EVIDENT",1,0,0,0,1,1,0,22,6,7,41.960832971,-87.747485562,POINT (-87.747485561937 41.960832970784)
ed4ec274cfe8c2392f6e6ab4524882c4e02d0a8ca798f573ba98cccbf3268150350faa5bb5a90980664906f60a273957f2f17de6e364929870db3c22b93d3524,JF327561,,07/22/2022 04:29:00 PM,30,NO CONTROLS,NO CONTROLS,CLEAR,DAYLIGHT,PEDALCYCLIST,NOT DIVIDED,,STRAIGHT AND LEVEL,DRY,NO DEFECTS,ON SCENE,INJURY AND / OR TOW DUE TO CRASH,,,,"OVER $1,500",07/22/2022 04:29:00 PM,UNABLE TO DETERMINE,UNABLE TO DETERMINE,4717,N,SIMONDS DR,1914,,,,,,,2,NONINCAPACITATING INJURY,1,0,0,1,0,2,0,16,6,7,41.968739742,-87.64498471,POINT (-87.644984710199 41.968739742145)
ef9c9b29be5bd3fcc2b93b3e4ac17407bc732aef6ab9137ee2d39a2cde8969508e9d6149f8763649abd2079729ff9eb1b2883bfb1e68cb6d3b515f7199d72e36,JF327366,,07/22/2022 10:20:00 AM,30,TRAFFIC SIGNAL,FUNCTIONING PROPERLY,CLEAR,DAYLIGHT,PEDALCYCLIST,DIVIDED - W/MEDIAN (NOT RAISED),,STRAIGHT AND LEVEL,DRY,NO DEFECTS,NOT ON SCENE (DESK REPORT),NO INJURY / DRIVE AWAY,Y,,,$500 OR LESS,07/22/2022 01:50:00 PM,FAILING TO YIELD RIGHT-OF-WAY,NOT APPLICABLE,1200,S,MICHIGAN AVE,131,,,,,,,2,NO INDICATION OF INJURY,0,0,0,0,0,2,0,10,6,7,41.867377773,-87.624283016,POINT (-87.624283015693 41.867377772988)
7c486ec98647fab733a68b9b95ddbe5235244d8a5bcf61d633996f7124902d3102022f3213353e87116ad6a357989aa3c509fbca31874f31fdc52c906513faac,JF268572,,06/05/2022 01:35:00 PM,30,NO CONTROLS,NO CONTROLS,CLEAR,DAYLIGHT,PEDALCYCLIST,OTHER,,STRAIGHT AND LEVEL,DRY,NO DEFECTS,ON SCENE,INJURY AND / OR TOW DUE TO CRASH,,,,"OVER $1,500",06/05/2022 01:39:00 PM,"EVASIVE ACTION DUE TO ANIMAL, OBJECT, NONMOTORIST",NOT APPLICABLE,1732,N,DAMEN AVE,1434,,,,,,,2,INCAPACITATING INJURY,1,0,1,0,0,1,0,13,1,6,41.913295552,-87.677674496,POINT (-87.677674496275 41.913295552454)
62a2ae58cd72f97c2e9f728caed86f46a610f216bfe0716d0588797899049947227dc09c546c7b4d451bc9e9cdddf0e43703ba20dc0cfca5751c8f9487cd6c75,JF346101,,08/05/2022 11:30:00 PM,30,NO CONTROLS,NO CONTROLS,CLEAR,"DARKNESS, LIGHTED ROAD",PEDALCYCLIST,NOT DIVIDED,,STRAIGHT AND LEVEL,DRY,NO DEFECTS,,INJURY AND / OR TOW DUE TO CRASH,,,N,"$501 - $1,500",08/06/2022 12:30:00 AM,FAILING TO YIELD RIGHT-OF-WAY,NOT APPLICABLE,100,W,KINZIE ST,1831,,,,,,,2,NONINCAPACITATING INJURY,1,0,0,1,0,1,0,23,6,8,41.889321686,-87.631132985,POINT (-87.631132985275 41.88932168585)
bff34817e0b38023b9e5834e48601f36a614283b71607984eb19d573df6017dfbc0cd87d7888d2388985c93e1a812e98a2fcc0d34f3f8e97cb29750bc474b468,JF345863,Y,08/05/2022 08:27:00 PM,30,TRAFFIC SIGNAL,FUNCTIONING PROPERLY,CLEAR,DUSK,PEDALCYCLIST,NOT DIVIDED,,STRAIGHT AND LEVEL,DRY,NO DEFECTS,ON SCENE,INJURY AND / OR TOW DUE TO CRASH,N,,,"$501 - $1,500",08/05/2022 08:55:00 PM,IMPROPER LANE USAGE,NOT APPLICABLE,2800,N,CLARK ST,1934,,,,,,,2,NONINCAPACITATING INJURY,1,0,0,1,0,1,0,20,6,8,41.9328287,-87.645080351,POINT (-87.645080351015 41.932828699843)
12d0cb1fdd3cc293db209489f00b144c0813b9a5dc96745919bd06192ee0cb5e4f9b6829e4ff6f8e493b7d640ca323f3a5728196994b23ff46e0c206180bc3d8,JF346785,,08/06/2022 03:03:00 PM,30,NO CONTROLS,NO CONTROLS,CLEAR,DAYLIGHT,PEDALCYCLIST,ONE-WAY,,STRAIGHT AND LEVEL,DRY,NO DEFECTS,ON SCENE,NO INJURY / DRIVE AWAY,,,Y,$500 OR LESS,08/06/2022 03:41:00 PM,IMPROPER OVERTAKING/PASSING,UNABLE TO DETERMINE,127,E,OHIO ST,1834,,,,,,,2,NO INDICATION OF INJURY,0,0,0,0,0,2,0,15,7,8,41.892445015,-87.624238026,POINT (-87.624238026414 41.892445014605)
f0dbf5dee0c0c361cd504a69a9fcc29244fe3e73777384c7327a4bc17f4de0db12b20fe89587298dc68dba51c095b085206de489965c06fc2bbde41320933e87,JF347274,,08/07/2022 12:40:00 AM,30,TRAFFIC SIGNAL,FUNCTIONING PROPERLY,CLEAR,"DARKNESS, LIGHTED ROAD",PEDALCYCLIST,NOT DIVIDED,,STRAIGHT AND LEVEL,DRY,NO DEFECTS,NOT ON SCENE (DESK REPORT),NO INJURY / DRIVE AWAY,Y,,,$500 OR LESS,08/07/2022 12:40:00 AM,UNABLE TO DETERMINE,UNABLE TO DETERMINE,5200,N,BROADWAY,2013,,,,,,,2,NO INDICATION OF INJURY,0,0,0,0,0,3,0,0,1,8,41.976412143,-87.660015082,POINT (-87.660015082054 41.976412142948)
595128adfabe2253d307811f0036085c47cbb74c9acf09bf7c06034aa9442c9108256ea83db95b944515def9f11a2f8ceb93b06c0ece89436f34d69beeaabeb5,JF346929,,08/06/2022 05:10:00 PM,20,STOP SIGN/FLASHER,FUNCTIONING PROPERLY,CLEAR,DAYLIGHT,PEDALCYCLIST,FOUR WAY,,STRAIGHT AND LEVEL,DRY,UNKNOWN,ON SCENE,INJURY AND / OR TOW DUE TO CRASH,,,,$500 OR LESS,08/06/2022 05:14:00 PM,DISREGARDING STOP SIGN,NOT APPLICABLE,3036,W,IRVING PARK RD,1724,,,,,,,2,"REPORTED, NOT EVIDENT",1,0,0,0,1,1,0,17,7,8,41.954050542,-87.704650551,POINT (-87.70465055056 41.954050542213)
7c080ed42a8671e8628b7d8909fedabbbba0daeafd25d91f0ea2518e69b119b274ce83f810dddb91c8a34391a2886b67674488b0ccac9df60764b022f07e93e8,JE375515,,09/16/2021 08:45:00 AM,30,TRAFFIC SIGNAL,FUNCTIONING PROPERLY,CLEAR,DAYLIGHT,PEDALCYCLIST,FOUR WAY,,STRAIGHT AND LEVEL,DRY,NO DEFECTS,NOT ON SCENE (DESK REPORT),NO INJURY / DRIVE AWAY,Y,,,"OVER $1,500",09/16/2021 09:45:00 AM,DISREGARDING TRAFFIC SIGNALS,UNABLE TO DETERMINE,6300,S,COTTAGE GROVE AVE,312,,,N,,,,2,NO INDICATION OF INJURY,0,0,0,0,0,2,0,8,5,9,41.78031747,-87.606074558,POINT (-87.606074558366 41.78031747049)
05656bdcd305bdf46abd8a7714bea6738d7a3bdf6554bdc01f5436ff14017605370f565a1c88a13dac3ea058604372dd79503ef2c7ef7a9c8c05d7352257f000,JF328009,,07/23/2022 12:40:00 AM,35,TRAFFIC SIGNAL,FUNCTIONING PROPERLY,CLEAR,"DARKNESS, LIGHTED ROAD",PEDALCYCLIST,NOT DIVIDED,,STRAIGHT AND LEVEL,DRY,NO DEFECTS,ON SCENE,INJURY AND / OR TOW DUE TO CRASH,Y,,,"OVER $1,500",07/23/2022 12:41:00 AM,UNABLE TO DETERMINE,UNABLE TO DETERMINE,4950,S,ARCHER AVE,821,,,N,,,,2,NONINCAPACITATING INJURY,1,0,0,1,0,1,0,0,7,7,41.803359042,-87.721960467,POINT (-87.721960467487 41.803359042331)
2c1a7c926a5c0d1de6eee8e0c1489143958bdc59af649d27b8ad66f2ebe2f79276435c18fbfa9d53d5868d5efbf9b02ac9fe67d618a73c1eb9c3cb566413bd3f,JF329053,,07/23/2022 10:39:00 PM,30,STOP SIGN/FLASHER,OTHER,CLEAR,"DARKNESS, LIGHTED ROAD",PEDALCYCLIST,DIVIDED - W/MEDIAN (NOT RAISED),,STRAIGHT AND LEVEL,DRY,NO DEFECTS,ON SCENE,INJURY AND / OR TOW DUE TO CRASH,,,,"OVER $1,500",07/23/2022 10:46:00 PM,UNABLE TO DETERMINE,UNABLE TO DETERMINE,2502,W,DEVON AVE,2412,,Y,Y,,,,2,INCAPACITATING INJURY,1,0,1,0,0,1,0,22,7,7,41.997795145,-87.692473072,POINT (-87.692473071895 41.997795145437)
adea6b2c45d0bd79368437c5f06afafcae540faf106adfb56604d97afdc2fed00ce94978d0bf68d73e4061077f29cda86ff5116006d747e66a8397cdf7675d8f,JF332528,,07/23/2022 06:00:00 PM,30,NO CONTROLS,NO CONTROLS,CLEAR,DAYLIGHT,PEDALCYCLIST,NOT DIVIDED,,STRAIGHT AND LEVEL,DRY,NO DEFECTS,NOT ON SCENE (DESK REPORT),NO INJURY / DRIVE AWAY,,,,$500 OR LESS,07/26/2022 05:00:00 PM,UNABLE TO DETERMINE,UNABLE TO DETERMINE,1840,W,HUBBARD ST,1221,,,,,,,2,NO INDICATION OF INJURY,0,0,0,0,0,1,0,18,7,7,41.889887261,-87.673629181,POINT (-87.673629181267 41.889887261354)
7926111ab2ec20ea275c9e6942e3086aec9c42b38c74d42c3ddc4be84682471db15aaf736ea2dd42608ae0fea9bb52b436eefac12602eb6430b08e62985300cb,JF310292,,07/08/2022 04:14:00 PM,30,TRAFFIC SIGNAL,FUNCTIONING PROPERLY,CLOUDY/OVERCAST,DAYLIGHT,PEDALCYCLIST,DIVIDED - W/MEDIAN (NOT RAISED),,STRAIGHT AND LEVEL,DRY,NO DEFECTS,ON SCENE,INJURY AND / OR TOW DUE TO CRASH,,,Y,$500 OR LESS,07/08/2022 04:25:00 PM,UNABLE TO DETERMINE,UNABLE TO DETERMINE,2400,W,MONTROSE AVE,1911,,,,,,,2,NONINCAPACITATING INJURY,1,0,0,1,0,1,0,16,6,7,41.961421726,-87.68874698,POINT (-87.688746979839 41.961421726406)
2928ba9a5a9d6f55cbacf29039d38de9d7d871aa4361ed6598e087cd377cdc5730b9d54c5b407973dc045d4d797d994e5e4e808703d5a62a2968500ee46ca236,JF339316,,07/31/2022 04:30:00 PM,30,NO CONTROLS,NO CONTROLS,CLEAR,DAYLIGHT,PEDALCYCLIST,NOT DIVIDED,,STRAIGHT AND LEVEL,DRY,NO DEFECTS,NOT ON SCENE (DESK REPORT),NO INJURY / DRIVE AWAY,,,Y,"OVER $1,500",07/31/2022 10:50:00 PM,DRIVING SKILLS/KNOWLEDGE/EXPERIENCE,UNABLE TO DETERMINE,2045,W,NORTH AVE,1424,,,Y,,,,2,NO INDICATION OF INJURY,0,0,0,0,0,2,0,16,1,7,41.910341326,-87.679282605,POINT (-87.679282604524 41.910341326273)
5a07d920bb13ad83f0795c0846f9e72b06b03488956b42d9204fb9b65b8019745c671d7c0ecfbed59818b2a57d25325add8596d5ba3641cc2f68b7ae32977cc1,JF343813,Y,08/04/2022 08:45:00 AM,30,NO CONTROLS,NO CONTROLS,CLEAR,DAYLIGHT,PEDALCYCLIST,NOT DIVIDED,,STRAIGHT AND LEVEL,DRY,NO DEFECTS,ON SCENE,INJURY AND / OR TOW DUE TO CRASH,,,,"OVER $1,500",08/04/2022 08:59:00 AM,UNABLE TO DETERMINE,UNABLE TO DETERMINE,2906,N,BROADWAY,1934,,,Y,,,,2,NONINCAPACITATING INJURY,1,0,0,1,0,1,0,8,5,8,41.935097742,-87.644382096,POINT (-87.644382096201 41.935097741581)
3ee28888ce7fe4cced9146c3775fd66328f0454738bcd63a21a16c75e3cd70cde7dc968dc23a47fbf59736f826aa9583d47f6444903dec34ddc57349c880a2e6,JF347760,,08/07/2022 11:59:00 AM,30,NO CONTROLS,NO CONTROLS,RAIN,DAYLIGHT,PEDALCYCLIST,NOT DIVIDED,,STRAIGHT AND LEVEL,UNKNOWN,UNKNOWN,NOT ON SCENE (DESK REPORT),INJURY AND / OR TOW DUE TO CRASH,,,,"$501 - $1,500",08/07/2022 12:48:00 PM,IMPROPER OVERTAKING/PASSING,UNABLE TO DETERMINE,1333,W,BELMONT AVE,1933,,,,,,,2,NONINCAPACITATING INJURY,1,0,0,1,0,2,0,11,1,8,41.939675645,-87.662534814,POINT (-87.662534814263 41.939675644909)
4c2d928704cb68d16dfb0184b0b5c120739688f1d0f2f4ad4d3f018cca9c6c9bf650f2a6710e1741d781647a52d67e9cf5f39f85c1f9ded7374faeb86672f89a,JF329746,,07/24/2022 01:34:00 PM,20,STOP SIGN/FLASHER,FUNCTIONING PROPERLY,CLEAR,DAYLIGHT,PEDALCYCLIST,FOUR WAY,,STRAIGHT AND LEVEL,DRY,NO DEFECTS,ON SCENE,INJURY AND / OR TOW DUE TO CRASH,Y,,,"OVER $1,500",07/24/2022 01:43:00 PM,FAILING TO YIELD RIGHT-OF-WAY,UNABLE TO DETERMINE,200,S,OAKLEY BLVD,1225,,,Y,,,,2,NONINCAPACITATING INJURY,1,0,0,1,0,2,0,13,1,7,41.878569373,-87.684046392,POINT (-87.68404639181 41.878569373464)
7b1f0be9f62ae32fa7732221254557ff0c946a91505520cf5bfa8a6d4b71e95f3b0764a26309e61849bd4fe7f3efe5a12b1305c9bdf43bf2b0dcfbb070ed57c7,JE392963,,09/30/2021 03:08:00 PM,25,NO CONTROLS,NO CONTROLS,CLEAR,DAYLIGHT,PEDALCYCLIST,NOT DIVIDED,,STRAIGHT AND LEVEL,DRY,UNKNOWN,ON SCENE,INJURY AND / OR TOW DUE TO CRASH,,,,"OVER $1,500",09/30/2021 03:09:00 PM,UNABLE TO DETERMINE,UNABLE TO DETERMINE,530,W,FULLERTON PKWY,1935,,,,,,,2,NONINCAPACITATING INJURY,1,0,0,1,0,2,0,15,5,9,41.925662846,-87.642554811,POINT (-87.642554811285 41.925662846494)