CRASH_RECORD_ID,RD_NO,CRASH_DATE_EST_I,CRASH_DATE,POSTED_SPEED_LIMIT,TRAFFIC_CONTROL_DEVICE,DEVICE_CONDITION,WEATHER_CONDITION,LIGHTING_CONDITION,FIRST_CRASH_TYPE,TRAFFICWAY_TYPE,LANE_CNT,ALIGNMENT,ROADWAY_SURFACE_COND,ROAD_DEFECT,REPORT_TYPE,CRASH_TYPE,INTERSECTION_RELATED_I,NOT_RIGHT_OF_WAY_I,HIT_AND_RUN_I,DAMAGE,DATE_POLICE_NOTIFIED,PRIM_CONTRIBUTORY_CAUSE,SEC_CONTRIBUTORY_CAUSE,STREET_NO,STREET_DIRECTION,STREET_NAME,BEAT_OF_OCCURRENCE,PHOTOS_TAKEN_I,STATEMENTS_TAKEN_I,DOORING_I,WORK_ZONE_I,WORK_ZONE_TYPE,WORKERS_PRESENT_I,NUM_UNITS,MOST_SEVERE_INJURY,INJURIES_TOTAL,INJURIES_FATAL,INJURIES_INCAPACITATING,INJURIES_NON_INCAPACITATING,INJURIES_REPORTED_NOT_EVIDENT,INJURIES_NO_INDICATION,INJURIES_UNKNOWN,CRASH_HOUR,CRASH_DAY_OF_WEEK,CRASH_MONTH,LATITUDE,LONGITUDE,LOCATION
7bf443b1e29c0675104dd3b85944a45ab0506c85479d46feffa2c8fdadc056157318e191e83c46ebc14a603a0086ab1cb09765e6eeff3f4bc106bce8a6307e59,JE366867,,09/09/2021 07:25:00 AM,30,NO CONTROLS,NO CONTROLS,CLEAR,DAYLIGHT,PEDALCYCLIST,NOT DIVIDED,,STRAIGHT AND LEVEL,DRY,NO DEFECTS,ON SCENE,NO INJURY / DRIVE AWAY,,,,$500 OR LESS,09/09/2021 07:27:00 AM,UNABLE TO DETERMINE,UNABLE TO DETERMINE,2467,W,MONTROSE AVE,1911,,,,,,,2,NO INDICATION OF INJURY,0,0,0,0,0,3,0,7,5,9,41.961185205,-87.691250152,POINT (-87.691250151874 41.96118520509)
b0c883d62cd0b401ea5402eaed40f1b1289b07684aab85256d657952e6202434d0f9ee92f98815e8fded2c8611bf0626da840343477aeba697a3ffc296ded7cc,JF329561,,07/24/2022 10:45:00 AM,30,TRAFFIC SIGNAL,FUNCTIONING PROPERLY,CLEAR,DAYLIGHT,PEDALCYCLIST,T-INTERSECTION,,STRAIGHT AND LEVEL,DRY,NO DEFECTS,,INJURY AND / OR TOW DUE TO CRASH,Y,,,$500 OR LESS,07/24/2022 10:50:00 AM,FAILING TO YIELD RIGHT-OF-WAY,FAILING TO YIELD RIGHT-OF-WAY,1701,E,56TH ST,331,,,,,,,2,NONINCAPACITATING INJURY,1,0,0,1,0,1,0,10,1,7,41.79331034,-87.583834037,POINT (-87.583834037228 41.793310340068)
ea37b99324c730dc1077cea678268f267108f7836ee94dcd90cafa0a9b4e35dabfbd8f8af706646a7d49ee9ff86acca45117415922b64649ee52b63333fd0ddb,JF329991,,07/24/2022 06:17:00 PM,30,TRAFFIC SIGNAL,FUNCTIONING PROPERLY,CLEAR,DAYLIGHT,PEDALCYCLIST,FOUR WAY,,STRAIGHT AND LEVEL,DRY,NO DEFECTS,ON SCENE,INJURY AND / OR TOW DUE TO CRASH,Y,,Y,$500 OR LESS,07/24/2022 06:17:00 PM,UNABLE TO DETERMINE,UNABLE TO DETERMINE,2203,N,DAMEN AVE,1432,,,,,,,2,NONINCAPACITATING INJURY,1,0,0,1,0,1,0,18,1,7,41.921487292,-87.67760801,POINT (-87.677608010067 41.921487292006)
7ba5934f3124e88e4cb83d0be0f74f3ae64875e3113a4e43f7102994b2af76f0a787107d3e9054cc76f94641d0efed560e5562f57076623428d3d14ac3b6194d,JE392003,,09/29/2021 05:00:00 PM,30,NO CONTROLS,NO CONTROLS,CLEAR,DAYLIGHT,PEDALCYCLIST,ONE-WAY,,STRAIGHT AND LEVEL,DRY,NO DEFECTS,NOT ON SCENE (DESK REPORT),NO INJURY / DRIVE AWAY,,,Y,$500 OR LESS,09/29/2021 05:45:00 PM,FOLLOWING TOO CLOSELY,UNABLE TO DETERMINE,1208,S,SPRINGFIELD AVE,1011,,,,,,,2,NO INDICATION OF INJURY,0,0,0,0,0,2,0,17,4,9,41.865876485,-87.722870943,POINT (-87.722870943467 41.865876484507)
302936071b3e339b44efecebb3d48a83eb1fbee9cf4e588cdca918f78bbbdeedd10538e3b6c5d0366d26d937bf94823183a1ffe097d597d969cab0d6a034ec61,JF344697,,08/05/2022 01:25:00 AM,30,NO CONTROLS,NO CONTROLS,CLEAR,"DARKNESS, LIGHTED ROAD",PEDALCYCLIST,ONE-WAY,,STRAIGHT AND LEVEL,DRY,NO DEFECTS,ON SCENE,INJURY AND / OR TOW DUE TO CRASH,,,Y,"OVER $1,500",08/05/2022 01:25:00 AM,FAILING TO YIELD RIGHT-OF-WAY,FAILING TO REDUCE SPEED TO AVOID CRASH,2532,W,68TH ST,832,,,,,,,5,INCAPACITATING INJURY,2,0,2,0,0,4,0,1,6,8,41.770207467,-87.68712783,POINT (-87.687127830212 41.770207467497)
73c7c72402a0325ee3217b85b97f1cd880dce1e273294e11b43bc2b8b5ceda20f285a8175ef46147d276e5fe82f40a76f6d6cceb119e083f1ce2cf1b1e489935,JF349389,,08/08/2022 04:35:00 PM,30,TRAFFIC SIGNAL,NO CONTROLS,RAIN,DAYLIGHT,PEDALCYCLIST,NOT DIVIDED,,STRAIGHT AND LEVEL,WET,NO DEFECTS,NOT ON SCENE (DESK REPORT),NO INJURY / DRIVE AWAY,Y,,Y,"OVER $1,500",08/08/2022 05:10:00 PM,DISREGARDING TRAFFIC SIGNALS,NOT APPLICABLE,1600,W,TOUHY AVE,2423,,,,,,,2,NO INDICATION OF INJURY,0,0,0,0,0,2,0,16,2,8,42.012821129,-87.670311475,POINT (-87.670311474895 42.012821129153)
79cbb7a355c22cfeef9773559a31256ebcb6c1b24db63ba18647609b102198eeb2be061438babac5e0627abdd333998ebde97cf809f0a52f1127cc3e49fc4ea9,JF318331,,07/14/2022 04:19:00 PM,30,TRAFFIC SIGNAL,FUNCTIONING PROPERLY,CLEAR,DAYLIGHT,PEDALCYCLIST,NOT DIVIDED,,STRAIGHT AND LEVEL,DRY,NO DEFECTS,NOT ON SCENE (DESK REPORT),INJURY AND / OR TOW DUE TO CRASH,Y,,,"OVER $1,500",07/15/2022 10:37:00 AM,UNABLE TO DETERMINE,UNABLE TO DETERMINE,2001,N,ELSTON AVE,1432,,,,,,,2,"REPORTED, NOT EVIDENT",1,0,0,0,1,1,0,16,5,7,41.917996087,-87.667403345,POINT (-87.667403344885 41.9179960869)
491f5f56632e85d7ee9de44f89f66a7621be0908c467d088e6b59561e63fd4087df1ba405eded38c1b5162c0a9b6215b86fe52f192685c565be473e6741c0e63,JF331311,,07/25/2022 06:10:00 PM,30,NO CONTROLS,NO CONTROLS,CLEAR,DAYLIGHT,PEDALCYCLIST,NOT DIVIDED,,STRAIGHT AND LEVEL,DRY,NO DEFECTS,ON SCENE,INJURY AND / OR TOW DUE TO CRASH,,,,"OVER $1,500",07/25/2022 06:17:00 PM,IMPROPER TURNING/NO SIGNAL,NOT APPLICABLE,941,S,RACINE AVE,1232,,,,,,,2,INCAPACITATING INJURY,1,0,1,0,0,1,0,18,2,7,41.869460591,-87.656609291,POINT (-87.656609290643 41.869460590566)
9694f7e0d9d99e0a1ceff4de60e1c9b8024d1ee1f9ff6a335ded3a8317725ac3ca0bb5a652263531c0b4588b5f688d527f0f6bb0b8cf4e4f4a802c9d4143cfb4,JF331133,,07/25/2022 03:21:00 PM,30,NO CONTROLS,NO CONTROLS,CLEAR,DAYLIGHT,PEDALCYCLIST,DIVIDED - W/MEDIAN (NOT RAISED),,STRAIGHT AND LEVEL,DRY,NO DEFECTS,NOT ON SCENE (DESK REPORT),INJURY AND / OR TOW DUE TO CRASH,,,,$500 OR LESS,07/25/2022 03:21:00 PM,FAILING TO YIELD RIGHT-OF-WAY,DRIVING SKILLS/KNOWLEDGE/EXPERIENCE,568,W,ROOSEVELT RD,124,,,,,,,2,"REPORTED, NOT EVIDENT",1,0,0,0,1,2,0,15,2,7,41.867331771,-87.642029466,POINT (-87.642029466347 41.867331770852)
d3e3c28c330b7173d6f8bd142739445c691d902ff0c9d656722c5ea3c80297989c2ab109cf662af10ecd7962811e9b3e31a117017e44ab0f64d6692b2a2a2933,JF331660,Y,07/25/2022 10:40:00 PM,30,UNKNOWN,UNKNOWN,CLEAR,"DARKNESS, LIGHTED ROAD",PEDALCYCLIST,UNKNOWN,,STRAIGHT AND LEVEL,UNKNOWN,UNKNOWN,ON SCENE,INJURY AND / OR TOW DUE TO CRASH,,,Y,"OVER $1,500",07/26/2022 12:10:00 AM,UNABLE TO DETERMINE,UNABLE TO DETERMINE,6900,S,MICHIGAN AVE,322,,,,,,,2,INCAPACITATING INJURY,1,0,1,0,0,1,0,22,2,7,41.769123132,-87.621934807,POINT (-87.621934807244 41.769123131913)
dc08cfb28c6028b66222571ae217c18ef5d8a15d91d1bccb7dbe1f096a9eaf526b8721ff9ca003d8a95f86a56feb558b6e91e7e0e570f78fec656c83e0aeb09c,JF336578,,07/25/2022 09:00:00 PM,30,TRAFFIC SIGNAL,UNKNOWN,UNKNOWN,UNKNOWN,PEDALCYCLIST,FOUR WAY,,STRAIGHT AND LEVEL,UNKNOWN,UNKNOWN,NOT ON SCENE (DESK REPORT),NO INJURY / DRIVE AWAY,,,,"OVER $1,500",07/29/2022 06:45:00 PM,UNABLE TO DETERMINE,NOT APPLICABLE,3755,W,ARMITAGE AVE,2535,,,,,,,2,NO INDICATION OF INJURY,0,0,0,0,0,2,0,21,2,7,41.917117394,-87.721445018,POINT (-87.721445018272 41.917117394017)
4ee5c099e2a944f7b24443c413ab215bf500c0d49c55216a6bb5af510058b2926b6c6819c85583fff9dafb901174c8867888e028577367c87f59efc878dfd32d,JF350642,,08/09/2022 04:52:00 PM,30,STOP SIGN/FLASHER,FUNCTIONING PROPERLY,CLEAR,DAYLIGHT,PEDALCYCLIST,FOUR WAY,,STRAIGHT AND LEVEL,DRY,NO DEFECTS,ON SCENE,INJURY AND / OR TOW DUE TO CRASH,Y,,,$500 OR LESS,08/09/2022 05:03:00 PM,UNABLE TO DETERMINE,UNABLE TO DETERMINE,5900,S,DORCHESTER AVE,235,,,,,,,2,NONINCAPACITATING INJURY,1,0,0,1,0,1,0,16,3,8,41.787824254,-87.591662368,POINT (-87.591662367605 41.787824254338)
4b46a5a5a1ef48435bd781ac8456d6e97bdb538e15bc28bebe184b2690ea37a5d73db7ea77c8e6f528f3cace73d22b2f5d5ab25cca21421d1d8cb14f08623f24,JF346771,,08/06/2022 02:05:00 PM,30,NO CONTROLS,NO CONTROLS,CLEAR,DAYLIGHT,PEDALCYCLIST,NOT DIVIDED,,STRAIGHT AND LEVEL,DRY,NO DEFECTS,ON SCENE,INJURY AND / OR TOW DUE TO CRASH,,,,$500 OR LESS,08/06/2022 03:34:00 PM,DRIVING SKILLS/KNOWLEDGE/EXPERIENCE,UNABLE TO DETERMINE,1539,N,DAMEN AVE,1424,,,,,,,2,NONINCAPACITATING INJURY,1,0,0,1,0,1,0,14,7,8,41.909431231,-87.677289452,POINT (-87.677289452382 41.909431231176)
83084b56cec9ee50f12325f60380495ecb7fcba44b46e053ee47ee7bf9b7173ed9cae543cc321e20dc924a2a9584d8b841a2c872ffef62bb0b61a9a5a9c85cb7,JF350896,,08/09/2022 08:25:00 PM,25,STOP SIGN/FLASHER,FUNCTIONING PROPERLY,CLEAR,"DARKNESS, LIGHTED ROAD",PEDALCYCLIST,ONE-WAY,,STRAIGHT AND LEVEL,DRY,NO DEFECTS,ON SCENE,INJURY AND / OR TOW DUE TO CRASH,,,,"$501 - $1,500",08/09/2022 08:46:00 PM,DRIVING ON WRONG SIDE/WRONG WAY,NOT APPLICABLE,3800,W,58TH ST,822,,,N,,,,2,NONINCAPACITATING INJURY,1,0,0,1,0,1,0,20,3,8,41.787942346,-87.718232316,POINT (-87.718232315537 41.787942345943)
7711af07c1fb8613db3524632d4e7804eff0bb0ff473f5a8702e2a6f4a585ded4cd926945ccc0d2f5fd381fbdeb9dc7204f9f8c24392d8ec12c72aa479292a46,JF350541,,08/09/2022 03:41:00 PM,30,TRAFFIC SIGNAL,FUNCTIONING PROPERLY,CLEAR,DAYLIGHT,PEDALCYCLIST,FOUR WAY,,STRAIGHT AND LEVEL,DRY,NO DEFECTS,ON SCENE,NO INJURY / DRIVE AWAY,Y,,,$500 OR LESS,08/09/2022 04:01:00 PM,UNABLE TO DETERMINE,UNABLE TO DETERMINE,5150,W,CHICAGO AVE,1531,,,,,,,2,NO INDICATION OF INJURY,0,0,0,0,0,2,0,15,3,8,41.895053731,-87.755225291,POINT (-87.755225290757 41.895053730813)
7fd3b8a91cb016908ab49ea7a5e98d25563ccd47e72169bcce7562bf5a3f470434b53d397e710d520ace2b82253512ce04939c48b2b0f28a29f21789fec58c7e,JF350438,,08/09/2022 02:37:00 PM,20,STOP SIGN/FLASHER,FUNCTIONING PROPERLY,CLEAR,DAYLIGHT,PEDALCYCLIST,NOT DIVIDED,,STRAIGHT AND LEVEL,DRY,NO DEFECTS,ON SCENE,INJURY AND / OR TOW DUE TO CRASH,Y,,,"$501 - $1,500",08/09/2022 02:47:00 PM,FAILING TO YIELD RIGHT-OF-WAY,UNABLE TO DETERMINE,6301,N,RIDGEWAY AVE,1711,,,,,,,2,NONINCAPACITATING INJURY,1,0,0,1,0,1,0,14,3,8,41.995583426,-87.722574108,POINT (-87.722574107786 41.995583425768)
a3694ab6048715c7d716d0a280f69950b2fccd023c4e044fc35f655537f2ce37782809094228a81b60006596c2856f99da0e3d956dbce40e46edf85f889cb265,JF350827,,08/09/2022 07:03:00 PM,30,NO CONTROLS,NO CONTROLS,CLEAR,DUSK,PEDALCYCLIST,UNKNOWN INTERSECTION TYPE,,STRAIGHT AND LEVEL,DRY,NO DEFECTS,ON SCENE,INJURY AND / OR TOW DUE TO CRASH,Y,,,$500 OR LESS,08/09/2022 07:06:00 PM,"VISION OBSCURED (SIGNS, TREE LIMBS, BUILDINGS, ETC.)",NOT APPLICABLE,8100,S,ADA ST,613,,,,,,,2,"REPORTED, NOT EVIDENT",1,0,0,0,1,1,0,19,3,8,41.746710362,-87.65742424,POINT (-87.657424239974 41.746710362028)
07a7ca67355fcf652473d4767602953c88f42b6cdc51a192a0fc2bbd1bd8fe3c50a3fe86d3528fb334414faddf8d963d9dd2237f705abeab6fa6d20a0bf97213,JF332678,,07/26/2022 06:00:00 PM,30,NO CONTROLS,NO CONTROLS,CLEAR,DAYLIGHT,PEDALCYCLIST,DIVIDED - W/MEDIAN (NOT RAISED),,STRAIGHT AND LEVEL,DRY,NO DEFECTS,ON SCENE,INJURY AND / OR TOW DUE TO CRASH,,,,"OVER $1,500",07/26/2022 06:15:00 PM,UNABLE TO DETERMINE,UNABLE TO DETERMINE,2926,N,CLYBOURN AVE,1931,,,,,,,2,NONINCAPACITATING INJURY,1,0,0,1,0,1,0,18,3,7,41.934358405,-87.681211076,POINT (-87.681211076161 41.934358405274)
15d0ff9c237649c2ef5558e78ce179bbfcd736bb3f65d7d668f1859625e2f7bd6975b0796a1ffc530af3ff199c8c9556c10a050d61ddffc03c17e6dd9972eeb6,JF332485,,07/26/2022 04:08:00 PM,25,NO CONTROLS,NO CONTROLS,CLEAR,DAYLIGHT,PEDALCYCLIST,NOT DIVIDED,,STRAIGHT AND LEVEL,DRY,UNKNOWN,ON SCENE,INJURY AND / OR TOW DUE TO CRASH,,,,"$501 - $1,500",07/26/2022 04:08:00 PM,FAILING TO YIELD RIGHT-OF-WAY,NOT APPLICABLE,3528,N,DAMEN AVE,1921,,,,,,,2,NONINCAPACITATING INJURY,1,0,0,1,0,3,0,16,3,7,41.945981547,-87.678676007,POINT (-87.678676007261 41.945981546971)
271d28f3a6b22c353090128672a7a3084ba09aaeb361fdcabdab839c1556899afb93daf4dbfb4bfa88e3efd6ed4d7e1fe7d3101297b43d2db5f930876a1ec803,JF333248,,07/26/2022 05:05:00 PM,30,NO CONTROLS,NO CONTROLS,CLEAR,DAYLIGHT,PEDALCYCLIST,NOT DIVIDED,,STRAIGHT AND LEVEL,DRY,NO DEFECTS,NOT ON SCENE (DESK REPORT),INJURY AND / OR TOW DUE TO CRASH,,,,$500 OR LESS,07/27/2022 09:00:00 AM,UNABLE TO DETERMINE,NOT APPLICABLE,2358,N,DAMEN AVE,1432,,,Y,,,,2,NONINCAPACITATING INJURY,1,0,0,1,0,1,0,17,3,7,41.924513104,-87.67801595,POINT (-87.678015949604 41.924513104195)
567b0c9704390b82d64bdddef953a8f3ad465590d182575ab4d52166f4e04687fe5591385e5f25c9efaad6f15a106e9d918cc3db4fa0b5fa15bac57e64923877,JF332309,,07/26/2022 02:07:00 PM,25,NO CONTROLS,NO CONTROLS,CLEAR,DAYLIGHT,PEDALCYCLIST,ONE-WAY,,STRAIGHT AND LEVEL,DRY,NO DEFECTS,ON SCENE,NO INJURY / DRIVE AWAY,,,,$500 OR LESS,07/26/2022 02:08:00 PM,UNABLE TO DETERMINE,NOT APPLICABLE,7058,S,WINCHESTER AVE,735,,,,,,,2,NO INDICATION OF INJURY,0,0,0,0,0,2,0,14,3,7,41.76490794,-87.672468054,POINT (-87.672468053903 41.764907939777)
94545c773c932856e3847f1d16d5457380d00d415a26b0814e303b7b59403dd1c163902bdbb3f4d45f0bddfb8f9f47b94e1b02bdd6d4457a3a348e88528506e4,JF332375,,07/26/2022 02:55:00 PM,30,TRAFFIC SIGNAL,FUNCTIONING PROPERLY,CLEAR,DAYLIGHT,PEDALCYCLIST,FOUR WAY,,STRAIGHT AND LEVEL,DRY,UNKNOWN,ON SCENE,INJURY AND / OR TOW DUE TO CRASH,,,,"OVER $1,500",07/26/2022 02:59:00 PM,DISREGARDING TRAFFIC SIGNALS,FAILING TO REDUCE SPEED TO AVOID CRASH,5600,W,55TH ST,811,,,,,,,2,NONINCAPACITATING INJURY,1,0,0,1,0,1,0,14,3,7,41.792844313,-87.762366679,POINT (-87.76236667864 41.792844313458)
a01be3f4e02d10117b4e1416e1e21b4e8ceaf3272cd7f2773a92017c6f40be99faa41ff2bdea623f5bfbacf0f0ca05e06fafcaa05fc561e76d1efd1b9dafd0bf,JF331812,,07/26/2022 07:30:00 AM,30,TRAFFIC SIGNAL,FUNCTIONING PROPERLY,CLEAR,DAYLIGHT,PEDALCYCLIST,DIVIDED - W/MEDIAN BARRIER,,STRAIGHT AND LEVEL,DRY,NO DEFECTS,ON SCENE,INJURY AND / OR TOW DUE TO CRASH,Y,,,"OVER $1,500",07/26/2022 07:31:00 AM,FAILING TO REDUCE SPEED TO AVOID CRASH,NOT APPLICABLE,8259,S,WESTERN AVE,614,,,,,,,2,NONINCAPACITATING INJURY,1,0,0,1,0,1,0,7,3,7,41.742891463,-87.682533517,POINT (-87.682533516637 41.742891462699)
a76ab7b524dd47d4a98909c01728498d5fa073f484a5298b91be3a8c80a7b69fd6eb53870261efc03d1fc83ba3ee3e8bee129194733d64dc69c1b91937a60943,JF331737,,07/26/2022 04:44:00 AM,30,TRAFFIC SIGNAL,FUNCTIONING PROPERLY,CLEAR,"DARKNESS, LIGHTED ROAD",PEDALCYCLIST,FOUR WAY,,STRAIGHT AND LEVEL,DRY,NO DEFECTS,ON SCENE,INJURY AND / OR TOW DUE TO CRASH,Y,,,"OVER $1,500",07/26/2022 04:45:00 AM,UNABLE TO DETERMINE,NOT APPLICABLE,2000,N,KEDZIE AVE,1413,,,,,,,2,NONINCAPACITATING INJURY,1,0,0,1,0,1,0,4,3,7,41.917446172,-87.707116072,POINT (-87.707116071878 41.917446171917)
a8a89da8c59bf78e5b0ad64842892e6379b791ca63a0110a0bb4b0fe1214413a54af64297b4db6168535631754b80aaf47570ff7223c98e2b74b8d6bd963daf8,JF332941,,07/26/2022 09:40:00 PM,30,NO CONTROLS,NO CONTROLS,CLEAR,"DARKNESS, LIGHTED ROAD",PEDALCYCLIST,DIVIDED - W/MEDIAN (NOT RAISED),,STRAIGHT AND LEVEL,DRY,NO DEFECTS,NOT ON SCENE (DESK REPORT),INJURY AND / OR TOW DUE TO CRASH,,,,$500 OR LESS,07/26/2022 10:45:00 PM,FAILING TO YIELD RIGHT-OF-WAY,UNABLE TO DETERMINE,2856,W,FULLERTON AVE,1414,,,,,,,2,NONINCAPACITATING INJURY,1,0,0,1,0,2,0,21,3,7,41.924896685,-87.699720244,POINT (-87.699720244324 41.924896685286)
b47aafea166d09aa36436db881694d3d03bf18c883f90c539e3ff10a695370370c9a71d078a5b35585f6874c99524cb321fe6a408a163e0c7769b7e005f428c0,JF332410,N,07/26/2022 01:40:00 PM,30,UNKNOWN,UNKNOWN,CLEAR,DAYLIGHT,PEDALCYCLIST,DIVIDED - W/MEDIAN (NOT RAISED),,STRAIGHT AND LEVEL,DRY,UNKNOWN,NOT ON SCENE (DESK REPORT),INJURY AND / OR TOW DUE TO CRASH,Y,,,"$501 - $1,500",07/26/2022 02:40:00 PM,IMPROPER TURNING/NO SIGNAL,NOT APPLICABLE,600,S,FINANCIAL PL,123,Y,,,,,,2,NONINCAPACITATING INJURY,1,0,0,1,0,2,0,13,3,7,41.874432863,-87.632764167,POINT (-87.632764166628 41.874432863358)
b664aec92744053a869417ea1212df66042ad82f6f086eb27b7c81a4cedb863808cea9b3be85677428a58600e0baeb1bf8848442b77249f0d536195209193bee,JF332885,,07/26/2022 05:05:00 PM,30,NO CONTROLS,NO CONTROLS,CLEAR,"DARKNESS, LIGHTED ROAD",PEDALCYCLIST,NOT DIVIDED,,STRAIGHT AND LEVEL,DRY,NO DEFECTS,NOT ON SCENE (DESK REPORT),INJURY AND / OR TOW DUE TO CRASH,,,,$500 OR LESS,07/26/2022 09:36:00 PM,"VISION OBSCURED (SIGNS, TREE LIMBS, BUILDINGS, ETC.)",NOT APPLICABLE,2352,N,DAMEN AVE,1432,,,,,,,2,NONINCAPACITATING INJURY,1,0,0,1,0,0,0,17,3,7,41.924342971,-87.678009889,POINT (-87.678009889217 41.924342971015)
cba44317f33da6ce15e5578161489d9942d1a19495a15ab1caade4b1726ef6d79fdc10b0000769ba665bc38badc8c0185f87e01e1d55fd0415b4f594b3846d9d,JF335060,,07/26/2022 03:00:00 PM,30,TRAFFIC SIGNAL,FUNCTIONING PROPERLY,CLEAR,DAYLIGHT,PEDALCYCLIST,NOT DIVIDED,,STRAIGHT AND LEVEL,DRY,NO DEFECTS,NOT ON SCENE (DESK REPORT),NO INJURY / DRIVE AWAY,Y,,,$500 OR LESS,07/28/2022 04:28:00 PM,UNABLE TO DETERMINE,UNABLE TO DETERMINE,30,W,WACKER DR,111,,,,,,,2,NO INDICATION OF INJURY,0,0,0,0,0,2,0,15,3,7,41.887043534,-87.62908682,POINT (-87.629086819795 41.887043533609)
79b74070b2110ed8353385b17c81622ce84b51a6362432d49a7a8567e65aaf104df2119af741d99fafdda0932596f5c5c8543327641aecf56111aa90f198ac05,JF162162,,03/03/2022 03:40:00 PM,30,UNKNOWN,UNKNOWN,CLEAR,DAYLIGHT,PEDALCYCLIST,NOT DIVIDED,,STRAIGHT AND LEVEL,DRY,UNKNOWN,ON SCENE,INJURY AND / OR TOW DUE TO CRASH,,,,"$501 - $1,500",03/03/2022 04:00:00 PM,ROAD ENGINEERING/SURFACE/MARKING DEFECTS,ROAD ENGINEERING/SURFACE/MARKING DEFECTS,1031,W,BELMONT AVE,1933,,,,,,,2,INCAPACITATING INJURY,1,0,1,0,0,1,0,15,5,3,41.939783218,-87.65525818,POINT (-87.655258180121 41.939783217512)
46d11f2a52c6a744fcb82437dbbe95d61ab33baa4f1f606fc401247c180e96d615767badc13a59821a7d941991885f7057853e45a4c58970d0d7bedb375ba0e6,JF350618,,08/09/2022 04:38:00 PM,30,NO CONTROLS,FUNCTIONING PROPERLY,CLEAR,DAYLIGHT,PEDALCYCLIST,NOT DIVIDED,,STRAIGHT AND LEVEL,DRY,NO DEFECTS,ON SCENE,INJURY AND / OR TOW DUE TO CRASH,,,,$500 OR LESS,08/09/2022 04:43:00 PM,FAILING TO YIELD RIGHT-OF-WAY,NOT APPLICABLE,1643,N,DAMEN AVE,1434,,,,,,,2,NONINCAPACITATING INJURY,1,0,0,1,0,1,0,16,3,8,41.911790419,-87.677347479,POINT (-87.677347479138 41.911790419021)
6adeddcfd7ac94c125524c82e5279b8cd448a85c1858029fb6bac6d2f7b324019c64d0724c2ef52221a488ea54f71e2463bc39513390a8176be5dcb6e347fe8c,JF350923,,08/09/2022 09:20:00 PM,30,STOP SIGN/FLASHER,FUNCTIONING PROPERLY,CLEAR,DARKNESS,PEDALCYCLIST,FOUR WAY,,STRAIGHT AND LEVEL,DRY,NO DEFECTS,ON SCENE,INJURY AND / OR TOW DUE TO CRASH,,,,$500 OR LESS,08/09/2022 09:21:00 PM,UNABLE TO DETERMINE,UNABLE TO DETERMINE,2000,S,DAMEN AVE,1234,,,,,,,2,NONINCAPACITATING INJURY,1,0,0,1,0,1,0,21,3,8,41.854903784,-87.676066036,POINT (-87.676066036226 41.854903784127)
6db2c57e34287f0e8ed3b997337a4c4dd5b0102a5b73244b8d0128d3a449f0026f86eb73106850d47a5b6da409e019d9e33d1f30540d179d2f8cd055f77aeb11,JF350943,,08/09/2022 09:56:00 PM,30,NO CONTROLS,NO CONTROLS,CLEAR,"DARKNESS, LIGHTED ROAD",PEDALCYCLIST,NOT DIVIDED,,STRAIGHT AND LEVEL,DRY,NO DEFECTS,ON SCENE,NO INJURY / DRIVE AWAY,,,,"OVER $1,500",08/09/2022 10:06:00 PM,EQUIPMENT - VEHICLE CONDITION,EQUIPMENT - VEHICLE CONDITION,2401,S,ARCHER AVE,914,,,,,,,2,NO INDICATION OF INJURY,0,0,0,0,0,2,0,21,3,8,41.848810633,-87.642215242,POINT (-87.642215242082 41.848810633338)
075584f8884fefb7f61da9d8ee47531e4134624d56eb9257f424167ca3be939deeb1e179b82fe69423528ca96553958a7faed4cdfcc870fe7424e86be54d5701,JF333949,,07/27/2022 05:42:00 PM,30,TRAFFIC SIGNAL,FUNCTIONING PROPERLY,CLEAR,DAYLIGHT,PEDALCYCLIST,DIVIDED - W/MEDIAN (NOT RAISED),,STRAIGHT AND LEVEL,DRY,NO DEFECTS,ON SCENE,INJURY AND / OR TOW DUE TO CRASH,Y,,,"OVER $1,500",07/27/2022 05:52:00 PM,FAILING TO YIELD RIGHT-OF-WAY,FAILING TO REDUCE SPEED TO AVOID CRASH,499,N,LA SALLE DR,1831,,,,,,,2,NONINCAPACITATING INJURY,1,0,0,1,0,1,0,17,4,7,41.890763785,-87.632411327,POINT (-87.632411326761 41.890763785194)
6f987be543ed77548d126f3fca30914e480d9b9c78b462a76b4a89879d6e73c0fe5b01c319d1c468323cb7785e0c84b67c3a2d8519dbf0a370e02b77c4669232,JF334158,,07/27/2022 09:09:00 PM,30,UNKNOWN,UNKNOWN,CLEAR,"DARKNESS, LIGHTED ROAD",PEDALCYCLIST,NOT DIVIDED,,STRAIGHT AND LEVEL,DRY,UNKNOWN,ON SCENE,INJURY AND / OR TOW DUE TO CRASH,,,Y,$500 OR LESS,07/27/2022 09:10:00 PM,NOT APPLICABLE,NOT APPLICABLE,1329,N,KOSTNER AVE,2534,,,,,,,2,INCAPACITATING INJURY,1,0,1,0,0,1,0,21,4,7,41.905186215,-87.736067318,POINT (-87.73606731814 41.905186215333)