CRASH_RECORD_ID,RD_NO,CRASH_DATE_EST_I,CRASH_DATE,POSTED_SPEED_LIMIT,TRAFFIC_CONTROL_DEVICE,DEVICE_CONDITION,WEATHER_CONDITION,LIGHTING_CONDITION,FIRST_CRASH_TYPE,TRAFFICWAY_TYPE,LANE_CNT,ALIGNMENT,ROADWAY_SURFACE_COND,ROAD_DEFECT,REPORT_TYPE,CRASH_TYPE,INTERSECTION_RELATED_I,NOT_RIGHT_OF_WAY_I,HIT_AND_RUN_I,DAMAGE,DATE_POLICE_NOTIFIED,PRIM_CONTRIBUTORY_CAUSE,SEC_CONTRIBUTORY_CAUSE,STREET_NO,STREET_DIRECTION,STREET_NAME,BEAT_OF_OCCURRENCE,PHOTOS_TAKEN_I,STATEMENTS_TAKEN_I,DOORING_I,WORK_ZONE_I,WORK_ZONE_TYPE,WORKERS_PRESENT_I,NUM_UNITS,MOST_SEVERE_INJURY,INJURIES_TOTAL,INJURIES_FATAL,INJURIES_INCAPACITATING,INJURIES_NON_INCAPACITATING,INJURIES_REPORTED_NOT_EVIDENT,INJURIES_NO_INDICATION,INJURIES_UNKNOWN,CRASH_HOUR,CRASH_DAY_OF_WEEK,CRASH_MONTH,LATITUDE,LONGITUDE,LOCATION
929da8833ec46c1276837db698c10eacd516ec6c1339d10c8dad1b2a68528b653ff7fbeb16bf34afe9da23f89ccccb98f7f0ec47c63170c16493e7c5f870e522,JF333704,,07/27/2022 02:45:00 PM,30,TRAFFIC SIGNAL,FUNCTIONING PROPERLY,CLEAR,DAYLIGHT,PEDALCYCLIST,NOT DIVIDED,,STRAIGHT AND LEVEL,DRY,NO DEFECTS,ON SCENE,INJURY AND / OR TOW DUE TO CRASH,Y,,,$500 OR LESS,07/27/2022 02:47:00 PM,UNABLE TO DETERMINE,UNABLE TO DETERMINE,94,E,CHICAGO AVE,1833,,,,,,,2,NONINCAPACITATING INJURY,1,0,0,1,0,1,0,14,4,7,41.89682132,-87.625677074,POINT (-87.625677074001 41.896821320393)
a46287cff455124179007b9cf1057a4e9c3cdf5f3b049a2ac4d53baba7d514a7805c837e183e0a721a409cdfcb10581ad0cc8b6ccd8456e45ddbe36edcf9c0c3,JF333941,,07/27/2022 08:15:00 AM,30,NO CONTROLS,NO CONTROLS,CLEAR,DAYLIGHT,PEDALCYCLIST,NOT DIVIDED,,STRAIGHT AND LEVEL,DRY,NO DEFECTS,NOT ON SCENE (DESK REPORT),INJURY AND / OR TOW DUE TO CRASH,,,,"OVER $1,500",07/27/2022 06:00:00 PM,UNABLE TO DETERMINE,UNABLE TO DETERMINE,10,S,PAULINA ST,1224,,,Y,,,,2,"REPORTED, NOT EVIDENT",1,0,0,0,1,1,0,8,4,7,41.881107301,-87.669439899,POINT (-87.669439898709 41.881107301278)
dbee1b4dc1b86eb0cdcff58807f527564d40ab040ae98803f1b39f8b3ed884faecb46089ab2ac368e3735e0cccb8e349815d4617b6198a84e11b4ac191841e08,JF334099,,07/27/2022 05:20:00 PM,30,TRAFFIC SIGNAL,FUNCTIONING PROPERLY,CLEAR,DAYLIGHT,PEDALCYCLIST,NOT DIVIDED,,STRAIGHT AND LEVEL,DRY,NO DEFECTS,NOT ON SCENE (DESK REPORT),NO INJURY / DRIVE AWAY,Y,,Y,"$501 - $1,500",07/27/2022 08:33:00 PM,IMPROPER TURNING/NO SIGNAL,UNABLE TO DETERMINE,1535,W,DIVISION ST,1213,,,,,,,2,NO INDICATION OF INJURY,0,0,0,0,0,2,0,17,4,7,41.903248153,-87.666533812,POINT (-87.666533811725 41.903248153043)
e36813b57e35473bced5a02a34e9a11a2fd959f3ad621d4689d9aa202fad2c839f7b0c800002a610bf4fed9f16f71c44725b2b8de363af7b6e215dcc577ab443,JF333570,,07/27/2022 01:29:00 PM,30,STOP SIGN/FLASHER,FUNCTIONING PROPERLY,CLEAR,DAYLIGHT,PEDALCYCLIST,DIVIDED - W/MEDIAN (NOT RAISED),,STRAIGHT AND LEVEL,DRY,NO DEFECTS,ON SCENE,INJURY AND / OR TOW DUE TO CRASH,,,Y,"OVER $1,500",07/27/2022 01:29:00 PM,"OPERATING VEHICLE IN ERRATIC, RECKLESS, CARELESS, NEGLIGENT OR AGGRESSIVE MANNER",NOT APPLICABLE,612,N,HOMAN AVE,1121,,Y,,,,,2,NONINCAPACITATING INJURY,1,0,0,1,0,1,0,13,4,7,41.892273482,-87.711486555,POINT (-87.711486554902 41.892273481558)
f8fa3d3cdd7b103b1ac7f2c810b80a74301db63f03c4982b978cce0e655692883c4206061dc736e6cd55c5c4a1cfc36bc746aaa8d7a87a3aec6efc39a07b230d,JF333556,,07/27/2022 12:50:00 PM,30,STOP SIGN/FLASHER,NO CONTROLS,CLEAR,DAYLIGHT,PEDALCYCLIST,T-INTERSECTION,,STRAIGHT AND LEVEL,DRY,NO DEFECTS,NOT ON SCENE (DESK REPORT),NO INJURY / DRIVE AWAY,Y,,,$500 OR LESS,07/27/2022 01:15:00 PM,UNABLE TO DETERMINE,UNABLE TO DETERMINE,1531,W,21ST ST,1235,,,,,,,2,NO INDICATION OF INJURY,0,0,0,0,0,2,0,12,4,7,41.854083532,-87.664863654,POINT (-87.66486365387 41.854083532046)
45b620fd9ea4418d817d4330a80464f32af5c3b882f4f3ffbe1c237d68c0a8ee81cc38f9ed89d07a83b825173f5f7da6f36ac468ce874924233aa53cbb2433c3,JF353103,,08/11/2022 04:45:00 PM,30,NO CONTROLS,NO CONTROLS,CLEAR,DAYLIGHT,PEDALCYCLIST,NOT DIVIDED,,STRAIGHT AND LEVEL,DRY,UNKNOWN,ON SCENE,INJURY AND / OR TOW DUE TO CRASH,,,Y,"$501 - $1,500",08/11/2022 04:48:00 PM,IMPROPER OVERTAKING/PASSING,UNABLE TO DETERMINE,5032,S,WOODLAWN AVE,222,,,,,,,2,NONINCAPACITATING INJURY,1,0,0,1,0,1,0,16,5,8,41.803215428,-87.596864402,POINT (-87.596864402078 41.803215427749)
326775fda222a3b60aeeb4cf6573784eca2652fdea1ce95cfdcf7fd2266fdc60954ba116ba658a6809286cff0d60409f323dbd861697f5e7dc7a4f7c76636a9c,JF353072,,08/11/2022 04:28:00 PM,35,TRAFFIC SIGNAL,FUNCTIONING PROPERLY,CLEAR,DAYLIGHT,PEDALCYCLIST,NOT DIVIDED,,STRAIGHT AND LEVEL,DRY,NO DEFECTS,ON SCENE,INJURY AND / OR TOW DUE TO CRASH,,,,$500 OR LESS,08/11/2022 04:31:00 PM,IMPROPER LANE USAGE,UNABLE TO DETERMINE,810,W,NORTH AVE,1813,,,,,,,2,"REPORTED, NOT EVIDENT",1,0,0,0,1,1,0,16,5,8,41.911022578,-87.648761519,POINT (-87.648761518914 41.911022577924)
4093998a0b9850eb00ab53210011b2948ed0be4cafc0cee1657211b0d477b74262c8859b645acfc9e130903ab9e87670f00b92d512881dc6d2b19bafad24a615,JF352447,Y,08/11/2022 06:20:00 AM,30,NO CONTROLS,NO CONTROLS,CLEAR,DAYLIGHT,PEDALCYCLIST,ONE-WAY,,STRAIGHT AND LEVEL,DRY,UNKNOWN,ON SCENE,INJURY AND / OR TOW DUE TO CRASH,,,Y,"OVER $1,500",08/11/2022 06:55:00 AM,UNABLE TO DETERMINE,UNABLE TO DETERMINE,9899,S,AVENUE L,432,,,Y,,,,2,FATAL,1,1,0,0,0,1,0,6,5,8,41.715890223,-87.536338451,POINT (-87.53633845082 41.715890223295)
7d436439f79558602275751245ca9082999d0aea76b8a391132c94eb18ecd90d66be7117bad169c6479e4df7742563dc60350321d5cab09ab6de85febf3bca03,JE361612,,09/04/2021 05:02:00 PM,35,TRAFFIC SIGNAL,FUNCTIONING PROPERLY,CLEAR,DAYLIGHT,PEDALCYCLIST,DIVIDED - W/MEDIAN BARRIER,,STRAIGHT AND LEVEL,DRY,NO DEFECTS,ON SCENE,INJURY AND / OR TOW DUE TO CRASH,,,,$500 OR LESS,09/04/2021 05:05:00 PM,UNABLE TO DETERMINE,UNABLE TO DETERMINE,800,W,99TH ST,2232,,,Y,,,,2,NONINCAPACITATING INJURY,1,0,0,1,0,1,0,17,7,9,41.714323337,-87.643066714,POINT (-87.643066714219 41.714323337011)
ae7e71bd0774b1f1d6ac7449c71314d4cd520c301472f118503dc350ef80b4517fd1db34545a504a96b00667eede9a095d150e8d6893d4ce6be18d2e8e55f48f,JF351342,,07/15/2022 06:00:00 PM,30,NO CONTROLS,NO CONTROLS,CLEAR,DAYLIGHT,PEDALCYCLIST,FOUR WAY,,STRAIGHT AND LEVEL,DRY,NO DEFECTS,NOT ON SCENE (DESK REPORT),INJURY AND / OR TOW DUE TO CRASH,,,,"OVER $1,500",08/10/2022 10:20:00 AM,UNABLE TO DETERMINE,UNABLE TO DETERMINE,4012,W,28TH ST,1031,,,Y,,,,2,INCAPACITATING INJURY,1,0,1,0,0,3,0,18,6,7,41.840668825,-87.725060187,POINT (-87.725060186936 41.840668825456)
0f0a1bfbe1136b5b82661ef3d9b1abcfd856e030e70ad37536553fa05688f5cdccc876c9655c83404ab13ed9b0d85d24857cd582a7a9a846a1b5d7d00b0cfb38,JF353236,,08/11/2022 06:26:00 PM,20,NO CONTROLS,NO CONTROLS,CLEAR,DAYLIGHT,PEDALCYCLIST,ONE-WAY,,STRAIGHT AND LEVEL,DRY,NO DEFECTS,ON SCENE,INJURY AND / OR TOW DUE TO CRASH,,,,"OVER $1,500",08/11/2022 06:26:00 PM,FAILING TO YIELD RIGHT-OF-WAY,NOT APPLICABLE,525,W,DEMING PL,1935,,,,,,,2,NONINCAPACITATING INJURY,1,0,0,1,0,2,0,18,5,8,41.928160617,-87.643126972,POINT (-87.6431269724 41.928160617216)
5e5cd4f3ef36a2b496108ebf44aaa19a81b45caa1522b4dfa4b7dee237750c7e9c0a29842863791cb9a6e7bfd7984089b2a51d1d410bfdf2f1dba0bc048122c8,JF352982,,08/11/2022 02:39:00 PM,25,STOP SIGN/FLASHER,FUNCTIONING PROPERLY,CLEAR,DAYLIGHT,PEDALCYCLIST,NOT DIVIDED,,STRAIGHT AND LEVEL,DRY,NO DEFECTS,ON SCENE,NO INJURY / DRIVE AWAY,,,,$500 OR LESS,08/11/2022 02:55:00 PM,FAILING TO YIELD RIGHT-OF-WAY,NOT APPLICABLE,618,W,WILSON DR,1914,,Y,,,,,2,NO INDICATION OF INJURY,0,0,0,0,0,2,0,14,5,8,41.965926406,-87.646091845,POINT (-87.646091845426 41.965926405671)
69f1d141ac7e64a697597595497cacc8609bb065429a50f820bb6d6117e1fc829c5851b1af73420355b4472656699c9f4ee09b7076f4dd1ca99fac78343f21be,JF353167,,08/11/2022 05:30:00 PM,30,NO CONTROLS,NO CONTROLS,CLEAR,DAYLIGHT,PEDALCYCLIST,NOT DIVIDED,,STRAIGHT AND LEVEL,DRY,NO DEFECTS,ON SCENE,INJURY AND / OR TOW DUE TO CRASH,,,,$500 OR LESS,08/11/2022 05:53:00 PM,NOT APPLICABLE,NOT APPLICABLE,3100,W,FOSTER AVE,1712,,,,,,,2,NONINCAPACITATING INJURY,1,0,0,1,0,1,0,17,5,8,41.975874997,-87.706297495,POINT (-87.706297495425 41.975874997409)
3e5bca03580d85d9063ce2eb4290dd57c0a311f88391094a8e53776226542f1f061526c66dcbedb81fdc67b8afacaf6a44f1f8733a618aa6206799874ac2ec27,JF344572,,08/04/2022 09:20:00 PM,30,TRAFFIC SIGNAL,FUNCTIONING PROPERLY,CLEAR,"DARKNESS, LIGHTED ROAD",PEDALCYCLIST,NOT DIVIDED,,STRAIGHT AND LEVEL,DRY,NO DEFECTS,NOT ON SCENE (DESK REPORT),NO INJURY / DRIVE AWAY,,,Y,"OVER $1,500",08/04/2022 10:30:00 PM,UNABLE TO DETERMINE,NOT APPLICABLE,1800,W,MADISON ST,1223,,,,,,,2,NO INDICATION OF INJURY,0,0,0,0,0,2,0,21,5,8,41.881498655,-87.671810202,POINT (-87.671810201866 41.881498655435)
0c9a0c8aacb826f06f5f9768d2f874cbdf3e738e411ed8e90c20996dc29d7e2b2b4b6113f86382166554efb2f2773bc540d688e0a6e9b16b7fe6e990627d67d2,JF353331,,08/11/2022 08:12:00 PM,30,NO CONTROLS,NO CONTROLS,CLEAR,"DARKNESS, LIGHTED ROAD",PEDALCYCLIST,NOT DIVIDED,,STRAIGHT AND LEVEL,DRY,NO DEFECTS,ON SCENE,NO INJURY / DRIVE AWAY,Y,,,"OVER $1,500",08/11/2022 08:13:00 PM,UNABLE TO DETERMINE,UNABLE TO DETERMINE,3435,W,WRIGHTWOOD AVE,1413,,Y,Y,,,,2,NO INDICATION OF INJURY,0,0,0,0,0,1,0,20,5,8,41.928188915,-87.713639468,POINT (-87.713639467522 41.928188914916)
2688dce787c634a8c18b60cdf8b0f08d7b46164ea5457a2510cfec5929bcbda1526c73b62089228bbea7ddd23f052d9ee82a52df433b6933898d6b904b33bd2a,JF335220,,07/28/2022 05:57:00 PM,35,TRAFFIC SIGNAL,FUNCTIONING PROPERLY,CLEAR,DAYLIGHT,PEDALCYCLIST,FOUR WAY,,STRAIGHT AND LEVEL,DRY,NO DEFECTS,ON SCENE,INJURY AND / OR TOW DUE TO CRASH,Y,,Y,$500 OR LESS,07/28/2022 06:03:00 PM,DISREGARDING TRAFFIC SIGNALS,NOT APPLICABLE,998,N,ELSTON AVE,1213,,,,,,,2,"REPORTED, NOT EVIDENT",1,0,0,0,1,1,0,17,5,7,41.89984343,-87.656792572,POINT (-87.656792572004 41.899843430479)
2c4a008ce5e2fb43ce118d4ab83a438e5555eb59a04386a8337f99794e283573316ffed5320e86b1e012938f648e289c6d831c39d5ef3a2d4f2cedeb495674e4,JF335416,,07/28/2022 09:19:00 PM,15,NO CONTROLS,NO CONTROLS,CLEAR,"DARKNESS, LIGHTED ROAD",PEDALCYCLIST,PARKING LOT,,STRAIGHT AND LEVEL,DRY,NO DEFECTS,ON SCENE,INJURY AND / OR TOW DUE TO CRASH,,,,$500 OR LESS,07/28/2022 09:19:00 PM,UNABLE TO DETERMINE,UNABLE TO DETERMINE,6601,S,HALSTED ST,723,,,,,,,2,NONINCAPACITATING INJURY,1,0,0,1,0,1,0,21,5,7,41.774252149,-87.64449655,POINT (-87.644496549933 41.774252148861)
39740006795c468f4f36047fd0bc3a75edc34eba711bbc0922d2ec419fb5bf023cf7bbdbdce9fe77ed2297c716b707e0a7af9173bbd3c159c08c0c9d8d3354c1,JF334974,,07/28/2022 03:15:00 PM,30,NO CONTROLS,NO CONTROLS,CLEAR,DAYLIGHT,PEDALCYCLIST,OTHER,,STRAIGHT AND LEVEL,DRY,NO DEFECTS,ON SCENE,INJURY AND / OR TOW DUE TO CRASH,,,,$500 OR LESS,07/28/2022 03:26:00 PM,UNABLE TO DETERMINE,UNABLE TO DETERMINE,2960,W,CERMAK RD,1022,,,,,,,2,"REPORTED, NOT EVIDENT",1,0,0,0,1,1,0,15,5,7,41.851949112,-87.700302941,POINT (-87.700302940922 41.851949112429)
483c0f24af28506555ef8054858e960c9b8cf35a358f7973c1de61d842aaf036c27ac310b4a608bc333872f96ef7b8027f8066586ce65e7ac73e01508c5eae94,JF335575,,07/28/2022 11:30:00 PM,35,TRAFFIC SIGNAL,FUNCTIONING PROPERLY,UNKNOWN,"DARKNESS, LIGHTED ROAD",PEDALCYCLIST,FOUR WAY,,STRAIGHT AND LEVEL,UNKNOWN,UNKNOWN,NOT ON SCENE (DESK REPORT),INJURY AND / OR TOW DUE TO CRASH,Y,,,"OVER $1,500",07/29/2022 01:08:00 AM,FAILING TO YIELD RIGHT-OF-WAY,IMPROPER OVERTAKING/PASSING,550,S,DEARBORN ST,123,,,,,,,2,NONINCAPACITATING INJURY,1,0,0,1,0,1,0,23,5,7,41.874727061,-87.62936034,POINT (-87.629360340156 41.874727061287)
d2e15b7dd0fc3690d067eb5d769770765f945aba623c1406d854b848414da0bf8cbc0c22b6f8001e946db58a49197afeb51dbfac111ddd5ece729530bb607ddc,JF335876,,07/28/2022 05:30:00 PM,30,NO CONTROLS,NO CONTROLS,CLEAR,DAYLIGHT,PEDALCYCLIST,OTHER,,STRAIGHT AND LEVEL,DRY,NO DEFECTS,NOT ON SCENE (DESK REPORT),NO INJURY / DRIVE AWAY,,,Y,$500 OR LESS,07/29/2022 10:10:00 AM,FOLLOWING TOO CLOSELY,NOT APPLICABLE,2821,W,51ST ST,923,,,,,,,2,NO INDICATION OF INJURY,0,0,0,0,0,2,0,17,5,7,41.800861961,-87.694971737,POINT (-87.694971737423 41.800861960973)
7ca0dcca57854663589837ee966905b41e22836508fe46b04e4faf9ff7af8866fdda5c26dc7a98ec0c59a1eebd8b59ac20cee4ae7aa7b091b914f1f5857b18ba,JE450960,,11/19/2021 11:05:00 PM,30,TRAFFIC SIGNAL,FUNCTIONING PROPERLY,CLEAR,"DARKNESS, LIGHTED ROAD",PEDALCYCLIST,FOUR WAY,,STRAIGHT AND LEVEL,DRY,NO DEFECTS,ON SCENE,INJURY AND / OR TOW DUE TO CRASH,Y,,,"OVER $1,500",11/19/2021 11:06:00 PM,FAILING TO YIELD RIGHT-OF-WAY,DISREGARDING OTHER TRAFFIC SIGNS,309,W,CHICAGO AVE,1831,,,,,,,2,NONINCAPACITATING INJURY,1,0,0,1,0,2,0,23,6,11,41.896457755,-87.636098042,POINT (-87.636098042279 41.896457755041)
f092ab6e8c4408b23877f089a4372601a81c1b6a16234d11625a6a4d5938be78a74d785e9e71dc2da33033979e54ea0e6759c777cf6dcc8ba7b17976c4ce180d,JF335566,,07/29/2022 12:25:00 AM,30,NO CONTROLS,UNKNOWN,CLEAR,"DARKNESS, LIGHTED ROAD",PEDALCYCLIST,ONE-WAY,,STRAIGHT AND LEVEL,DRY,UNKNOWN,ON SCENE,INJURY AND / OR TOW DUE TO CRASH,,,,"OVER $1,500",07/29/2022 12:29:00 AM,UNABLE TO DETERMINE,UNABLE TO DETERMINE,650,N,DEARBORN ST,1832,,,Y,,,,2,NONINCAPACITATING INJURY,1,0,0,1,0,2,0,0,6,7,41.894009394,-87.629862671,POINT (-87.629862671393 41.894009393623)
540fb56329c9a9dd807d39b984192ac46658508f33013aa8ab87015e294b7986c4e3045320b511e364d52000afb643a431599bb340753c505ace9df9efad5352,JF354303,,08/12/2022 04:20:00 PM,30,NO CONTROLS,NO CONTROLS,CLEAR,DAYLIGHT,PEDALCYCLIST,NOT DIVIDED,,STRAIGHT AND LEVEL,DRY,NO DEFECTS,ON SCENE,INJURY AND / OR TOW DUE TO CRASH,,,,"OVER $1,500",08/12/2022 04:23:00 PM,FAILING TO YIELD RIGHT-OF-WAY,FAILING TO YIELD RIGHT-OF-WAY,1798,N,HALSTED ST,1813,,,Y,,,,3,NONINCAPACITATING INJURY,1,0,0,1,0,3,0,16,6,8,41.913773136,-87.648506953,POINT (-87.648506952981 41.91377313589)
423ffb0af69258d0007288184ff8bc48e8878b0068511d8a37749f89f276d8bc2b6c2df00ddc15522df0a03fcc2bc8ee4133e763f7f7f69f738f619f3b38741a,JF336042,,07/29/2022 12:10:00 PM,30,NO CONTROLS,NO CONTROLS,CLEAR,DAYLIGHT,PEDALCYCLIST,DRIVEWAY,,STRAIGHT AND LEVEL,DRY,NO DEFECTS,ON SCENE,INJURY AND / OR TOW DUE TO CRASH,,,,$500 OR LESS,07/29/2022 12:16:00 PM,"VISION OBSCURED (SIGNS, TREE LIMBS, BUILDINGS, ETC.)",FAILING TO YIELD RIGHT-OF-WAY,4920,N,KENMORE AVE,2024,,Y,,,,,2,NONINCAPACITATING INJURY,1,0,0,1,0,1,0,12,6,7,41.972200503,-87.65644765,POINT (-87.656447650479 41.972200503121)
4911ae4963798d9436e5d32177772c45b76d1767df622472c2463d9159323e00afe928cd85b7d93bfb6e36c3ae1e40be8ead4c9d194b4995e2b80d5d345e3711,JF337528,,07/29/2022 02:15:00 PM,30,NO CONTROLS,NO CONTROLS,CLEAR,DAYLIGHT,PEDALCYCLIST,FOUR WAY,,STRAIGHT AND LEVEL,DRY,NO DEFECTS,NOT ON SCENE (DESK REPORT),INJURY AND / OR TOW DUE TO CRASH,Y,,,$500 OR LESS,07/30/2022 01:30:00 PM,FAILING TO YIELD RIGHT-OF-WAY,IMPROPER TURNING/NO SIGNAL,457,N,MILWAUKEE AVE,1214,,,,,,,2,NONINCAPACITATING INJURY,1,0,0,1,0,1,0,14,6,7,41.890290188,-87.645978075,POINT (-87.645978075423 41.890290188388)
71682b6ea9fbe256995203cd0976b8a09142105c7bb7e5b4a4ec1e67670502c97d6e291e085a5abfe6feb8ed31b6285f27c7f169c87d604ba982bc21bb80046f,JF336118,,07/29/2022 01:05:00 PM,30,NO CONTROLS,NO CONTROLS,CLEAR,DAYLIGHT,PEDALCYCLIST,NOT DIVIDED,,STRAIGHT AND LEVEL,DRY,NO DEFECTS,ON SCENE,INJURY AND / OR TOW DUE TO CRASH,,,,"$501 - $1,500",07/29/2022 01:05:00 PM,UNABLE TO DETERMINE,UNABLE TO DETERMINE,4440,N,CENTRAL AVE,1622,,,,,,,2,NONINCAPACITATING INJURY,1,0,0,1,0,1,0,13,6,7,41.961748576,-87.767429365,POINT (-87.767429364601 41.961748576033)
726288e11c7ec56c1e852ab4dfd876f656eb3753a8472245bffe47b36c9d952d78d14e0e82fbc72ba3cfc649b663a4b76341742f976ae3f0207c9e222519a7ec,JF336311,,07/29/2022 03:00:00 PM,30,UNKNOWN,UNKNOWN,CLEAR,DAYLIGHT,PEDALCYCLIST,NOT DIVIDED,,STRAIGHT AND LEVEL,DRY,NO DEFECTS,NOT ON SCENE (DESK REPORT),NO INJURY / DRIVE AWAY,,,,"$501 - $1,500",07/29/2022 03:38:00 PM,CELL PHONE USE OTHER THAN TEXTING,"OPERATING VEHICLE IN ERRATIC, RECKLESS, CARELESS, NEGLIGENT OR AGGRESSIVE MANNER",1339,S,HALSTED ST,1232,Y,,,,,,2,NO INDICATION OF INJURY,0,0,0,0,0,1,0,15,6,7,41.864274382,-87.646689071,POINT (-87.646689071155 41.864274382133)
c5896b7329e454efad890ef6a4896cb4e34e1736ff1123a1b8c24976d19d821426c8c5bb6f53b40d0850c37a9d2c5cd4e2db4c26d9fe070981d8bf66aa3fb13c,JF336602,,07/29/2022 06:50:00 PM,30,NO CONTROLS,NO CONTROLS,CLEAR,DAYLIGHT,PEDALCYCLIST,DIVIDED - W/MEDIAN (NOT RAISED),,STRAIGHT AND LEVEL,DRY,NO DEFECTS,ON SCENE,INJURY AND / OR TOW DUE TO CRASH,,,,"OVER $1,500",07/29/2022 07:00:00 PM,IMPROPER TURNING/NO SIGNAL,UNABLE TO DETERMINE,3699,N,SEMINARY AVE,1923,,,,,,,2,NONINCAPACITATING INJURY,2,0,0,2,0,0,0,18,6,7,41.948915942,-87.65663368,POINT (-87.656633679804 41.94891594209)
d1f51d1392086ac7c99cb2dbd4e0abcae17cd7a0de7925a6cb15f5078968f18d519480bca035f3d5e42aab77cbfa7b924d5dc15cdd88b4cb05a2bc504d2bf3a4,JF336629,,07/29/2022 05:30:00 PM,25,NO CONTROLS,NO CONTROLS,UNKNOWN,UNKNOWN,PEDALCYCLIST,NOT DIVIDED,,STRAIGHT AND LEVEL,UNKNOWN,UNKNOWN,NOT ON SCENE (DESK REPORT),NO INJURY / DRIVE AWAY,,,,"$501 - $1,500",07/29/2022 07:40:00 PM,UNABLE TO DETERMINE,NOT APPLICABLE,3184,N,PULASKI RD,2523,,,,,,,2,NO INDICATION OF INJURY,0,0,0,0,0,2,0,17,6,7,41.939001346,-87.727329592,POINT (-87.727329591601 41.939001345847)
d4115f5a9cdc651107ce2a3b1deb9d22dc5fd7894bb37b82928cde62d2ee5ca4e48a51e8f3d6fa303b2b907119e42d5114be217e89c1af54ddba537357cb7564,JF336372,,07/29/2022 04:12:00 PM,25,NO CONTROLS,NO CONTROLS,CLEAR,DAYLIGHT,PEDALCYCLIST,DIVIDED - W/MEDIAN (NOT RAISED),,STRAIGHT AND LEVEL,DRY,UNKNOWN,ON SCENE,NO INJURY / DRIVE AWAY,,,,$500 OR LESS,07/29/2022 04:19:00 PM,UNABLE TO DETERMINE,NOT APPLICABLE,3050,N,MILWAUKEE AVE,2523,,,,,,,2,NO INDICATION OF INJURY,0,0,0,0,0,2,0,16,6,7,41.936527904,-87.719866929,POINT (-87.71986692867 41.936527903755)
f9b830ec90d8797ddfd628cfa79e4ed61834daaa064567e1bf534bc1edc630bc16ef878b1b7e214abe38e4b00a8c96494a12867f6b8015cba0874ff5ac5362fe,JF335692,,07/29/2022 07:00:00 AM,15,STOP SIGN/FLASHER,UNKNOWN,CLEAR,DAYLIGHT,PEDALCYCLIST,NOT DIVIDED,,STRAIGHT AND LEVEL,UNKNOWN,UNKNOWN,ON SCENE,INJURY AND / OR TOW DUE TO CRASH,Y,,,"$501 - $1,500",07/29/2022 07:00:00 AM,UNABLE TO DETERMINE,UNABLE TO DETERMINE,1600,S,UNION AVE,1235,,,,,,,2,NONINCAPACITATING INJURY,1,0,0,1,0,1,0,7,6,7,41.859931601,-87.645020696,POINT (-87.645020696476 41.859931601037)
7dbaa670b350388c5b2a67c8c84b1e203ae8f7ff0ce55e7da89ea18e36188cabee2a6cfad8f6492fb302e9ea5bc47f866a33dd8ad793abf72fe73bed731e372a,JE428872,,10/31/2021 11:00:00 AM,35,TRAFFIC SIGNAL,FUNCTIONING PROPERLY,CLEAR,DAYLIGHT,PEDALCYCLIST,NOT DIVIDED,,STRAIGHT AND LEVEL,DRY,NO DEFECTS,ON SCENE,NO INJURY / DRIVE AWAY,Y,,,$500 OR LESS,10/31/2021 11:04:00 AM,UNABLE TO DETERMINE,FAILING TO YIELD RIGHT-OF-WAY,8500,S,PULASKI RD,834,,Y,,,,,2,NO INDICATION OF INJURY,0,0,0,0,0,2,0,11,1,10,41.738468404,-87.72170401,POINT (-87.721704009921 41.738468404342)
002be094d77385096a7aac7cca9a628196fa8c6cb4d17f3cb1df996acfe1756df5dcd8071cb577d5de750612879435818e1d87cb016a83bfa60c069245da7bfa,JF354607,,08/12/2022 08:14:00 PM,30,TRAFFIC SIGNAL,FUNCTIONING PROPERLY,CLEAR,"DARKNESS, LIGHTED ROAD",PEDALCYCLIST,DIVIDED - W/MEDIAN (NOT RAISED),,STRAIGHT AND LEVEL,DRY,NO DEFECTS,ON SCENE,INJURY AND / OR TOW DUE TO CRASH,Y,,,$500 OR LESS,08/12/2022 08:14:00 PM,FAILING TO YIELD RIGHT-OF-WAY,UNABLE TO DETERMINE,7432,N,SHERIDAN RD,2422,,,,,,,2,NONINCAPACITATING INJURY,1,0,0,1,0,1,0,20,6,8,42.017190965,-87.665573457,POINT (-87.665573456782 42.017190964639)
753cac608ab49f399645e49ca417399e7782bb8e90d81e4298045040e25d270c6fc5428e9c5024b8df332ceb575a4e87802090f87f91e4389753a218111d3f61,JF345109,,08/04/2022 04:15:00 PM,30,TRAFFIC SIGNAL,NOT FUNCTIONING,CLEAR,DAYLIGHT,PEDALCYCLIST,NOT DIVIDED,,STRAIGHT AND LEVEL,DRY,NO DEFECTS,,INJURY AND / OR TOW DUE TO CRASH,Y,,,$500 OR LESS,08/05/2022 11:00:00 AM,UNABLE TO DETERMINE,NOT APPLICABLE,540,E,GRAND AVE,1834,,,,,,,2,NONINCAPACITATING INJURY,1,0,0,1,0,1,0,16,5,8,41.892057622,-87.612754568,POINT (-87.612754567896 41.892057621725)
e63d33492d5a1b9e834dbb178ea23726cf1406212e23abe965944c5184bc0f21a77a41247a135922ff17749f87224163f004ced5ac467eb2f507bcf74dfe8109,JF355336,,08/11/2022 01:15:00 PM,35,STOP SIGN/FLASHER,FUNCTIONING PROPERLY,UNKNOWN,DAYLIGHT,PEDALCYCLIST,DIVIDED - W/MEDIAN (NOT RAISED),,STRAIGHT AND LEVEL,UNKNOWN,UNKNOWN,NOT ON SCENE (DESK REPORT),INJURY AND / OR TOW DUE TO CRASH,,,Y,$500 OR LESS,08/13/2022 01:35:00 PM,DISREGARDING YIELD SIGN,NOT APPLICABLE,3630,E,103RD ST,432,,,,,,,2,NONINCAPACITATING INJURY,1,0,0,1,0,1,0,13,5,8,41.708326354,-87.535349046,POINT (-87.535349046044 41.708326353699)