CRASH_RECORD_ID,RD_NO,CRASH_DATE_EST_I,CRASH_DATE,POSTED_SPEED_LIMIT,TRAFFIC_CONTROL_DEVICE,DEVICE_CONDITION,WEATHER_CONDITION,LIGHTING_CONDITION,FIRST_CRASH_TYPE,TRAFFICWAY_TYPE,LANE_CNT,ALIGNMENT,ROADWAY_SURFACE_COND,ROAD_DEFECT,REPORT_TYPE,CRASH_TYPE,INTERSECTION_RELATED_I,NOT_RIGHT_OF_WAY_I,HIT_AND_RUN_I,DAMAGE,DATE_POLICE_NOTIFIED,PRIM_CONTRIBUTORY_CAUSE,SEC_CONTRIBUTORY_CAUSE,STREET_NO,STREET_DIRECTION,STREET_NAME,BEAT_OF_OCCURRENCE,PHOTOS_TAKEN_I,STATEMENTS_TAKEN_I,DOORING_I,WORK_ZONE_I,WORK_ZONE_TYPE,WORKERS_PRESENT_I,NUM_UNITS,MOST_SEVERE_INJURY,INJURIES_TOTAL,INJURIES_FATAL,INJURIES_INCAPACITATING,INJURIES_NON_INCAPACITATING,INJURIES_REPORTED_NOT_EVIDENT,INJURIES_NO_INDICATION,INJURIES_UNKNOWN,CRASH_HOUR,CRASH_DAY_OF_WEEK,CRASH_MONTH,LATITUDE,LONGITUDE,LOCATION
0f1b55d852ca7a7d07ce592bf5bff6278267beb5013cb044f8c7efc38aa4e2f10f78f3a1321179a5e9bf09dbb06e06601dc54ec9e441790b1459acb2cbe50532,JF353839,,08/12/2022 09:45:00 AM,30,NO CONTROLS,UNKNOWN,CLEAR,DAYLIGHT,PEDALCYCLIST,NOT DIVIDED,,STRAIGHT AND LEVEL,DRY,UNKNOWN,ON SCENE,INJURY AND / OR TOW DUE TO CRASH,Y,,,$500 OR LESS,08/12/2022 10:02:00 AM,NOT APPLICABLE,NOT APPLICABLE,3399,W,CORTLAND ST,1422,,,Y,,,,2,NONINCAPACITATING INJURY,1,0,0,1,0,1,0,9,6,8,41.915416425,-87.711776462,POINT (-87.711776461933 41.915416425459)
c4f4c3836c1c098dcc2ada70184d703b97c7dc012222b64de91908928158f7effcf2f6da0e1048e39b9c2001862bdd73a93090ad3f981b66b92dc7b600c59038,JF355558,,08/13/2022 05:00:00 PM,30,NO CONTROLS,NO CONTROLS,CLEAR,DAYLIGHT,PEDALCYCLIST,ALLEY,,STRAIGHT AND LEVEL,DRY,NO DEFECTS,ON SCENE,INJURY AND / OR TOW DUE TO CRASH,Y,,,"$501 - $1,500",08/13/2022 05:01:00 PM,"VISION OBSCURED (SIGNS, TREE LIMBS, BUILDINGS, ETC.)",FAILING TO REDUCE SPEED TO AVOID CRASH,4054,N,KEDZIE AVE,1724,,,,,,,2,NONINCAPACITATING INJURY,1,0,0,1,0,1,0,17,7,8,41.955531334,-87.708207856,POINT (-87.708207856499 41.955531333702)
5da285b10820e65cc0112b8cbf85e00bb3b2e1cbcba868a84348cc34517f7b0888a8fc69352fb2c364e4c4393b3ad72d642ba442171b2d5c8931b1411334d087,JF337136,,07/30/2022 08:25:00 AM,30,STOP SIGN/FLASHER,FUNCTIONING PROPERLY,CLEAR,DAYLIGHT,PEDALCYCLIST,NOT DIVIDED,,STRAIGHT AND LEVEL,DRY,NO DEFECTS,ON SCENE,INJURY AND / OR TOW DUE TO CRASH,,,,"$501 - $1,500",07/30/2022 08:26:00 AM,UNABLE TO DETERMINE,UNABLE TO DETERMINE,5199,N,SIMONDS DR,2024,,,,,,,2,NONINCAPACITATING INJURY,1,0,0,1,0,1,0,8,7,7,41.9769372,-87.649575133,POINT (-87.649575133047 41.976937200496)
650d48da845f83ecc54dc80e9a31a11c868c9d6022b599a57f352ab72e6468cbaeb862e78a550b2128fd9a74f0e63b12ecb89b4ce02374c35e1f0805cf74d47a,JF336858,,07/30/2022 12:29:00 AM,35,TRAFFIC SIGNAL,FUNCTIONING PROPERLY,CLEAR,"DARKNESS, LIGHTED ROAD",PEDALCYCLIST,NOT DIVIDED,,STRAIGHT AND LEVEL,DRY,NO DEFECTS,ON SCENE,NO INJURY / DRIVE AWAY,,,Y,$500 OR LESS,07/30/2022 12:29:00 AM,UNABLE TO DETERMINE,NOT APPLICABLE,4400,N,CUMBERLAND AVE,1614,,,,,,,2,NO INDICATION OF INJURY,0,0,0,0,0,2,0,0,7,7,41.959386457,-87.83684592,POINT (-87.836845920456 41.959386456978)
b33461d93df0341bc5ccba1d4587ffebbfd0cd4b49754434d1799b578d35e5efd630fad586f9b0cb2ff8bda7b0c5adcb1b08c260158d3c15659c9262fbc1455f,JF336926,,07/30/2022 02:25:00 AM,30,NO CONTROLS,NO CONTROLS,CLEAR,DARKNESS,PEDALCYCLIST,DIVIDED - W/MEDIAN (NOT RAISED),,STRAIGHT AND LEVEL,DRY,NO DEFECTS,ON SCENE,INJURY AND / OR TOW DUE TO CRASH,,,Y,"$501 - $1,500",07/30/2022 02:41:00 AM,DRIVING ON WRONG SIDE/WRONG WAY,DRIVING ON WRONG SIDE/WRONG WAY,1108,N,HALSTED ST,1822,,,,,,,2,NONINCAPACITATING INJURY,1,0,0,1,0,1,0,2,7,7,41.902004515,-87.648161189,POINT (-87.648161188722 41.902004515495)
bdc6dfa290d5ce47d8c0f294d2a4c5e7a5c7466436cb9319a63b074b244d40d3a3a1f2df8bd6d13775cd7245867b32b27eba49d070b0e8d1511c550ddd3038ab,JF338033,,07/30/2022 10:05:00 PM,30,NO CONTROLS,NO CONTROLS,CLEAR,"DARKNESS, LIGHTED ROAD",PEDALCYCLIST,FOUR WAY,,STRAIGHT AND LEVEL,DRY,NO DEFECTS,ON SCENE,NO INJURY / DRIVE AWAY,Y,,Y,"$501 - $1,500",07/30/2022 10:15:00 PM,FAILING TO YIELD RIGHT-OF-WAY,FAILING TO YIELD RIGHT-OF-WAY,3426,W,LAWRENCE AVE,1712,,,,,,,2,NO INDICATION OF INJURY,0,0,0,0,0,2,0,22,7,7,41.968499055,-87.714528634,POINT (-87.71452863438 41.968499054563)
c6d65e575a011f89a3e713dc18e6efe9fb4b59d74a221ea750ecbcbb8dd1af3cd27df2ebb6bfc9182a39c710e32d126afb495d3f82f8670c91a95955c7a0f610,JF337832,,07/30/2022 05:06:00 PM,20,NO CONTROLS,NO CONTROLS,CLEAR,DAYLIGHT,PEDALCYCLIST,ALLEY,,STRAIGHT AND LEVEL,DRY,UNKNOWN,ON SCENE,INJURY AND / OR TOW DUE TO CRASH,,,Y,$500 OR LESS,07/30/2022 05:52:00 PM,FAILING TO REDUCE SPEED TO AVOID CRASH,UNABLE TO DETERMINE,1611,N,MONITOR AVE,2531,,,,,,,2,NONINCAPACITATING INJURY,1,0,0,1,0,4,0,17,7,7,41.909682308,-87.771324495,POINT (-87.771324495029 41.90968230755)
ddf9d8d869da48e78ae5474820f0be7cbd4dfe50644964e1577ca90beece91b2c5008d1b2e46314a0510d4da173e8ed72d4c5eeee5a21a34e08df65a09be8096,JF338149,,07/30/2022 05:00:00 PM,30,TRAFFIC SIGNAL,UNKNOWN,UNKNOWN,DAYLIGHT,PEDALCYCLIST,FOUR WAY,,STRAIGHT AND LEVEL,UNKNOWN,UNKNOWN,ON SCENE,INJURY AND / OR TOW DUE TO CRASH,,,Y,$500 OR LESS,07/31/2022 12:49:00 AM,UNABLE TO DETERMINE,NOT APPLICABLE,1601,W,FULLERTON AVE,1811,,,,,,,2,NONINCAPACITATING INJURY,1,0,0,1,0,1,0,17,7,7,41.925041072,-87.668201328,POINT (-87.66820132807 41.925041071686)
7d1733d3a843141e250c6f74c56a5ba10a752152e6bdba7be2956485d5830d5dbef2f69f4aa062b78b813b5ca6db4223fd66b6dc2c5c2bf5cb05fa56d238c746,JF355726,,08/13/2022 07:47:00 PM,30,NO CONTROLS,NO CONTROLS,CLEAR,"DARKNESS, LIGHTED ROAD",PEDALCYCLIST,ONE-WAY,,STRAIGHT AND LEVEL,DRY,NO DEFECTS,ON SCENE,INJURY AND / OR TOW DUE TO CRASH,,,,"OVER $1,500",08/13/2022 07:47:00 PM,UNABLE TO DETERMINE,UNABLE TO DETERMINE,2309,W,CHARLESTON ST,1432,,,,,,,2,NONINCAPACITATING INJURY,1,0,0,1,0,3,0,19,7,8,41.919778103,-87.685456209,POINT (-87.685456208749 41.919778103015)
80575ddf44cd3440f40482be8a1045a04b4f7e8826f43f2bb22c86cf531a1ef38f3d29dd5bec332719371cb126deddafee24c3b38d1aaec3cbad005ea02e9142,JF356685,,08/14/2022 05:47:00 PM,30,TRAFFIC SIGNAL,FUNCTIONING PROPERLY,CLEAR,DAYLIGHT,PEDALCYCLIST,DIVIDED - W/MEDIAN (NOT RAISED),,STRAIGHT AND LEVEL,DRY,NO DEFECTS,ON SCENE,INJURY AND / OR TOW DUE TO CRASH,Y,,Y,$500 OR LESS,08/14/2022 06:00:00 PM,IMPROPER OVERTAKING/PASSING,UNABLE TO DETERMINE,4000,N,CLARK ST,1912,,,,,,,2,NONINCAPACITATING INJURY,1,0,0,1,0,1,0,17,1,8,41.954432441,-87.662446259,POINT (-87.662446259141 41.954432441417)
6fe004413b4cec478d4a4e5397de6278f50b1d9cc5792eaf9054be78b0776023e1f4242dd75c0d800f91ecb953cb7b34cc0bbe7e50067975d065c7a6a9731cf6,JF356365,,08/14/2022 11:55:00 AM,30,NO CONTROLS,NO CONTROLS,CLEAR,DAYLIGHT,PEDALCYCLIST,NOT DIVIDED,,STRAIGHT AND LEVEL,DRY,NO DEFECTS,ON SCENE,INJURY AND / OR TOW DUE TO CRASH,,,,"OVER $1,500",08/14/2022 11:55:00 AM,UNABLE TO DETERMINE,UNABLE TO DETERMINE,4831,W,GRAND AVE,2533,,,,,,,2,"REPORTED, NOT EVIDENT",1,0,0,0,1,1,0,11,1,8,41.914209423,-87.74725372,POINT (-87.747253719558 41.914209422749)
b309f182455cbb338f332e850cd2955d30069f58ee500706ca4b0fb456022cbd4befee53ec7ac223ac91122a8144a6cb3cef5f63189a1b1884e49294cb512e0e,JF339122,Y,07/31/2022 06:00:00 PM,30,TRAFFIC SIGNAL,UNKNOWN,UNKNOWN,UNKNOWN,PEDALCYCLIST,NOT DIVIDED,,STRAIGHT AND LEVEL,UNKNOWN,UNKNOWN,NOT ON SCENE (DESK REPORT),NO INJURY / DRIVE AWAY,,,N,"$501 - $1,500",07/31/2022 06:25:00 PM,FAILING TO YIELD RIGHT-OF-WAY,NOT APPLICABLE,4400,W,59TH ST,813,,,,,,,2,NO INDICATION OF INJURY,0,0,0,0,0,2,0,18,1,7,41.785944712,-87.732809108,POINT (-87.732809107672 41.785944712032)
7d726dbee57b91877cb8b5214b4acd981707d0d244cdb6829c741c57b3055f11d595624d4d4186d82210e4e76d74b4444dc451d3638bf4efdcaf998462e84cd1,JE439732,,11/09/2021 05:15:00 PM,15,NO CONTROLS,NO CONTROLS,CLEAR,"DARKNESS, LIGHTED ROAD",PEDALCYCLIST,ALLEY,,STRAIGHT AND LEVEL,DRY,NO DEFECTS,ON SCENE,INJURY AND / OR TOW DUE TO CRASH,,,Y,"$501 - $1,500",11/09/2021 05:18:00 PM,IMPROPER OVERTAKING/PASSING,UNABLE TO DETERMINE,8322,S,COTTAGE GROVE AVE,632,,,,,,,2,INCAPACITATING INJURY,1,0,1,0,0,1,0,17,3,11,41.743240442,-87.605158756,POINT (-87.605158756124 41.743240441689)
2ccb58383d6b5838a0cd24025509f34a2a5bf072acffc1745b49623102b85bc2cf381535addaae4332dde3d0ad08d7da4ff9203af0130988dd5175a4b4078898,JF340310,,08/01/2022 04:15:00 PM,30,NO CONTROLS,NO CONTROLS,CLEAR,DAYLIGHT,PEDALCYCLIST,FOUR WAY,,STRAIGHT AND LEVEL,DRY,NO DEFECTS,ON SCENE,INJURY AND / OR TOW DUE TO CRASH,Y,,,"$501 - $1,500",08/01/2022 04:26:00 PM,UNABLE TO DETERMINE,UNABLE TO DETERMINE,3333,W,DIVISION ST,1121,,,,,,,2,NONINCAPACITATING INJURY,1,0,0,1,0,2,0,16,2,8,41.902680629,-87.710670081,POINT (-87.710670080902 41.902680628914)
8e2f848cef4f63d76c9013120c5750c82fec8568a504f039561d7ae779a301c187deac38f926ee9b9cd74de7c77c3ff2ae6da49eae5f9b65aa880732e3948de0,JF340560,,08/01/2022 06:22:00 PM,30,NO CONTROLS,NO CONTROLS,CLEAR,DAYLIGHT,PEDALCYCLIST,NOT DIVIDED,,STRAIGHT AND LEVEL,DRY,NO DEFECTS,ON SCENE,NO INJURY / DRIVE AWAY,,,,"OVER $1,500",08/01/2022 07:35:00 PM,FAILING TO YIELD RIGHT-OF-WAY,NOT APPLICABLE,3466,N,KEDZIE AVE,1733,,Y,,,,,2,NO INDICATION OF INJURY,0,0,0,0,0,2,0,18,2,8,41.94476988,-87.707922454,POINT (-87.707922453944 41.944769880273)
c543defc03a32071e85c73e508a01526bb6fd9ac1253f7ac8334946d3c6c27e2229b1a64a51cf75259f75c75e76cd4eb4662153f6a44d02a1147a4b4e2a7ff53,JF339466,,08/01/2022 01:48:00 AM,35,UNKNOWN,UNKNOWN,OTHER,UNKNOWN,PEDALCYCLIST,NOT DIVIDED,,STRAIGHT AND LEVEL,UNKNOWN,UNKNOWN,NOT ON SCENE (DESK REPORT),NO INJURY / DRIVE AWAY,,,,"OVER $1,500",08/01/2022 02:37:00 AM,UNABLE TO DETERMINE,NOT APPLICABLE,1043,W,LAWRENCE AVE,1914,,,,,,,2,NO INDICATION OF INJURY,0,0,0,0,0,2,0,1,2,8,41.968956327,-87.656524854,POINT (-87.656524854063 41.968956327253)
74bc1f4f99855a2f074b338ea7eb7757d6f62b1402f8593ef2f4ffd1d89364557413e13855e4f173e1955b10ca563c77897ddc4ebd8b4bb2f2583b75b7e3c895,JF320697,,07/16/2022 10:42:00 PM,30,TRAFFIC SIGNAL,FUNCTIONING PROPERLY,CLEAR,DARKNESS,PEDALCYCLIST,NOT DIVIDED,,STRAIGHT AND LEVEL,DRY,NO DEFECTS,,INJURY AND / OR TOW DUE TO CRASH,,,Y,"OVER $1,500",07/17/2022 12:20:00 PM,FAILING TO YIELD RIGHT-OF-WAY,IMPROPER TURNING/NO SIGNAL,630,N,LA SALLE DR,1832,,,,,,,2,NONINCAPACITATING INJURY,1,0,0,1,0,1,0,22,7,7,41.893244774,-87.632786704,POINT (-87.632786703841 41.893244773868)
0a068864bdfeb156c7bbd368ff2125cf6fdc00cd46f2b1dec1e0c2e1eef849d05e344d7bf2c392f81b56463082d59c01b946eb9cfa5f0517dd8b4944ffd82b0b,JF357129,,08/15/2022 06:55:00 AM,30,NO CONTROLS,NO CONTROLS,CLEAR,DAYLIGHT,PEDALCYCLIST,FOUR WAY,,STRAIGHT AND LEVEL,DRY,NO DEFECTS,ON SCENE,NO INJURY / DRIVE AWAY,Y,,,$500 OR LESS,08/15/2022 06:57:00 AM,IMPROPER LANE USAGE,IMPROPER LANE USAGE,2550,W,OGDEN AVE,1023,,,,,,,2,NO INDICATION OF INJURY,0,0,0,0,0,2,0,6,2,8,41.863458638,-87.690026217,POINT (-87.690026217261 41.863458638415)
4270756e7bf1942e2f5c321ec86b618a89a319e04cb35b3b4b5a7804d919e94299ec4f53d1109906cb323eed4075dd5b4c8c13a20458d2c8e74fdd9c38c0a920,JF357887,,08/12/2022 03:30:00 PM,30,NO CONTROLS,NO CONTROLS,CLEAR,DAYLIGHT,PEDALCYCLIST,PARKING LOT,,STRAIGHT AND LEVEL,DRY,NO DEFECTS,NOT ON SCENE (DESK REPORT),NO INJURY / DRIVE AWAY,,,,$500 OR LESS,08/15/2022 05:30:00 PM,UNABLE TO DETERMINE,UNABLE TO DETERMINE,5133,W,IRVING PARK RD,1634,,,,,,,2,NO INDICATION OF INJURY,0,0,0,0,0,2,0,15,6,8,41.953203301,-87.756048735,POINT (-87.756048735038 41.953203300975)
1e8446db1ee23f8a7762f38ab3311ad8f297f3bc67f62e18fb7154222027ddc94f8b5296a85bdf845a2472fcfe8a415d7a7ae5f73d4b5105f4ab14d62565c234,JF359269,,08/16/2022 06:32:00 PM,30,STOP SIGN/FLASHER,NO CONTROLS,CLEAR,DAYLIGHT,PEDALCYCLIST,T-INTERSECTION,,STRAIGHT AND LEVEL,DRY,NO DEFECTS,ON SCENE,INJURY AND / OR TOW DUE TO CRASH,Y,,,"OVER $1,500",08/16/2022 06:34:00 PM,DISREGARDING STOP SIGN,UNABLE TO DETERMINE,6200,N,OAKLEY AVE,2413,,,,,,,2,NONINCAPACITATING INJURY,1,0,0,1,0,1,0,18,3,8,41.994222905,-87.687463657,POINT (-87.687463657174 41.994222905478)
89c921ee46e1c2f44137a897a6fb430288373dcae4dbb8e158a3435625c2d522db80d97061285dd65d7f8612be027d3beffe47945bce6e960bc6c4d9e1e5e0bb,JF359050,,08/15/2022 08:35:00 PM,30,NO CONTROLS,FUNCTIONING PROPERLY,CLEAR,DAYLIGHT,PEDALCYCLIST,NOT DIVIDED,,STRAIGHT AND LEVEL,DRY,NO DEFECTS,NOT ON SCENE (DESK REPORT),INJURY AND / OR TOW DUE TO CRASH,,,,$500 OR LESS,08/16/2022 04:00:00 PM,UNABLE TO DETERMINE,NOT APPLICABLE,6904,N,CLARK ST,2424,,,Y,,,,2,NONINCAPACITATING INJURY,1,0,0,1,0,1,0,20,2,8,42.006721372,-87.673582341,POINT (-87.673582341016 42.006721372449)
486854bf1cbd601c2d73cb6445773cc8754b444c221230899b441fbd57e3cc2ee20baaa97b1594b44f6d61408f49c353fca251e9ce9e4bd2137a159a9e74163b,JF362899,,08/19/2022 05:41:00 PM,30,NO CONTROLS,NO CONTROLS,CLEAR,DAYLIGHT,PEDALCYCLIST,NOT DIVIDED,,STRAIGHT AND LEVEL,DRY,SHOULDER DEFECT,ON SCENE,INJURY AND / OR TOW DUE TO CRASH,Y,,,"$501 - $1,500",08/19/2022 06:03:00 PM,IMPROPER TURNING/NO SIGNAL,FAILING TO YIELD RIGHT-OF-WAY,2722,N,ELSTON AVE,1432,,,,,,,2,NONINCAPACITATING INJURY,1,0,0,1,0,1,0,17,6,8,41.930899551,-87.686173004,POINT (-87.686173003525 41.93089955142)
64f0e278f0a0d1da25e3fc244f70d9a2487b8773e2953450085a171608c6c22009a2b728e26fa1614404ddae4be1e5b4aafa0b11c17089c089a3537af14302bd,JF341907,,08/02/2022 06:30:00 PM,30,NO CONTROLS,NO CONTROLS,CLEAR,DAYLIGHT,PEDALCYCLIST,DIVIDED - W/MEDIAN (NOT RAISED),,STRAIGHT AND LEVEL,DRY,NO DEFECTS,ON SCENE,INJURY AND / OR TOW DUE TO CRASH,,,,$500 OR LESS,08/02/2022 06:40:00 PM,"VISION OBSCURED (SIGNS, TREE LIMBS, BUILDINGS, ETC.)",UNABLE TO DETERMINE,4315,N,LINCOLN AVE,1911,,,,,,,2,NONINCAPACITATING INJURY,1,0,0,1,0,1,0,18,3,8,41.960077467,-87.682747245,POINT (-87.682747244517 41.960077466903)
ecd1a9ee20f7a3348c7d7e9cccbb9b470750bd919a9b44d71c007d611527e2821416300f4e0f900bac5e9733ae4f5b1219437972efc29ce1f20986c8d8a9429e,JF340822,,08/02/2022 12:50:00 AM,30,TRAFFIC SIGNAL,FUNCTIONING PROPERLY,CLEAR,"DARKNESS, LIGHTED ROAD",PEDALCYCLIST,NOT DIVIDED,,STRAIGHT AND LEVEL,DRY,NO DEFECTS,ON SCENE,INJURY AND / OR TOW DUE TO CRASH,,,Y,$500 OR LESS,08/02/2022 01:13:00 AM,"OPERATING VEHICLE IN ERRATIC, RECKLESS, CARELESS, NEGLIGENT OR AGGRESSIVE MANNER",IMPROPER LANE USAGE,201,S,STATE ST,113,,,,,,,2,NONINCAPACITATING INJURY,1,0,0,1,0,1,0,0,3,8,41.879430559,-87.627562769,POINT (-87.627562769444 41.879430558615)
7f9ca52526a890a64e6382a14527bc279fa0d8f6c44b395f6db4bcd93dfd9328d59a6f940e4fa527a8d87023d3fb349354b0b8d2ae23b3ce788561e0093069ed,JF206007,,04/12/2022 06:48:00 PM,30,TRAFFIC SIGNAL,FUNCTIONING PROPERLY,CLEAR,DUSK,PEDALCYCLIST,FOUR WAY,,STRAIGHT AND LEVEL,DRY,NO DEFECTS,ON SCENE,NO INJURY / DRIVE AWAY,Y,,Y,"$501 - $1,500",04/12/2022 06:48:00 PM,FAILING TO YIELD RIGHT-OF-WAY,NOT APPLICABLE,860,N,MILWAUKEE AVE,1213,,,,,,,2,NO INDICATION OF INJURY,0,0,0,0,0,2,0,18,3,4,41.897510092,-87.657602123,POINT (-87.657602122759 41.897510091927)
4e09f33e243378ec0ce43f0635f6fd8e9cbfe78e13cab9c13d0461d90ac5f72d139d108aa4399be2386238d3474ad473dd581820c795629f2a44085125124ed0,JF362857,,08/19/2022 05:00:00 PM,30,NO CONTROLS,NO CONTROLS,CLEAR,DAYLIGHT,PEDALCYCLIST,DIVIDED - W/MEDIAN (NOT RAISED),,STRAIGHT AND LEVEL,DRY,NO DEFECTS,ON SCENE,INJURY AND / OR TOW DUE TO CRASH,,,,"$501 - $1,500",08/19/2022 05:06:00 PM,UNABLE TO DETERMINE,NOT APPLICABLE,1465,N,ELSTON AVE,1433,,,Y,,,,2,NONINCAPACITATING INJURY,1,0,0,1,0,1,0,17,6,8,41.908855971,-87.660851639,POINT (-87.660851639391 41.908855970655)
0c10b74c43f251d6a6da965b4cbbd7ce41e1c8601fbf90b611d9a44d2c082fc6c3b579ea1a635ddc72c1a40cd45753400b67f623e13ca8b459c958f7869ccd82,JF360133,,08/17/2022 01:08:00 PM,30,TRAFFIC SIGNAL,FUNCTIONING PROPERLY,CLEAR,DAYLIGHT,PEDALCYCLIST,NOT DIVIDED,,STRAIGHT AND LEVEL,DRY,NO DEFECTS,ON SCENE,NO INJURY / DRIVE AWAY,Y,,,$500 OR LESS,08/17/2022 01:21:00 PM,FAILING TO YIELD RIGHT-OF-WAY,UNABLE TO DETERMINE,2375,N,ELSTON AVE,1432,,,,,,,2,NO INDICATION OF INJURY,0,0,0,0,0,2,0,13,4,8,41.924936098,-87.677086783,POINT (-87.677086782622 41.924936097572)
5aa052ba6896ae61d5df8f4a659743979e61a2bff992ea3aab82419d783b4095b89780b50dda50cb889ed5cfe79174c14b792f41d501e3544bd68452e19839bc,JF360431,,08/16/2022 09:13:00 AM,30,NO CONTROLS,NO CONTROLS,CLEAR,DAYLIGHT,PEDALCYCLIST,NOT DIVIDED,,STRAIGHT AND LEVEL,DRY,NO DEFECTS,NOT ON SCENE (DESK REPORT),NO INJURY / DRIVE AWAY,,,,$500 OR LESS,08/17/2022 05:30:00 PM,UNABLE TO DETERMINE,UNABLE TO DETERMINE,870,N,ORLEANS ST,1823,,,,,,,2,NO INDICATION OF INJURY,0,0,0,0,0,2,0,9,3,8,41.898620539,-87.637396135,POINT (-87.637396134592 41.89862053903)
05a99ad2eea36594bf2e71c5267203bbad5bad8e97bedccc18c459de5f3c99d71109cfaccf9dce60bad0ee17d6fe9d7c1c8be177a724c1dfb3e77921a819d250,JF360716,,08/11/2022 06:10:00 PM,30,STOP SIGN/FLASHER,FUNCTIONING PROPERLY,CLEAR,DAYLIGHT,PEDALCYCLIST,FOUR WAY,,STRAIGHT AND LEVEL,DRY,NO DEFECTS,NOT ON SCENE (DESK REPORT),INJURY AND / OR TOW DUE TO CRASH,,,Y,"OVER $1,500",08/17/2022 09:45:00 PM,UNABLE TO DETERMINE,NOT APPLICABLE,8900,S,DR MARTIN LUTHER KING JR DR,633,,,,,,,2,NONINCAPACITATING INJURY,1,0,0,1,0,1,0,18,5,8,41.732801517,-87.614576635,POINT (-87.614576635321 41.732801516703)
5f70b37148749799ba9e550aa4e08a679c68de3e6358a0c55171aa384433d582fccda876930088755116b52a68191c0797aac9183f5bee40758f23ee2cb77b3c,JF342891,,08/03/2022 01:45:00 PM,30,TRAFFIC SIGNAL,FUNCTIONING PROPERLY,UNKNOWN,DAYLIGHT,PEDALCYCLIST,NOT DIVIDED,,STRAIGHT AND LEVEL,UNKNOWN,UNKNOWN,NOT ON SCENE (DESK REPORT),NO INJURY / DRIVE AWAY,Y,,Y,$500 OR LESS,08/03/2022 03:40:00 PM,DISREGARDING TRAFFIC SIGNALS,NOT APPLICABLE,2400,W,JACKSON BLVD,1125,,,,,,,2,NO INDICATION OF INJURY,0,0,0,0,0,2,0,13,4,8,41.877658917,-87.686424465,POINT (-87.686424464985 41.877658916758)
6754cc80b27a00a216f2e520e087a97cdc50b85b1c1dd6ebc6bc203673f26375298614bd3ea91f998ad7d9eb85c204b2296490089863c4beeb506c23ac8cecd4,JF342963,,08/03/2022 02:32:00 PM,30,NO CONTROLS,NO CONTROLS,CLEAR,DAYLIGHT,PEDALCYCLIST,NOT DIVIDED,,STRAIGHT AND LEVEL,UNKNOWN,UNKNOWN,ON SCENE,NO INJURY / DRIVE AWAY,,,,"OVER $1,500",08/03/2022 04:15:00 PM,UNABLE TO DETERMINE,NOT APPLICABLE,334,E,51ST ST,224,,,,,,,2,NO INDICATION OF INJURY,0,0,0,0,0,2,0,14,4,8,41.802184608,-87.618040583,POINT (-87.618040583308 41.802184607746)
7cbb3884fa1962c3b2c32304f41eac525b15cddc410d1c43f0d03df46eef219ece73da32c1bed1900ec18e41ff2113295293f799015deb830f764f7be5eff0d4,JE446296,,11/06/2021 09:50:00 AM,30,UNKNOWN,UNKNOWN,UNKNOWN,DAYLIGHT,PEDALCYCLIST,NOT DIVIDED,,STRAIGHT AND LEVEL,UNKNOWN,UNKNOWN,NOT ON SCENE (DESK REPORT),INJURY AND / OR TOW DUE TO CRASH,,,,$500 OR LESS,11/15/2021 05:00:00 PM,FAILING TO YIELD RIGHT-OF-WAY,FAILING TO REDUCE SPEED TO AVOID CRASH,2901,N,CLYBOURN AVE,1931,,,,,,,2,"REPORTED, NOT EVIDENT",1,0,0,0,1,1,0,9,7,11,41.934249051,-87.680646431,POINT (-87.680646430672 41.934249050534)
7ec25fdcf628b1d171b80bd1374e98388dc071e1edde33aab46771283b32c1702362e05941f84f73798a5e50c36bf5e0c6605cf87cd5ce99e38f0f96372f3218,JF325971,,07/21/2022 11:45:00 AM,30,TRAFFIC SIGNAL,FUNCTIONING PROPERLY,CLEAR,DAYLIGHT,PEDALCYCLIST,NOT DIVIDED,,STRAIGHT AND LEVEL,DRY,NO DEFECTS,ON SCENE,INJURY AND / OR TOW DUE TO CRASH,Y,,,$500 OR LESS,07/21/2022 11:50:00 AM,UNABLE TO DETERMINE,UNABLE TO DETERMINE,781,N,MILWAUKEE AVE,1215,,,,,,,2,NONINCAPACITATING INJURY,1,0,0,1,0,1,0,11,5,7,41.895961841,-87.654760693,POINT (-87.654760693278 41.895961841448)
7d4ce77b4a3e0e47f37444da664a42d5f3d70e5f3d7cc5a72b6396fead9853436e8e5513ab7fea9f5eb14a80b02d9a1fb22412aa68537092208ff2344f689687,JF129852,,01/31/2022 03:38:00 PM,30,NO CONTROLS,NO CONTROLS,CLEAR,DAYLIGHT,PEDALCYCLIST,DIVIDED - W/MEDIAN (NOT RAISED),,STRAIGHT AND LEVEL,WET,NO DEFECTS,ON SCENE,NO INJURY / DRIVE AWAY,,,,"$501 - $1,500",01/31/2022 04:01:00 PM,UNABLE TO DETERMINE,NOT APPLICABLE,4015,N,KIMBALL AVE,1724,,,,,,,2,NO INDICATION OF INJURY,0,0,0,0,0,2,0,15,2,1,41.954335258,-87.712779358,POINT (-87.7127793583 41.954335257906)