CRASH_RECORD_ID,RD_NO,CRASH_DATE_EST_I,CRASH_DATE,POSTED_SPEED_LIMIT,TRAFFIC_CONTROL_DEVICE,DEVICE_CONDITION,WEATHER_CONDITION,LIGHTING_CONDITION,FIRST_CRASH_TYPE,TRAFFICWAY_TYPE,LANE_CNT,ALIGNMENT,ROADWAY_SURFACE_COND,ROAD_DEFECT,REPORT_TYPE,CRASH_TYPE,INTERSECTION_RELATED_I,NOT_RIGHT_OF_WAY_I,HIT_AND_RUN_I,DAMAGE,DATE_POLICE_NOTIFIED,PRIM_CONTRIBUTORY_CAUSE,SEC_CONTRIBUTORY_CAUSE,STREET_NO,STREET_DIRECTION,STREET_NAME,BEAT_OF_OCCURRENCE,PHOTOS_TAKEN_I,STATEMENTS_TAKEN_I,DOORING_I,WORK_ZONE_I,WORK_ZONE_TYPE,WORKERS_PRESENT_I,NUM_UNITS,MOST_SEVERE_INJURY,INJURIES_TOTAL,INJURIES_FATAL,INJURIES_INCAPACITATING,INJURIES_NON_INCAPACITATING,INJURIES_REPORTED_NOT_EVIDENT,INJURIES_NO_INDICATION,INJURIES_UNKNOWN,CRASH_HOUR,CRASH_DAY_OF_WEEK,CRASH_MONTH,LATITUDE,LONGITUDE,LOCATION
49bb80782dfd834ecc0a77ec232bd7c4a4441f4b83cc414b54fa5f917f0bcda87b5525706e062eaab08297afed50f7468917362a958fdccecadb9c0f3a8550d7,JF360202,,08/17/2022 01:53:00 PM,30,TRAFFIC SIGNAL,FUNCTIONING PROPERLY,CLEAR,DAYLIGHT,PEDALCYCLIST,FOUR WAY,,STRAIGHT AND LEVEL,DRY,UNKNOWN,ON SCENE,INJURY AND / OR TOW DUE TO CRASH,Y,,,$500 OR LESS,08/17/2022 01:53:00 PM,FAILING TO YIELD RIGHT-OF-WAY,UNABLE TO DETERMINE,5602,W,LAKE ST,1512,,,,,,,2,NONINCAPACITATING INJURY,1,0,0,1,0,1,0,13,4,8,41.887838826,-87.765266545,POINT (-87.765266544525 41.887838826378)
1a08c809f09a92cc0a6b5bf22aabb746597ffad890b47b2513a4f89985df060d4345078f715e070c44068e104bffbacb325247218573a44688e90ea3a3832c22,JF361838,,08/18/2022 08:24:00 PM,30,NO CONTROLS,NO CONTROLS,CLEAR,"DARKNESS, LIGHTED ROAD",PEDALCYCLIST,NOT DIVIDED,,STRAIGHT AND LEVEL,DRY,NO DEFECTS,ON SCENE,INJURY AND / OR TOW DUE TO CRASH,,,Y,$500 OR LESS,08/18/2022 08:24:00 PM,FAILING TO REDUCE SPEED TO AVOID CRASH,UNABLE TO DETERMINE,3910,W,FULLERTON AVE,2524,,,,,,,2,NONINCAPACITATING INJURY,1,0,0,1,0,1,0,20,5,8,41.924620446,-87.724783956,POINT (-87.724783956496 41.924620445619)
63ad4e937581a541fec0d941a8c60030496460b7eadb2b521fe3a28348d51b37215cee3db4df5f3827617db8462c3ee37e835924f05b3a6c1be68e480f797a3c,JF360466,,08/17/2022 05:29:00 PM,30,STOP SIGN/FLASHER,FUNCTIONING PROPERLY,CLEAR,DAYLIGHT,PEDALCYCLIST,NOT DIVIDED,,STRAIGHT AND LEVEL,DRY,NO DEFECTS,ON SCENE,NO INJURY / DRIVE AWAY,Y,,,"OVER $1,500",08/17/2022 05:29:00 PM,NOT APPLICABLE,NOT APPLICABLE,7600,W,HIGGINS AVE,1612,,,,,,,2,NO INDICATION OF INJURY,0,0,0,0,0,2,0,17,4,8,41.983648245,-87.816879479,POINT (-87.816879478559 41.983648245149)
3685ce5f1801af3c032c38d0224f8218114d912c872bf45c23d7894c429eb9569d24320e1fdc38222db95e54bcb0cc26686d458269d619c9d69f39a19f5b8980,JF344286,,08/04/2022 03:00:00 PM,30,TRAFFIC SIGNAL,FUNCTIONING PROPERLY,CLEAR,DAYLIGHT,PEDALCYCLIST,ONE-WAY,,STRAIGHT AND LEVEL,DRY,NO DEFECTS,NOT ON SCENE (DESK REPORT),INJURY AND / OR TOW DUE TO CRASH,Y,,,$500 OR LESS,08/04/2022 03:05:00 PM,DRIVING ON WRONG SIDE/WRONG WAY,IMPROPER LANE USAGE,188,W,ONTARIO ST,1832,,,,,,,2,NONINCAPACITATING INJURY,1,0,0,1,0,1,0,15,5,8,41.893299347,-87.634039458,POINT (-87.634039457919 41.893299346846)
4c3c4b788644827cb2df672b0ea86f00aa4a8ccf9611e8f2912669fa78d4780f460b69de8f1d8e27d938716a199a3c443ebfe2ba188583e1b42abaeeadc37daa,JF344331,,08/04/2022 04:45:00 PM,30,TRAFFIC SIGNAL,FUNCTIONING PROPERLY,CLEAR,DAYLIGHT,PEDALCYCLIST,ONE-WAY,,STRAIGHT AND LEVEL,DRY,UNKNOWN,,INJURY AND / OR TOW DUE TO CRASH,Y,,N,"OVER $1,500",08/04/2022 05:10:00 PM,FAILING TO YIELD RIGHT-OF-WAY,NOT APPLICABLE,100,E,GRAND AVE,1834,,,,,,,2,NONINCAPACITATING INJURY,1,0,0,1,0,1,0,16,5,8,41.89182349,-87.62531771,POINT (-87.625317709668 41.891823490173)
4efbda93e10370ee760e7960cc2eb58a00541d3e32c5ad58cc0c8bce4d7a973bf4e4a2e241d40ef9cb4767520445bbe17c9c4cbe24e93e8974b9460aa5e85a9f,JF344033,,08/04/2022 12:30:00 PM,30,STOP SIGN/FLASHER,NO CONTROLS,CLEAR,DAYLIGHT,PEDALCYCLIST,NOT DIVIDED,,STRAIGHT AND LEVEL,DRY,NO DEFECTS,ON SCENE,INJURY AND / OR TOW DUE TO CRASH,Y,,,"$501 - $1,500",08/04/2022 12:35:00 PM,"VISION OBSCURED (SIGNS, TREE LIMBS, BUILDINGS, ETC.)",UNABLE TO DETERMINE,734,N,NOBLE ST,1215,,,,,,,2,"REPORTED, NOT EVIDENT",1,0,0,0,1,1,0,12,5,8,41.895340336,-87.662529625,POINT (-87.662529624911 41.895340336212)
b352b770efea578b8fc274db8ccf46ff1de8b2e2c43cb149289d9847d4623ab66d48905fc4dd81f3eb37f0eba2079f351384ccf3aa8b4c0d95c33428c3698dc2,JF244414,,08/04/2022 05:20:00 PM,30,TRAFFIC SIGNAL,FUNCTIONING PROPERLY,CLEAR,DAYLIGHT,PEDALCYCLIST,ONE-WAY,,STRAIGHT AND LEVEL,DRY,NO DEFECTS,ON SCENE,INJURY AND / OR TOW DUE TO CRASH,N,,,"$501 - $1,500",08/04/2022 05:30:00 PM,DISREGARDING TRAFFIC SIGNALS,"VISION OBSCURED (SIGNS, TREE LIMBS, BUILDINGS, ETC.)",6700,S,CORNELL AVE,332,,,,,,,2,NONINCAPACITATING INJURY,1,0,0,1,0,4,0,17,5,8,41.77325149,-87.5852246,POINT (-87.585224599677 41.773251489596)
b99724b6f92e7ba3a6b1e85e6ba26b87dcdca70b6258c280a1cab23829a5893f06740570b523e766abc7a2577a24ccff2f98612cde78665e61df30d7e6bd6958,JF344653,N,08/04/2022 08:30:00 PM,30,TRAFFIC SIGNAL,FUNCTIONING PROPERLY,CLEAR,"DARKNESS, LIGHTED ROAD",PEDALCYCLIST,DIVIDED - W/MEDIAN (NOT RAISED),,STRAIGHT AND LEVEL,DRY,NO DEFECTS,ON SCENE,INJURY AND / OR TOW DUE TO CRASH,,,Y,"OVER $1,500",08/04/2022 11:51:00 PM,UNABLE TO DETERMINE,UNABLE TO DETERMINE,7158,W,63RD ST,812,,,,,,,2,INCAPACITATING INJURY,1,0,1,0,0,1,0,20,5,8,41.777404088,-87.800840738,POINT (-87.800840737555 41.777404087501)
7e4fa61dec1dfb0518b671ee766b017018ef67aa22055db8a3ababfc3db2bfef31a7ddb3574a636e270f1c2e6e28a9a8d5513190d7739303ab5299997a62c450,JE428276,,10/30/2021 06:40:00 PM,30,NO CONTROLS,NO CONTROLS,CLEAR,DARKNESS,PEDALCYCLIST,NOT DIVIDED,,STRAIGHT AND LEVEL,DRY,NO DEFECTS,NOT ON SCENE (DESK REPORT),INJURY AND / OR TOW DUE TO CRASH,,,,$500 OR LESS,10/30/2021 08:24:00 PM,NOT APPLICABLE,NOT APPLICABLE,6000,S,KILDARE AVE,813,,,,,,,2,NONINCAPACITATING INJURY,1,0,0,1,0,1,0,18,7,10,41.783946607,-87.730389191,POINT (-87.730389191213 41.783946606735)
85c59b104d3676ac390d2d9bc107247a1143b54213f73b44be5f28717a0ff33e1b8c49cac4031121125e1537e5645c82ae062637de50d0eb7f8032b456ab578f,JF347222,,08/05/2022 06:30:00 PM,30,UNKNOWN,UNKNOWN,UNKNOWN,UNKNOWN,PEDALCYCLIST,NOT DIVIDED,,STRAIGHT AND LEVEL,UNKNOWN,UNKNOWN,ON SCENE,INJURY AND / OR TOW DUE TO CRASH,,,Y,"OVER $1,500",08/06/2022 11:47:00 PM,UNABLE TO DETERMINE,NOT APPLICABLE,3328,W,56TH ST,822,,,,,,,2,INCAPACITATING INJURY,1,0,1,0,0,1,0,18,6,8,41.791755583,-87.707124831,POINT (-87.707124831009 41.791755582594)
d526c1a9c97750fe693c704386d49b739fb3c333cef6fb9727f99384868027fd243bc34a810b715a70546c5ead42f62af26ec2a97a6eb9447529b864947331ca,JD345589,,08/05/2022 04:37:00 PM,30,STOP SIGN/FLASHER,FUNCTIONING PROPERLY,CLEAR,DAYLIGHT,PEDALCYCLIST,UNKNOWN INTERSECTION TYPE,,STRAIGHT AND LEVEL,DRY,NO DEFECTS,ON SCENE,INJURY AND / OR TOW DUE TO CRASH,Y,,,$500 OR LESS,08/05/2022 05:11:00 PM,OBSTRUCTED CROSSWALKS,UNABLE TO DETERMINE,5301,S,HARLEM AVE,811,,,,,,,2,NONINCAPACITATING INJURY,1,0,0,1,0,1,0,16,6,8,41.795688053,-87.801459671,POINT (-87.801459670523 41.795688052768)
7c71c662c4c1a28ad6f5fd90a2e1db2d6bce94974af1f6e8f385fdbb8aa5e66994155325a11337a4ab2d70125b3ec72865f75f2865b0753276596218991b0c9f,JE414136,,10/18/2021 04:30:00 PM,30,NO CONTROLS,NO CONTROLS,CLEAR,DAYLIGHT,PEDALCYCLIST,NOT DIVIDED,,STRAIGHT AND LEVEL,DRY,NO DEFECTS,ON SCENE,INJURY AND / OR TOW DUE TO CRASH,,,,"OVER $1,500",10/18/2021 04:34:00 PM,NOT APPLICABLE,NOT APPLICABLE,2513,N,CALIFORNIA AVE,1431,,,Y,,,,2,NONINCAPACITATING INJURY,1,0,0,1,0,0,0,16,2,10,41.927011969,-87.697328194,POINT (-87.697328193929 41.927011969154)
7f846ad398b0d00baa7aeb2ed56f4527ca087d57a87232994d048b5cb38086093930cf73674644e809bc2760d78e88d8735dbf487ad2d7db0f9d29eda0a065a6,JE419487,,10/23/2021 08:00:00 AM,30,NO CONTROLS,NO CONTROLS,CLEAR,DAYLIGHT,PEDALCYCLIST,NOT DIVIDED,,STRAIGHT AND LEVEL,DRY,NO DEFECTS,ON SCENE,NO INJURY / DRIVE AWAY,,,,"$501 - $1,500",10/23/2021 08:00:00 AM,FAILING TO YIELD RIGHT-OF-WAY,UNABLE TO DETERMINE,560,W,KINZIE ST,1214,,,,,,,2,NO INDICATION OF INJURY,0,0,0,0,0,2,0,8,7,10,41.889163928,-87.64213453,POINT (-87.642134529688 41.889163927794)
06a0ceeb6e0a802a256a9afcf7ebd4e17516cddcf5d27328ac9a5a94966a904f6a150b87c8b472f5411c9be5a5e229c19340a5ef3dfc986f5448f728e8f35e19,JF362215,,08/19/2022 08:07:00 AM,30,STOP SIGN/FLASHER,FUNCTIONING PROPERLY,CLEAR,DAYLIGHT,PEDALCYCLIST,DIVIDED - W/MEDIAN (NOT RAISED),,STRAIGHT AND LEVEL,DRY,NO DEFECTS,NOT ON SCENE (DESK REPORT),NO INJURY / DRIVE AWAY,,,Y,"$501 - $1,500",08/19/2022 09:06:00 AM,FAILING TO YIELD RIGHT-OF-WAY,UNABLE TO DETERMINE,2800,W,52ND ST,923,,,,,,,2,NO INDICATION OF INJURY,0,0,0,0,0,2,0,8,6,8,41.799272504,-87.694014464,POINT (-87.694014463785 41.799272504267)
e512c63c44dcc01651df66f2e71eab9d200fcd7f249e24d2405459a22ccadce840ff6a0aef46e453a4dda42a617abd4aa73fef53b94397ca30bdc778468a5126,JF346508,,08/06/2022 11:30:00 AM,30,NO CONTROLS,NO CONTROLS,CLEAR,DAYLIGHT,PEDALCYCLIST,NOT DIVIDED,,STRAIGHT AND LEVEL,DRY,NO DEFECTS,ON SCENE,INJURY AND / OR TOW DUE TO CRASH,,,Y,$500 OR LESS,08/06/2022 11:34:00 AM,UNABLE TO DETERMINE,UNABLE TO DETERMINE,3516,W,LAWRENCE AVE,1712,,,Y,,,,2,"REPORTED, NOT EVIDENT",1,0,0,0,1,2,0,11,7,8,41.968478144,-87.716606248,POINT (-87.716606248382 41.9684781444)
ef0fba125e567338af34d746fa6481b05fa5094b810f5da227eb7f66d8c2133df47a7ef2640f54c0cbc1cabb6932f8c083183d127f78e22ed31592a9ae81025a,JF347023,,08/06/2022 02:30:00 PM,30,NO CONTROLS,NO CONTROLS,CLEAR,DAYLIGHT,PEDALCYCLIST,DIVIDED - W/MEDIAN (NOT RAISED),,STRAIGHT AND LEVEL,DRY,NO DEFECTS,NOT ON SCENE (DESK REPORT),INJURY AND / OR TOW DUE TO CRASH,,,,"OVER $1,500",08/06/2022 02:30:00 PM,NOT APPLICABLE,UNABLE TO DETERMINE,4727,N,DAMEN AVE,1912,,,Y,,,,2,NONINCAPACITATING INJURY,1,0,0,1,0,1,0,14,7,8,41.967733107,-87.679009231,POINT (-87.679009230578 41.967733107041)
f9c4661cf97f12f33f6a32c0c0a9f7a5a864c48fe786ed868643f530c4a27ec674e74667745b5798097c1b9d574542c296ca69d3c5b4759d2c63fbec55c695ef,JF346907,,08/06/2022 05:07:00 PM,30,NO CONTROLS,NO CONTROLS,CLEAR,DAYLIGHT,PEDALCYCLIST,NOT DIVIDED,,STRAIGHT AND LEVEL,DRY,UNKNOWN,ON SCENE,INJURY AND / OR TOW DUE TO CRASH,,,,$500 OR LESS,08/06/2022 05:13:00 PM,UNABLE TO DETERMINE,NOT APPLICABLE,1010,W,ARMITAGE AVE,1811,,,Y,,,,3,NONINCAPACITATING INJURY,1,0,0,1,0,2,0,17,7,8,41.918207359,-87.653841705,POINT (-87.653841705263 41.918207358845)
7e310b8dc65be8aaaab90e779f5be9fa61576ae7120876f42fc13e9907988611713f0169361bc1f496215eb3e8663fd644c47069d9f27c30df61a379b3a2416d,JF247374,,05/18/2022 08:38:00 PM,30,NO CONTROLS,NO CONTROLS,CLEAR,DARKNESS,PEDALCYCLIST,NOT DIVIDED,,STRAIGHT AND LEVEL,DRY,NO DEFECTS,ON SCENE,INJURY AND / OR TOW DUE TO CRASH,Y,,,"OVER $1,500",05/18/2022 08:38:00 PM,UNABLE TO DETERMINE,UNABLE TO DETERMINE,500,W,DIVISION ST,1821,,,,,,,2,NONINCAPACITATING INJURY,1,0,0,1,0,1,0,20,4,5,41.903857346,-87.641225619,POINT (-87.64122561851 41.903857346356)
7c8b987d2f2122f569f38198a625c6dd1ea8c48fe60a368e66fb2c8211d8bdf96d0707db5a2c93c0d420e24f09c3ae9b216afa99b0ddb8f9fa27e14a5b002a46,JE383185,,09/18/2021 09:50:00 PM,30,NO CONTROLS,NO CONTROLS,CLEAR,"DARKNESS, LIGHTED ROAD",PEDALCYCLIST,NOT DIVIDED,,STRAIGHT AND LEVEL,DRY,NO DEFECTS,NOT ON SCENE (DESK REPORT),INJURY AND / OR TOW DUE TO CRASH,,,,"OVER $1,500",09/18/2021 09:50:00 PM,UNABLE TO DETERMINE,UNABLE TO DETERMINE,1451,N,WELLS ST,1821,,,,,,,2,NONINCAPACITATING INJURY,1,0,0,1,0,1,0,21,7,9,41.909085679,-87.634498274,POINT (-87.634498273595 41.909085679176)
227dfad4ac6071f9d1a3e231962d974f511f845ae84a07d5cdd5336a5769d13f79c4de2f985ae35682c8cf4dbba1dc5231744a3b7a4dd8a5f3c619aec3bb19a2,JF365075,,08/21/2022 01:30:00 PM,30,STOP SIGN/FLASHER,FUNCTIONING PROPERLY,CLEAR,DAYLIGHT,PEDALCYCLIST,FOUR WAY,,STRAIGHT AND LEVEL,DRY,NO DEFECTS,NOT ON SCENE (DESK REPORT),INJURY AND / OR TOW DUE TO CRASH,Y,,,"OVER $1,500",08/21/2022 04:50:00 PM,UNABLE TO DETERMINE,UNABLE TO DETERMINE,9100,S,BALTIMORE AVE,424,,,,,,,2,NONINCAPACITATING INJURY,1,0,0,1,0,2,0,13,1,8,41.730011059,-87.548642712,POINT (-87.548642711603 41.730011059303)
b8813ff4e2b987b9cfd820db424e1cb76c223869d65f7cc395df05c40811a7f933a1f50579e6ad98cc58e037e54ecbadebd7cf30cbe35be94c186d9be0e6971a,JF364962,,08/21/2022 01:45:00 PM,30,STOP SIGN/FLASHER,FUNCTIONING PROPERLY,CLEAR,DAYLIGHT,PEDALCYCLIST,FOUR WAY,,STRAIGHT AND LEVEL,DRY,NO DEFECTS,NOT ON SCENE (DESK REPORT),NO INJURY / DRIVE AWAY,Y,,,$500 OR LESS,08/21/2022 03:00:00 PM,UNABLE TO DETERMINE,NOT APPLICABLE,2900,W,MADISON ST,1222,,,,,,,2,NO INDICATION OF INJURY,0,0,0,0,0,2,0,13,1,8,41.881160603,-87.698853048,POINT (-87.698853048327 41.881160602544)
6edcbff3dd1e3a41365541e24b36bbd92fccffdfd791ed42480c2ad2552db011e7255e82ff4d1e493cf85365dd68611962f0b5b676d5f3be8f8dcb8c2710b80b,JF364698,Y,08/19/2022 04:45:00 PM,30,OTHER,NO CONTROLS,CLEAR,DAYLIGHT,PEDALCYCLIST,NOT DIVIDED,,STRAIGHT AND LEVEL,DRY,NO DEFECTS,NOT ON SCENE (DESK REPORT),INJURY AND / OR TOW DUE TO CRASH,N,,,"$501 - $1,500",08/21/2022 10:45:00 AM,UNABLE TO DETERMINE,DRIVING SKILLS/KNOWLEDGE/EXPERIENCE,1700,W,PRATT BLVD,2424,,,,,,,2,INCAPACITATING INJURY,2,0,1,1,0,0,0,16,6,8,42.005441551,-87.673148239,POINT (-87.673148239354 42.005441550942)
799c5206c2d83612dcfe2807392816d9546da0aeb20d4d2985a682346576cbe87a2ffc9786a314bffb0186514ab27bfe346a946c393a29734328b294f35efe4e,JF364717,,08/21/2022 10:30:00 AM,20,UNKNOWN,UNKNOWN,CLEAR,DAYLIGHT,PEDALCYCLIST,DIVIDED - W/MEDIAN (NOT RAISED),,STRAIGHT AND LEVEL,DRY,UNKNOWN,NOT ON SCENE (DESK REPORT),NO INJURY / DRIVE AWAY,,,,$500 OR LESS,08/21/2022 11:30:00 AM,UNABLE TO DETERMINE,UNABLE TO DETERMINE,197,W,102ND ST,511,,,,,,,2,NO INDICATION OF INJURY,0,0,0,0,0,2,0,10,1,8,41.708823038,-87.628300409,POINT (-87.628300408753 41.708823038458)
37a4a38e3879c073141bbe1259d755e6c9706c732e77c61027c7f003c000d06ad4b6133962d90bb8f0bcfbcdb79943b1c7b44bbc005aeea9117d81fe029f531d,JF348088,,08/07/2022 05:19:00 PM,30,NO CONTROLS,NO CONTROLS,CLOUDY/OVERCAST,DAYLIGHT,PEDALCYCLIST,DIVIDED - W/MEDIAN (NOT RAISED),,STRAIGHT AND LEVEL,DRY,NO DEFECTS,ON SCENE,INJURY AND / OR TOW DUE TO CRASH,,,Y,"OVER $1,500",08/07/2022 05:19:00 PM,UNABLE TO DETERMINE,NOT APPLICABLE,118,W,75TH ST,731,,,,,,,2,NONINCAPACITATING INJURY,1,0,0,1,0,1,0,17,1,8,41.758292422,-87.627968793,POINT (-87.627968793252 41.758292421717)
939bd0f36ed93f68240873611506505f1ea595116f892e9ebb395b8807661123572eec5ae3310353ae7b70c70418a4b58b4d85fd6478b755a99bb159fb08098c,JF347745,,08/07/2022 09:00:00 AM,30,STOP SIGN/FLASHER,FUNCTIONING PROPERLY,CLEAR,DAYLIGHT,PEDALCYCLIST,NOT DIVIDED,,STRAIGHT AND LEVEL,DRY,UNKNOWN,NOT ON SCENE (DESK REPORT),INJURY AND / OR TOW DUE TO CRASH,Y,,,$500 OR LESS,08/07/2022 12:24:00 PM,UNABLE TO DETERMINE,UNABLE TO DETERMINE,1817,N,KEDZIE AVE,1421,,,,,,,2,NONINCAPACITATING INJURY,1,0,0,1,0,1,0,9,1,8,41.914285274,-87.706727332,POINT (-87.706727332459 41.914285273614)
e5bb72ff7b983e5d06b7419143e5bf9a6f6028c84cb0dedadef584ea0e30d84fe262cf715b3af789917fd3901f44d1b3c408a3feba86982cb9b94526338ab335,JF348199,,08/07/2022 07:35:00 PM,30,NO CONTROLS,NO CONTROLS,RAIN,DARKNESS,PEDALCYCLIST,NOT DIVIDED,,STRAIGHT AND LEVEL,WET,NO DEFECTS,ON SCENE,INJURY AND / OR TOW DUE TO CRASH,,,,"$501 - $1,500",08/07/2022 07:38:00 PM,FAILING TO YIELD RIGHT-OF-WAY,NOT APPLICABLE,2899,W,51ST ST,923,,,,,,,2,NONINCAPACITATING INJURY,1,0,0,1,0,1,0,19,1,8,41.800837848,-87.69642484,POINT (-87.696424840094 41.800837847994)
1eaa9d33c6eca78aea248b337b4f9a3fb3dec25dc6c867be16121cffe6bd3228189e097a5f0e82293312c17eeba42058f00058a91cfd473187fedd5387c26964,JF366114,,08/22/2022 01:45:00 PM,25,NO CONTROLS,NO CONTROLS,CLEAR,DAYLIGHT,PEDALCYCLIST,ONE-WAY,,STRAIGHT AND LEVEL,DRY,NO DEFECTS,NOT ON SCENE (DESK REPORT),NO INJURY / DRIVE AWAY,,,,"$501 - $1,500",08/22/2022 02:15:00 PM,DISTRACTION - FROM OUTSIDE VEHICLE,NOT APPLICABLE,2415,W,101ST ST,2211,,,,,,,2,NO INDICATION OF INJURY,0,0,0,0,0,2,0,13,2,8,41.709911948,-87.682412912,POINT (-87.682412911693 41.709911948073)
70fe00f66fbc98cd26c964f390cfe510d2544b7a30a988a83045ec18fa7dbb2674f20136b302aea1f75d155e3c08583b1031eb7e8a9e6c6ad2e8d4b4583a1a79,JF365572,,08/22/2022 07:48:00 AM,30,NO CONTROLS,NO CONTROLS,CLEAR,DAYLIGHT,PEDALCYCLIST,FOUR WAY,,STRAIGHT AND LEVEL,DRY,NO DEFECTS,ON SCENE,INJURY AND / OR TOW DUE TO CRASH,N,,,"OVER $1,500",08/22/2022 07:49:00 AM,FAILING TO YIELD RIGHT-OF-WAY,NOT APPLICABLE,3600,N,DRAKE AVE,1732,,,,,,,2,NONINCAPACITATING INJURY,1,0,0,1,0,1,0,7,2,8,41.946607841,-87.716537595,POINT (-87.71653759535 41.946607841165)
8fda3f8d995b2c9ba0cd7cbe35f60aacd6708defbd91db914d77e7f0e62e8bf973b848085da3b447356550c36d3ebdfac27bae0ae11c0ff5622bf63f7c095e2b,JF349069,,08/08/2022 01:00:00 PM,30,NO CONTROLS,NO CONTROLS,CLEAR,DAYLIGHT,PEDALCYCLIST,NOT DIVIDED,,STRAIGHT AND LEVEL,DRY,NO DEFECTS,NOT ON SCENE (DESK REPORT),NO INJURY / DRIVE AWAY,,,Y,"$501 - $1,500",08/08/2022 02:06:00 PM,UNABLE TO DETERMINE,UNABLE TO DETERMINE,2,W,75TH ST,323,,,,,,,2,NO INDICATION OF INJURY,0,0,0,0,0,2,0,13,2,8,41.758291098,-87.624790014,POINT (-87.624790013679 41.758291097628)
a396c4403e3d83b44393b60197941139eac0922489658fd155e29a6b0c26d1933d031a9dbe7ac41ffcc60475f8eb8d6b5ef73c8021587e54958cbc8141c883e9,JF348690,,08/08/2022 08:10:00 AM,30,NO CONTROLS,NO CONTROLS,RAIN,DAYLIGHT,PEDALCYCLIST,DIVIDED - W/MEDIAN BARRIER,,STRAIGHT AND LEVEL,WET,NO DEFECTS,ON SCENE,INJURY AND / OR TOW DUE TO CRASH,,,Y,"OVER $1,500",08/08/2022 08:29:00 AM,UNABLE TO DETERMINE,WEATHER,7730,S,STONY ISLAND AVE,411,,,,,,,2,NONINCAPACITATING INJURY,1,0,0,1,0,1,0,8,2,8,41.754267455,-87.586248646,POINT (-87.58624864592 41.754267454709)
e7b51330cb3cffbe562d80eb7d25cce413dcf4d3d6f8f203a26fd9496d8b27dbc4f37c972012a1e7f6f7fb05e66b4118affde227182516767a3134ef31fdb046,JF349119,,08/08/2022 02:12:00 PM,30,NO CONTROLS,NO CONTROLS,CLEAR,DAYLIGHT,PEDALCYCLIST,DIVIDED - W/MEDIAN BARRIER,,STRAIGHT AND LEVEL,DRY,NO DEFECTS,NOT ON SCENE (DESK REPORT),NO INJURY / DRIVE AWAY,,,,"$501 - $1,500",08/08/2022 03:20:00 PM,UNABLE TO DETERMINE,UNABLE TO DETERMINE,440,N,MICHIGAN AVE,1834,,,,,,,2,NO INDICATION OF INJURY,0,0,0,0,0,2,0,14,2,8,41.890595335,-87.624265912,POINT (-87.624265912265 41.890595334653)
7cbce542b9e5cdc9f6fd3728f5b414f9fb7fceaa7b4860d79ea1e276cbc737ed81ddbafca3fe3918a69bf66b10ff3f5d6478a00b3e3a34bae145d9f4fbecc231,JF209525,,04/15/2022 11:00:00 AM,30,UNKNOWN,UNKNOWN,CLEAR,DAYLIGHT,PEDALCYCLIST,T-INTERSECTION,,STRAIGHT AND LEVEL,UNKNOWN,UNKNOWN,ON SCENE,INJURY AND / OR TOW DUE TO CRASH,,,,$500 OR LESS,04/16/2022 08:29:00 AM,UNABLE TO DETERMINE,UNABLE TO DETERMINE,1632,N,ELSTON AVE,1433,,,,,,,2,NONINCAPACITATING INJURY,1,0,0,1,0,1,0,11,6,4,41.911476871,-87.66288758,POINT (-87.662887579875 41.911476871147)
48a1a95f099011e4b1eb85f0e7f3bc2974336d0c0549898fb582c489b60f7363115b318fe58c31144ffe7baa19f6765a9354376c41f746206175d520894e7014,JF366752,,08/22/2022 10:57:00 PM,30,NO CONTROLS,NO CONTROLS,CLEAR,"DARKNESS, LIGHTED ROAD",PEDALCYCLIST,T-INTERSECTION,,STRAIGHT AND LEVEL,DRY,NO DEFECTS,ON SCENE,INJURY AND / OR TOW DUE TO CRASH,,,Y,"OVER $1,500",08/22/2022 10:59:00 PM,FAILING TO YIELD RIGHT-OF-WAY,UNABLE TO DETERMINE,3799,W,ARTHINGTON ST,1133,,,,,,,2,NONINCAPACITATING INJURY,1,0,0,1,0,1,0,22,2,8,41.869780048,-87.719558332,POINT (-87.719558332256 41.869780047698)
1fcaffadff1fb27c27c9a5c0c1abb982198028b089b92c046254327df6fc0ca66aabb05d0f5b64f90d8054384ee39e945b210af7f7850f29db620fe94067babd,JF350772,,08/09/2022 06:45:00 PM,30,NO CONTROLS,NO CONTROLS,CLEAR,DAYLIGHT,PEDALCYCLIST,NOT DIVIDED,,STRAIGHT AND LEVEL,DRY,UNKNOWN,ON SCENE,INJURY AND / OR TOW DUE TO CRASH,,,,$500 OR LESS,08/09/2022 06:49:00 PM,UNABLE TO DETERMINE,NOT APPLICABLE,900,S,CENTRAL PARK AVE,1133,,,,,,,2,NONINCAPACITATING INJURY,1,0,0,1,0,1,0,18,3,8,41.86988897,-87.715679979,POINT (-87.715679978989 41.869888969637)