CRASH_RECORD_ID,RD_NO,CRASH_DATE_EST_I,CRASH_DATE,POSTED_SPEED_LIMIT,TRAFFIC_CONTROL_DEVICE,DEVICE_CONDITION,WEATHER_CONDITION,LIGHTING_CONDITION,FIRST_CRASH_TYPE,TRAFFICWAY_TYPE,LANE_CNT,ALIGNMENT,ROADWAY_SURFACE_COND,ROAD_DEFECT,REPORT_TYPE,CRASH_TYPE,INTERSECTION_RELATED_I,NOT_RIGHT_OF_WAY_I,HIT_AND_RUN_I,DAMAGE,DATE_POLICE_NOTIFIED,PRIM_CONTRIBUTORY_CAUSE,SEC_CONTRIBUTORY_CAUSE,STREET_NO,STREET_DIRECTION,STREET_NAME,BEAT_OF_OCCURRENCE,PHOTOS_TAKEN_I,STATEMENTS_TAKEN_I,DOORING_I,WORK_ZONE_I,WORK_ZONE_TYPE,WORKERS_PRESENT_I,NUM_UNITS,MOST_SEVERE_INJURY,INJURIES_TOTAL,INJURIES_FATAL,INJURIES_INCAPACITATING,INJURIES_NON_INCAPACITATING,INJURIES_REPORTED_NOT_EVIDENT,INJURIES_NO_INDICATION,INJURIES_UNKNOWN,CRASH_HOUR,CRASH_DAY_OF_WEEK,CRASH_MONTH,LATITUDE,LONGITUDE,LOCATION
ac80756334cddc493f35352eab0e6416837a28602246f6f62a9a08a6cb845ff3f4e6816d0c2934697b973477edc5c2ec6892b35ccf52324005a7bd76bdc8472c,JF350615,,08/09/2022 04:15:00 PM,30,STOP SIGN/FLASHER,FUNCTIONING PROPERLY,CLEAR,DAYLIGHT,PEDALCYCLIST,FOUR WAY,,STRAIGHT AND LEVEL,DRY,NO DEFECTS,ON SCENE,INJURY AND / OR TOW DUE TO CRASH,Y,,Y,"OVER $1,500",08/09/2022 04:21:00 PM,DISREGARDING STOP SIGN,UNABLE TO DETERMINE,4200,S,ELLIS AVE,214,,,,,,,2,NONINCAPACITATING INJURY,1,0,0,1,0,1,0,16,3,8,41.817934123,-87.60202499,POINT (-87.602024990213 41.817934123159)
b0ee9e29de9a574449cf9af8207a40a597cca10876b7f521fd99282c07d0bb8b0ecb3eb08fe827f63030cb0b92494144d0a5120aa65e2c45e05aeee6d43e3638,JF350232,,08/09/2022 11:50:00 AM,10,NO CONTROLS,NO CONTROLS,CLEAR,DAYLIGHT,PEDALCYCLIST,PARKING LOT,,STRAIGHT AND LEVEL,DRY,NO DEFECTS,ON SCENE,INJURY AND / OR TOW DUE TO CRASH,,,,$500 OR LESS,08/09/2022 11:53:00 AM,DISTRACTION - FROM OUTSIDE VEHICLE,DRIVING SKILLS/KNOWLEDGE/EXPERIENCE,9645,S,WESTERN AVE,2213,,,,,,,2,"REPORTED, NOT EVIDENT",1,0,0,0,1,2,0,11,3,8,41.717774406,-87.681822506,POINT (-87.681822506108 41.717774405919)
becb8262196aec06d408f307ad53f40e45ac4af9f92416c6d8511b54be4cfcbf9ee29773bc62c72d89c2572cec12b82916165cc7e7181e9ba46d17cd6a2ba443,JF350679,,08/09/2022 05:26:00 PM,30,TRAFFIC SIGNAL,FUNCTIONING PROPERLY,CLEAR,DAYLIGHT,PEDALCYCLIST,NOT DIVIDED,,STRAIGHT AND LEVEL,DRY,NO DEFECTS,ON SCENE,INJURY AND / OR TOW DUE TO CRASH,,,,$500 OR LESS,08/09/2022 05:31:00 PM,FAILING TO YIELD RIGHT-OF-WAY,FOLLOWING TOO CLOSELY,3954,W,DIVISION ST,2535,,,,,,,2,NONINCAPACITATING INJURY,1,0,0,1,0,2,0,17,3,8,41.902786314,-87.726060117,POINT (-87.726060117408 41.902786313719)
bfaf9efa7f3fc41820286fd1d14076774069f7df72b433a371616556f1bbf2ef3368338ae8c0dabc7488a704aa7c0fe9d713dfab0fa9ae813a9084f07f1de3a6,JF350804,,08/09/2022 07:09:00 PM,30,NO CONTROLS,NO CONTROLS,CLEAR,DAYLIGHT,PEDALCYCLIST,DIVIDED - W/MEDIAN (NOT RAISED),,STRAIGHT AND LEVEL,DRY,NO DEFECTS,ON SCENE,INJURY AND / OR TOW DUE TO CRASH,,,,"OVER $1,500",08/09/2022 07:15:00 PM,UNABLE TO DETERMINE,UNABLE TO DETERMINE,3443,N,HALSTED ST,1925,,,,,,,2,NONINCAPACITATING INJURY,1,0,0,1,0,1,0,19,3,8,41.944937009,-87.649268146,POINT (-87.649268145541 41.944937009483)
b4e0834d87df91652b945c6cabb66289d52ea6ae024477754f2ae7e232864a29c76a5c2d0afcb8a82d9d2228535b5fabd185121ed9cd005c101081b58a4399bc,JF369887,,08/19/2022 11:25:00 AM,30,UNKNOWN,UNKNOWN,UNKNOWN,DAYLIGHT,PEDALCYCLIST,NOT DIVIDED,,STRAIGHT AND LEVEL,UNKNOWN,UNKNOWN,NOT ON SCENE (DESK REPORT),INJURY AND / OR TOW DUE TO CRASH,,,,"OVER $1,500",08/25/2022 01:00:00 PM,UNABLE TO DETERMINE,NOT APPLICABLE,3133,N,HALSTED ST,1934,,,,,,,2,NONINCAPACITATING INJURY,1,0,0,1,0,1,0,11,6,8,41.938869789,-87.649086497,POINT (-87.649086497223 41.938869789494)
2b776b02a4028a5efcf2c2ed5116c3ac6c8242f9c534f803b58cca9734b177af1ae62480e0b9cfcace19cb329abe9a4f9554a449695155cfa18639b3e4abca7c,JF352194,,08/10/2022 09:18:00 PM,30,NO CONTROLS,NO CONTROLS,CLEAR,"DARKNESS, LIGHTED ROAD",PEDALCYCLIST,DIVIDED - W/MEDIAN (NOT RAISED),,STRAIGHT AND LEVEL,DRY,NO DEFECTS,ON SCENE,INJURY AND / OR TOW DUE TO CRASH,,,,"OVER $1,500",08/10/2022 09:18:00 PM,FAILING TO YIELD RIGHT-OF-WAY,UNABLE TO DETERMINE,1556,N,MILWAUKEE AVE,1424,,,Y,,,,2,NONINCAPACITATING INJURY,1,0,0,1,0,1,0,21,4,8,41.909702973,-87.676637369,POINT (-87.676637368698 41.909702973408)
5779ba03edb303e8dc257bd4727883993da48b2224fef4fb64842e5ce4dfdcb117779522d26124ae799738eee73c12fd77fc8bd9d9b39621e9cc69b175158512,JF351764,,08/10/2022 03:05:00 PM,30,TRAFFIC SIGNAL,FUNCTIONING PROPERLY,CLEAR,DAYLIGHT,PEDALCYCLIST,NOT DIVIDED,,STRAIGHT AND LEVEL,DRY,NO DEFECTS,ON SCENE,INJURY AND / OR TOW DUE TO CRASH,Y,,,$500 OR LESS,08/10/2022 03:10:00 PM,FAILING TO YIELD RIGHT-OF-WAY,NOT APPLICABLE,5101,N,NAGLE AVE,1622,,,,,,,2,NONINCAPACITATING INJURY,1,0,0,1,0,1,0,15,4,8,41.973932852,-87.787758678,POINT (-87.787758677882 41.973932852156)
7fb1219c914fd292cfd692a36a95cb4723fd39e21a963b0506a25d0404200d40706a54ee1e1f34f05f35ec434c7db891f3baf61d2facfce3a8107882d47cc001,JE386078,,09/24/2021 05:00:00 PM,30,NO CONTROLS,NO CONTROLS,CLEAR,DAYLIGHT,PEDALCYCLIST,NOT DIVIDED,,STRAIGHT AND LEVEL,DRY,NO DEFECTS,NOT ON SCENE (DESK REPORT),INJURY AND / OR TOW DUE TO CRASH,N,,,"$501 - $1,500",09/24/2021 06:30:00 PM,UNABLE TO DETERMINE,UNABLE TO DETERMINE,701,N,MILWAUKEE AVE,1214,,,,,,,2,NONINCAPACITATING INJURY,1,0,0,1,0,1,0,17,6,9,41.89449905,-87.652488784,POINT (-87.652488784432 41.894499050072)
9fc4628f1867c03a2f345553e479469756f77572a31859203d219cbb735094cbf8864a0df500dc5fa3e1fdd76ffefa45c5ae762c5c5e259ab728402373d47e24,JF351879,,08/10/2022 05:00:00 PM,30,NO CONTROLS,NO CONTROLS,CLEAR,DAYLIGHT,PEDALCYCLIST,NOT DIVIDED,,STRAIGHT AND LEVEL,DRY,NO DEFECTS,ON SCENE,INJURY AND / OR TOW DUE TO CRASH,Y,,,"$501 - $1,500",08/10/2022 05:02:00 PM,UNABLE TO DETERMINE,UNABLE TO DETERMINE,1718,S,LOOMIS ST,1233,,,Y,,,,2,NONINCAPACITATING INJURY,1,0,0,1,0,1,0,17,4,8,41.858170007,-87.661474747,POINT (-87.661474746997 41.858170007431)
b9e0ed5d0f68dab0436a862745bddc8b79066ff6a9a2dcd0f7d5748fe8562db3dcd8de7a48ada501b346ed2125147c26a2b76a4d45b875bb0b166c62464e14a7,JF352025,,08/10/2022 06:30:00 PM,30,TRAFFIC SIGNAL,UNKNOWN,CLEAR,DAYLIGHT,PEDALCYCLIST,NOT DIVIDED,,STRAIGHT AND LEVEL,UNKNOWN,UNKNOWN,NOT ON SCENE (DESK REPORT),NO INJURY / DRIVE AWAY,,,,"OVER $1,500",08/10/2022 06:50:00 PM,FAILING TO YIELD RIGHT-OF-WAY,NOT APPLICABLE,3201,W,CERMAK RD,1024,,,,,,,2,NO INDICATION OF INJURY,0,0,0,0,0,4,0,18,4,8,41.851654545,-87.705312694,POINT (-87.7053126941 41.851654545163)
7f1dbec2df213b1c14f1d4761210f7cb651e843ff1ec0ee22c2c104a0ffd3df9ad3fa10c67f792cd77ab464470ac4f331764204b24c5c06586eb91148c02abb6,JE416004,,10/20/2021 08:25:00 AM,20,NO CONTROLS,NO CONTROLS,CLEAR,DAYLIGHT,PEDALCYCLIST,NOT DIVIDED,,STRAIGHT AND LEVEL,DRY,NO DEFECTS,ON SCENE,INJURY AND / OR TOW DUE TO CRASH,,,,"$501 - $1,500",10/20/2021 08:38:00 AM,FAILING TO YIELD RIGHT-OF-WAY,NOT APPLICABLE,1251,W,LAWRENCE AVE,1913,,,,,,,2,NONINCAPACITATING INJURY,1,0,0,1,0,1,0,8,4,10,41.968884051,-87.661808581,POINT (-87.661808580746 41.968884050559)
6fad142111e8722795dd78e0ad7b69518bf428a90910722d4889adb6a5bd58adee886f1681f65d788cda0c3b1cf86d77369113b44543eab8df56b328b70927c1,JF368297,,08/24/2022 08:18:00 AM,30,NO CONTROLS,NO CONTROLS,CLEAR,DAYLIGHT,PEDALCYCLIST,NOT DIVIDED,,STRAIGHT AND LEVEL,DRY,NO DEFECTS,ON SCENE,INJURY AND / OR TOW DUE TO CRASH,,,,"$501 - $1,500",08/24/2022 08:20:00 AM,IMPROPER OVERTAKING/PASSING,FOLLOWING TOO CLOSELY,2226,W,21ST ST,1234,,,,,,,2,NONINCAPACITATING INJURY,1,0,0,1,0,1,0,8,4,8,41.854015553,-87.681906947,POINT (-87.681906946623 41.854015552912)
6637239d1cd68ad6c7438266671b11a521dc8bfb827ce7a430ea269200b7f934a09ae7f0f61c73d7c6daf170662b255356771fca37274281699c789ec31d9a13,JF352831,,08/11/2022 11:30:00 AM,30,TRAFFIC SIGNAL,FUNCTIONING PROPERLY,CLEAR,DAYLIGHT,PEDALCYCLIST,FOUR WAY,,STRAIGHT ON GRADE,DRY,NO DEFECTS,NOT ON SCENE (DESK REPORT),NO INJURY / DRIVE AWAY,Y,,,"$501 - $1,500",08/11/2022 01:15:00 PM,DISREGARDING TRAFFIC SIGNALS,NOT APPLICABLE,8700,S,COTTAGE GROVE AVE,632,,,,,,,2,NO INDICATION OF INJURY,0,0,0,0,0,2,0,11,5,8,41.736601558,-87.6049681,POINT (-87.604968100168 41.736601558476)
dd6896dab677dbb385c27c1c74d5ca40718c959cabddf0a0e9e538391e14686b342955d732d02f93a85a4dc635f187f1cab382c7bd690429459c6c0384a35cdc,JF352654,,08/11/2022 10:43:00 AM,30,NO CONTROLS,NO CONTROLS,CLEAR,DAYLIGHT,PEDALCYCLIST,NOT DIVIDED,,STRAIGHT AND LEVEL,DRY,NO DEFECTS,ON SCENE,INJURY AND / OR TOW DUE TO CRASH,,,,"$501 - $1,500",08/11/2022 10:43:00 AM,FAILING TO YIELD RIGHT-OF-WAY,DRIVING SKILLS/KNOWLEDGE/EXPERIENCE,6724,N,NORTHWEST HWY,1612,,,Y,,,,2,INCAPACITATING INJURY,1,0,1,0,0,1,0,10,5,8,42.003228811,-87.817092321,POINT (-87.817092321122 42.003228811259)
5a232111477379a9baf3f1e59e372b6f3be73d7a9110a14a6e5d38bd2c5637ff48ce83f74333546f6ad6b7a98f14adc1f06704ad4461febc7673cc651275e27f,JF371287,,08/26/2022 02:55:00 PM,30,NO CONTROLS,NO CONTROLS,CLEAR,DAYLIGHT,PEDALCYCLIST,NOT DIVIDED,,STRAIGHT AND LEVEL,DRY,NO DEFECTS,ON SCENE,INJURY AND / OR TOW DUE TO CRASH,,,,"OVER $1,500",08/26/2022 02:59:00 PM,NOT APPLICABLE,NOT APPLICABLE,5211,N,CLARK ST,2013,,,,,,,2,NONINCAPACITATING INJURY,1,0,0,1,0,1,0,14,6,8,41.976575506,-87.668263644,POINT (-87.668263644092 41.976575506301)
b9778aafbc0d1f5fd78e7b9ad607ca1bf1994166e9ba10a537adbe04cf3656cbad3a948a466376308d57f8eb8a0052ae540bf91f07c58f49e595b3692d76662b,JF370812,,08/26/2022 08:19:00 AM,30,TRAFFIC SIGNAL,FUNCTIONING PROPERLY,CLOUDY/OVERCAST,DAYLIGHT,PEDALCYCLIST,DIVIDED - W/MEDIAN (NOT RAISED),,STRAIGHT AND LEVEL,DRY,NO DEFECTS,ON SCENE,INJURY AND / OR TOW DUE TO CRASH,Y,,,"$501 - $1,500",08/26/2022 08:21:00 AM,FAILING TO YIELD RIGHT-OF-WAY,NOT APPLICABLE,3356,N,AUSTIN AVE,1633,,,,,,,2,NONINCAPACITATING INJURY,1,0,0,1,0,1,0,8,6,8,41.942003573,-87.776499741,POINT (-87.776499740555 41.942003573424)
0ecd4ec53015d867032ce3a3d2152980fc298cd1a456e40195933718273dfd9aeff62fd5b1de6ddfab3eae80d16728583708ecb520491a535490bd924f4b3812,JF354116,Y,08/12/2022 01:05:00 PM,30,TRAFFIC SIGNAL,FUNCTIONING PROPERLY,CLEAR,DAYLIGHT,PEDALCYCLIST,UNKNOWN INTERSECTION TYPE,,STRAIGHT AND LEVEL,DRY,NO DEFECTS,ON SCENE,INJURY AND / OR TOW DUE TO CRASH,Y,,Y,$500 OR LESS,08/12/2022 01:38:00 PM,IMPROPER TURNING/NO SIGNAL,NOT APPLICABLE,700,W,ROOSEVELT RD,1232,,,,,,,2,NONINCAPACITATING INJURY,1,0,0,1,0,2,0,13,6,8,41.867287162,-87.645246942,POINT (-87.645246941532 41.867287162218)
8cbdc93152e3d570efcfc867aedc5abc29fee93164b96a04083c7cec25fcab87c6076215f06a3fdaee994f0044bf4e90ccda472a0d26016236626be8f7e38f8f,JF354472,,08/12/2022 05:55:00 PM,30,TRAFFIC SIGNAL,FUNCTIONING PROPERLY,CLEAR,DAYLIGHT,PEDALCYCLIST,NOT DIVIDED,,STRAIGHT AND LEVEL,DRY,NO DEFECTS,ON SCENE,NO INJURY / DRIVE AWAY,,,Y,$500 OR LESS,08/12/2022 05:55:00 PM,FAILING TO YIELD RIGHT-OF-WAY,FAILING TO YIELD RIGHT-OF-WAY,5799,N,SHERIDAN RD,2022,,,,,,,2,NO INDICATION OF INJURY,0,0,0,0,0,2,0,17,6,8,41.9872694,-87.655152638,POINT (-87.655152637991 41.98726940033)
92637de4314b11ddcfcbfdedd37cc1fd6bea132f1b63d504f26ab94b7c71f4fed4e56d6240673edb8f89169fa7902d285797e291daf737d11db70d21c9080935,JF354130,N,08/12/2022 01:10:00 PM,30,TRAFFIC SIGNAL,FUNCTIONING PROPERLY,CLEAR,DAYLIGHT,PEDALCYCLIST,NOT DIVIDED,,STRAIGHT AND LEVEL,DRY,NO DEFECTS,ON SCENE,INJURY AND / OR TOW DUE TO CRASH,Y,,Y,"OVER $1,500",08/12/2022 01:12:00 PM,FAILING TO YIELD RIGHT-OF-WAY,"OPERATING VEHICLE IN ERRATIC, RECKLESS, CARELESS, NEGLIGENT OR AGGRESSIVE MANNER",134,N,RACINE AVE,1224,,,,,,,2,NONINCAPACITATING INJURY,1,0,0,1,0,1,0,13,6,8,41.884013445,-87.656855712,POINT (-87.656855711667 41.884013445366)
99bedd989b5f4d45d1f4ff1d29c7972406b90c71b94435bef679359856073fa7c5b630f5622aaa5896c48b3d002efabd3922763feddd6fb6ba7e2e90755035a0,JF355216,,08/12/2022 05:40:00 PM,30,STOP SIGN/FLASHER,FUNCTIONING PROPERLY,CLEAR,DUSK,PEDALCYCLIST,ONE-WAY,,STRAIGHT AND LEVEL,DRY,NO DEFECTS,NOT ON SCENE (DESK REPORT),INJURY AND / OR TOW DUE TO CRASH,Y,,,"OVER $1,500",08/13/2022 11:50:00 AM,UNABLE TO DETERMINE,FAILING TO REDUCE SPEED TO AVOID CRASH,5200,W,BYRON ST,1634,,,,,,,2,NONINCAPACITATING INJURY,1,0,0,1,0,2,0,17,6,8,41.951560354,-87.757216135,POINT (-87.757216134694 41.951560354085)
9ee5ed39cbe6613a1e27d5a93ca318e0f6360f0a8f8a1c584e7b59f3c2ca815cedfde4f83b2897cd11c8b3acf5c5e9dbe4206d6a758ca2d82bb9d07e308625ea,JF354464,,08/12/2022 05:50:00 PM,30,NO CONTROLS,NO CONTROLS,CLEAR,DAYLIGHT,PEDALCYCLIST,NOT DIVIDED,,STRAIGHT AND LEVEL,DRY,NO DEFECTS,ON SCENE,NO INJURY / DRIVE AWAY,,,,$500 OR LESS,08/12/2022 05:56:00 PM,IMPROPER BACKING,NOT APPLICABLE,1550,N,MILWAUKEE AVE,1424,,,,,,,2,NO INDICATION OF INJURY,0,0,0,0,0,2,0,17,6,8,41.90959687,-87.676471511,POINT (-87.676471510941 41.909596870101)
a004738a655c663618aa5df84c20b74c1996e9352169f0868d9ee61d04ffd9efe7c1a8e5ba72a2ee02151c5c57175ccaab2596383e286e86de6c36340c5fe54c,JF358095,,08/15/2022 07:40:00 PM,20,NO CONTROLS,NO CONTROLS,CLEAR,"DARKNESS, LIGHTED ROAD",PEDALCYCLIST,NOT DIVIDED,,STRAIGHT AND LEVEL,DRY,NO DEFECTS,,INJURY AND / OR TOW DUE TO CRASH,,,Y,$500 OR LESS,08/15/2022 08:30:00 PM,UNABLE TO DETERMINE,UNABLE TO DETERMINE,8754,W,CATALPA AVE,1614,,,,,,,2,"REPORTED, NOT EVIDENT",1,0,0,0,1,1,0,19,2,8,41.979242072,-87.846169956,POINT (-87.846169955855 41.979242072465)
d605e1e20306aa28fa6941f9cfab1e752ce639d64277f5f7d4a422cbe780db491166a54d3b512cbf582ee40c2ec2fa202bac30b7e62b0f914d55d4a28ba30a25,JF354475,,08/12/2022 03:00:00 PM,25,NO CONTROLS,NO CONTROLS,CLEAR,DAYLIGHT,PEDALCYCLIST,DIVIDED - W/MEDIAN (NOT RAISED),,STRAIGHT AND LEVEL,DRY,NO DEFECTS,NOT ON SCENE (DESK REPORT),INJURY AND / OR TOW DUE TO CRASH,,,,$500 OR LESS,08/12/2022 07:00:00 PM,FAILING TO YIELD RIGHT-OF-WAY,UNABLE TO DETERMINE,912,W,CHICAGO AVE,1213,,,,,,,2,"REPORTED, NOT EVIDENT",1,0,0,0,1,1,0,15,6,8,41.89645528,-87.650417352,POINT (-87.650417351974 41.896455279964)
e6b0cbe790da657f058695dc484db1359e3e1da9bc9bef1a96f125e81e207dd31326ed827f6d693607a90cfff02f7cb06bc952cad6a4f664e8f13dfc7eedf4a3,JF354280,Y,08/12/2022 03:56:00 PM,30,TRAFFIC SIGNAL,FUNCTIONING PROPERLY,CLEAR,DAYLIGHT,PEDALCYCLIST,NOT REPORTED,,STRAIGHT AND LEVEL,DRY,WORN SURFACE,ON SCENE,INJURY AND / OR TOW DUE TO CRASH,Y,,,"$501 - $1,500",08/12/2022 03:56:00 PM,"VISION OBSCURED (SIGNS, TREE LIMBS, BUILDINGS, ETC.)",FAILING TO YIELD RIGHT-OF-WAY,1600,N,LEAVITT ST,1434,,,,,,,2,NONINCAPACITATING INJURY,2,0,0,2,0,0,0,15,6,8,41.910431233,-87.682494789,POINT (-87.682494788913 41.910431232609)
f13733503c6d17cba2f6b43ab607210db1334049d3217f46069b0a02cc5058f7b5c55b2dc1f1af870345fd468d9d057fcc1e7aa6f3b04887adc8d181e491e594,JF355049,,08/12/2022 05:45:00 PM,30,NO CONTROLS,NO CONTROLS,CLEAR,DAYLIGHT,PEDALCYCLIST,NOT DIVIDED,,STRAIGHT AND LEVEL,DRY,NO DEFECTS,NOT ON SCENE (DESK REPORT),NO INJURY / DRIVE AWAY,,,Y,"$501 - $1,500",08/13/2022 09:20:00 AM,IMPROPER TURNING/NO SIGNAL,NOT APPLICABLE,1201,N,ELSTON AVE,1433,,,,,,,2,NO INDICATION OF INJURY,0,0,0,0,0,2,0,17,6,8,41.903615728,-87.658302859,POINT (-87.658302859297 41.903615728351)
7e6734ea7f203af31ab0a1b5301705ef94ca9e5609e354dd7a460088e5832f5ef4660a9fbff3618bbe5372742f8eb0232916573760a0840ee141ce61c0ebedda,JF324091,N,07/19/2022 01:13:00 PM,30,NO CONTROLS,UNKNOWN,UNKNOWN,UNKNOWN,PEDALCYCLIST,NOT DIVIDED,,STRAIGHT AND LEVEL,OTHER,UNKNOWN,NOT ON SCENE (DESK REPORT),INJURY AND / OR TOW DUE TO CRASH,Y,,Y,$500 OR LESS,07/19/2022 10:30:00 PM,FAILING TO YIELD RIGHT-OF-WAY,IMPROPER LANE USAGE,2400,N,ASHLAND AVE,1931,,,,,,,2,NONINCAPACITATING INJURY,1,0,0,1,0,1,0,13,3,7,41.92519389,-87.668294363,POINT (-87.668294363399 41.92519388981)
7f92afcae127ee2fb77bc760db2b0bb22e8226e68fa0f100b9c3025f43ec048067e1ac9fd47a6cad5589d5beede4d5e11c1f15663d370284168e5fddce0675ca,JF243374,,05/15/2022 03:16:00 PM,25,STOP SIGN/FLASHER,FUNCTIONING PROPERLY,CLEAR,DAYLIGHT,PEDALCYCLIST,ONE-WAY,,STRAIGHT AND LEVEL,DRY,NO DEFECTS,ON SCENE,INJURY AND / OR TOW DUE TO CRASH,,,,"OVER $1,500",05/15/2022 03:16:00 PM,DRIVING ON WRONG SIDE/WRONG WAY,FAILING TO REDUCE SPEED TO AVOID CRASH,4000,W,KAMERLING AVE,2534,,,,,,,2,NONINCAPACITATING INJURY,1,0,0,1,0,1,0,15,1,5,41.905484296,-87.726511253,POINT (-87.726511253437 41.905484295806)
7eb1459c0a718817336674fc8553c0ae184ac08ce5e98890df916e198074c95f1d0398777e2aa027844b0d53dc123d6191be8c0d842415c5aa901179f20b91d7,JE363983,,09/05/2021 08:30:00 PM,25,TRAFFIC SIGNAL,FUNCTIONING PROPERLY,CLEAR,"DARKNESS, LIGHTED ROAD",PEDALCYCLIST,NOT DIVIDED,,STRAIGHT AND LEVEL,DRY,NO DEFECTS,NOT ON SCENE (DESK REPORT),INJURY AND / OR TOW DUE TO CRASH,,,Y,$500 OR LESS,09/06/2021 08:45:00 PM,UNABLE TO DETERMINE,UNABLE TO DETERMINE,3000,N,CLARK ST,1934,,,,,,,2,NONINCAPACITATING INJURY,1,0,0,1,0,1,0,20,1,9,41.936440325,-87.648006212,POINT (-87.64800621163 41.936440325368)
b53fa750b2733fa11808e685c99d6716ec6796e3c0eda2c193746cff5f38753773db7d2d55d6288bf2411f4ae695a93cd05f16a09749931a266566ef5f1f55a3,JF371964,,08/27/2022 02:41:00 AM,30,NO CONTROLS,NO CONTROLS,CLEAR,"DARKNESS, LIGHTED ROAD",PEDALCYCLIST,NOT DIVIDED,,STRAIGHT AND LEVEL,DRY,NO DEFECTS,ON SCENE,INJURY AND / OR TOW DUE TO CRASH,,,Y,$500 OR LESS,08/27/2022 02:41:00 AM,UNABLE TO DETERMINE,UNABLE TO DETERMINE,2654,W,LAWRENCE AVE,2031,,Y,,,,,2,NONINCAPACITATING INJURY,1,0,0,1,0,1,0,2,7,8,41.968663586,-87.69602699,POINT (-87.696026989939 41.968663586153)
033196639fbc27060a184b7598a14ad82c6d676b81c98dda9a3e7ee3bbaf9bd143fc54b071c9f82de83d72fd7067e5714722cdcf7460ec931cf6308221106f0c,JF371052,,08/26/2022 12:01:00 PM,30,TRAFFIC SIGNAL,FUNCTIONING PROPERLY,CLOUDY/OVERCAST,DAYLIGHT,PEDALCYCLIST,T-INTERSECTION,,STRAIGHT AND LEVEL,DRY,NO DEFECTS,ON SCENE,INJURY AND / OR TOW DUE TO CRASH,Y,,,"OVER $1,500",08/26/2022 12:03:00 PM,FAILING TO REDUCE SPEED TO AVOID CRASH,NOT APPLICABLE,5200,W,CHICAGO AVE,1524,,,,,,,2,INCAPACITATING INJURY,1,0,1,0,0,1,0,12,6,8,41.895044142,-87.755665329,POINT (-87.755665329048 41.895044142418)
0383bb55ceee0132f6e4671b976d18e8380b5b335ea5311e0fa1cf3295f3452f3d2bf4900f093da72d3f60c015e979978dcaf60320e33f63a2d2a0344ba0b5a5,JF372735,,08/17/2022 07:05:00 AM,30,TRAFFIC SIGNAL,FUNCTIONING PROPERLY,CLEAR,DAYLIGHT,PEDALCYCLIST,NOT DIVIDED,,STRAIGHT AND LEVEL,DRY,NO DEFECTS,NOT ON SCENE (DESK REPORT),NO INJURY / DRIVE AWAY,Y,,,"OVER $1,500",08/27/2022 05:00:00 PM,FOLLOWING TOO CLOSELY,UNABLE TO DETERMINE,2400,W,NORTH AVE,1434,,,,,,,2,NO INDICATION OF INJURY,0,0,0,0,0,2,0,7,4,8,41.910429862,-87.687284221,POINT (-87.687284220508 41.910429862359)
409d271836bee918dd1d1486f5a3c3b98c8c419cb9d8563255935848154d9c236d02921355f3b659433352227edbcf8bc6665779b1985f4cda69d5e92c04160d,JF369688,,08/25/2022 10:32:00 AM,30,NO CONTROLS,NO CONTROLS,RAIN,DAYLIGHT,PEDALCYCLIST,NOT DIVIDED,,STRAIGHT AND LEVEL,WET,NO DEFECTS,ON SCENE,INJURY AND / OR TOW DUE TO CRASH,,,,$500 OR LESS,08/25/2022 10:32:00 AM,FAILING TO YIELD RIGHT-OF-WAY,FAILING TO YIELD RIGHT-OF-WAY,2229,S,HALSTED ST,1235,,,,,,,2,NONINCAPACITATING INJURY,1,0,0,1,0,1,0,10,5,8,41.851778015,-87.64632168,POINT (-87.646321680192 41.851778014604)
7e73e37165c064f86685815adc1f693bd431c3e4eadb8f96b43eb4dc862cf591dfec53fa24e57d43cc5e7efde75bee521d4dc5965e23e90de4905ffe5bb325c1,JF184154,,03/23/2022 03:40:00 PM,30,NO CONTROLS,NO CONTROLS,RAIN,DAYLIGHT,PEDALCYCLIST,OTHER,,STRAIGHT AND LEVEL,WET,SHOULDER DEFECT,NOT ON SCENE (DESK REPORT),NO INJURY / DRIVE AWAY,Y,,Y,"OVER $1,500",03/23/2022 05:25:00 PM,DRIVING SKILLS/KNOWLEDGE/EXPERIENCE,UNABLE TO DETERMINE,6530,S,SPRINGFIELD AVE,833,,,,,,,2,NO INDICATION OF INJURY,0,0,0,0,0,2,0,15,4,3,41.774184589,-87.720338825,POINT (-87.720338824779 41.77418458867)
164f8e0b69746588661f88972f4d39e20e2de22054a2d3706a7e3ae60759df5e1cd95e8992184c08228095579ed07482ddc410df85d4802281cb636a3d928c58,JF372875,,08/27/2022 03:00:00 PM,30,UNKNOWN,UNKNOWN,UNKNOWN,UNKNOWN,PEDALCYCLIST,NOT DIVIDED,,STRAIGHT AND LEVEL,UNKNOWN,UNKNOWN,NOT ON SCENE (DESK REPORT),NO INJURY / DRIVE AWAY,,,,$500 OR LESS,08/27/2022 07:10:00 PM,UNABLE TO DETERMINE,UNABLE TO DETERMINE,2435,N,HALSTED ST,1935,,,,,,,2,NO INDICATION OF INJURY,0,0,0,0,0,3,0,15,7,8,41.926435914,-87.648648421,POINT (-87.648648421302 41.926435914096)