CRASH_RECORD_ID,RD_NO,CRASH_DATE_EST_I,CRASH_DATE,POSTED_SPEED_LIMIT,TRAFFIC_CONTROL_DEVICE,DEVICE_CONDITION,WEATHER_CONDITION,LIGHTING_CONDITION,FIRST_CRASH_TYPE,TRAFFICWAY_TYPE,LANE_CNT,ALIGNMENT,ROADWAY_SURFACE_COND,ROAD_DEFECT,REPORT_TYPE,CRASH_TYPE,INTERSECTION_RELATED_I,NOT_RIGHT_OF_WAY_I,HIT_AND_RUN_I,DAMAGE,DATE_POLICE_NOTIFIED,PRIM_CONTRIBUTORY_CAUSE,SEC_CONTRIBUTORY_CAUSE,STREET_NO,STREET_DIRECTION,STREET_NAME,BEAT_OF_OCCURRENCE,PHOTOS_TAKEN_I,STATEMENTS_TAKEN_I,DOORING_I,WORK_ZONE_I,WORK_ZONE_TYPE,WORKERS_PRESENT_I,NUM_UNITS,MOST_SEVERE_INJURY,INJURIES_TOTAL,INJURIES_FATAL,INJURIES_INCAPACITATING,INJURIES_NON_INCAPACITATING,INJURIES_REPORTED_NOT_EVIDENT,INJURIES_NO_INDICATION,INJURIES_UNKNOWN,CRASH_HOUR,CRASH_DAY_OF_WEEK,CRASH_MONTH,LATITUDE,LONGITUDE,LOCATION
306a4693a880062e271e2b8d63885abe44bdb662fb17ef2fb66685935056851a90695815508b39e8a9ab982633610115f6efe6ffd21e356bf9f64946e71ad66a,JF360731,,08/13/2022 10:45:00 PM,20,UNKNOWN,UNKNOWN,CLEAR,DARKNESS,PEDALCYCLIST,OTHER,,STRAIGHT AND LEVEL,DRY,NO DEFECTS,ON SCENE,INJURY AND / OR TOW DUE TO CRASH,Y,,Y,$500 OR LESS,08/13/2022 11:01:00 PM,UNABLE TO DETERMINE,FAILING TO REDUCE SPEED TO AVOID CRASH,10716,S,FOREST AVE,513,,,,,,,2,NONINCAPACITATING INJURY,1,0,0,1,0,1,0,22,7,8,41.699450692,-87.616136573,POINT (-87.616136572974 41.699450691756)
d8548b667f146944f6aafcc8ed779998a39be1616b82e5a7136d28289eb1f0eaa3d8216d734f4438d5cf5fb00366892dfc3a44844ece9b7f03052dd4b51d091e,JF355782,,08/13/2022 09:25:00 PM,25,STOP SIGN/FLASHER,FUNCTIONING PROPERLY,CLEAR,DARKNESS,PEDALCYCLIST,FOUR WAY,,STRAIGHT AND LEVEL,DRY,NO DEFECTS,ON SCENE,INJURY AND / OR TOW DUE TO CRASH,Y,,Y,"$501 - $1,500",08/13/2022 09:25:00 PM,DISREGARDING STOP SIGN,UNABLE TO DETERMINE,6200,N,CAMPBELL AVE,2413,,,,,,,2,INCAPACITATING INJURY,1,0,1,0,0,1,0,21,7,8,41.994152246,-87.692360304,POINT (-87.692360303803 41.99415224605)
7f978bafa160e34ea2820ba8c8f3edca016ba2e76fb3902170f6b0c03e986ab9b88cf003cef4bf7feda5a93d52363ff0878b2929e4267ff547a59cac364ffbed,JF222390,,04/27/2022 07:32:00 PM,30,TRAFFIC SIGNAL,FUNCTIONING PROPERLY,CLEAR,DAYLIGHT,PEDALCYCLIST,NOT DIVIDED,,STRAIGHT AND LEVEL,DRY,UNKNOWN,ON SCENE,INJURY AND / OR TOW DUE TO CRASH,Y,,Y,"OVER $1,500",04/27/2022 07:36:00 PM,FAILING TO YIELD RIGHT-OF-WAY,FAILING TO REDUCE SPEED TO AVOID CRASH,400,W,FULLERTON PKWY,1935,,,,,,,2,NONINCAPACITATING INJURY,1,0,0,1,0,1,0,19,4,4,41.925719927,-87.639189329,POINT (-87.639189328978 41.925719927241)
7f1b3f026e3670e8d6a1bcc3b0df60f600ea722ca4bf57403e8975582ba4bf34f5fc2336f2c71c356121acce1a65f5b3520cdba8166aec6dc3ca187bcbbe920d,JE378365,,09/18/2021 12:05:00 PM,30,NO CONTROLS,NO CONTROLS,CLEAR,DAYLIGHT,PEDALCYCLIST,NOT DIVIDED,,STRAIGHT AND LEVEL,DRY,UNKNOWN,NOT ON SCENE (DESK REPORT),NO INJURY / DRIVE AWAY,,,Y,$500 OR LESS,09/18/2021 12:30:00 PM,FAILING TO YIELD RIGHT-OF-WAY,IMPROPER LANE USAGE,700,N,FRANKLIN ST,1831,,,,,,,2,NO INDICATION OF INJURY,0,0,0,0,0,3,0,12,7,9,41.894807903,-87.63580991,POINT (-87.635809910187 41.894807902687)
2c2e3bb11ead43428d4ad28bae7b436668966bcb91fd78533504132e32b611e98de50d06f93282422dfc268ec579043cc11a46b7915a4940bb135b84a998e2e6,JF327499,,07/22/2022 03:45:00 PM,30,NO CONTROLS,NO CONTROLS,CLEAR,DAYLIGHT,PEDALCYCLIST,DIVIDED - W/MEDIAN (NOT RAISED),,STRAIGHT AND LEVEL,DRY,NO DEFECTS,,INJURY AND / OR TOW DUE TO CRASH,,,Y,$500 OR LESS,07/22/2022 03:46:00 PM,IMPROPER OVERTAKING/PASSING,NOT APPLICABLE,4900,W,CHICAGO AVE,1531,,,,,,,2,NONINCAPACITATING INJURY,1,0,0,1,0,1,0,15,6,7,41.895093615,-87.748381715,POINT (-87.748381714962 41.895093614751)
832275562b947a07cfd64c713191034a536007c33947df06af65f9adc033597164a6bf8fffcb4afb07522c8e2a23e408c48b5ea63efb1ef2bacff1a582cf2587,JF373734,,08/28/2022 02:00:00 AM,30,NO CONTROLS,NO CONTROLS,CLEAR,"DARKNESS, LIGHTED ROAD",PEDALCYCLIST,NOT DIVIDED,,STRAIGHT AND LEVEL,DRY,NO DEFECTS,NOT ON SCENE (DESK REPORT),INJURY AND / OR TOW DUE TO CRASH,,,,"$501 - $1,500",08/28/2022 02:20:00 PM,FAILING TO YIELD RIGHT-OF-WAY,NOT APPLICABLE,1973,N,HALSTED ST,1813,,,,,,,2,NONINCAPACITATING INJURY,1,0,0,1,0,1,0,2,1,8,41.918022185,-87.648355209,POINT (-87.648355208709 41.918022185172)
b4d478bc8600319db0d9c3a611ec83db0a13532534ac58a230937286ffc2fc20429a9b875c3bc48adebddffc3c5a832ca9c77614ced3cf9053b3e7fcd3b3958e,JF371237,,08/26/2022 02:21:00 PM,20,STOP SIGN/FLASHER,FUNCTIONING PROPERLY,CLEAR,DAYLIGHT,PEDALCYCLIST,PARKING LOT,,STRAIGHT AND LEVEL,DRY,NO DEFECTS,ON SCENE,INJURY AND / OR TOW DUE TO CRASH,,,,$500 OR LESS,08/26/2022 02:30:00 PM,DRIVING SKILLS/KNOWLEDGE/EXPERIENCE,UNABLE TO DETERMINE,821,W,63RD ST,723,,,,,,,2,NONINCAPACITATING INJURY,1,0,0,1,0,1,0,14,6,8,41.779627087,-87.645736347,POINT (-87.645736347428 41.779627087199)
7d85e16726b8c8a3b953d20430277c43fd7d69918257129a298f401a6e3fdcede426e565277f4748bf8d70fb70429c90c6426e4ca9d06598960edcc6c771b417,JF356555,,08/14/2022 03:10:00 PM,30,TRAFFIC SIGNAL,FUNCTIONING PROPERLY,CLEAR,DAYLIGHT,PEDALCYCLIST,DIVIDED - W/MEDIAN BARRIER,,STRAIGHT AND LEVEL,DRY,NO DEFECTS,ON SCENE,INJURY AND / OR TOW DUE TO CRASH,Y,,,"$501 - $1,500",08/14/2022 03:10:00 PM,"OPERATING VEHICLE IN ERRATIC, RECKLESS, CARELESS, NEGLIGENT OR AGGRESSIVE MANNER",FAILING TO REDUCE SPEED TO AVOID CRASH,5000,N,BROADWAY,2033,,,,,,,2,"REPORTED, NOT EVIDENT",1,0,0,0,1,2,0,15,1,8,41.972702522,-87.65991573,POINT (-87.659915730223 41.972702521692)
8038142f3dc521d5c83f5b4602e8716f37a7e34891d2db92fbb479aad5e1264eacea99c217dd83bc0b3ec8b14f36e14d4510b5bc9c3e7a55ec72aad20173b80e,JE369297,,09/11/2021 05:50:00 AM,30,TRAFFIC SIGNAL,FUNCTIONING PROPERLY,CLEAR,DAWN,PEDALCYCLIST,FOUR WAY,,STRAIGHT AND LEVEL,DRY,NO DEFECTS,ON SCENE,INJURY AND / OR TOW DUE TO CRASH,Y,,,"OVER $1,500",09/11/2021 06:46:00 AM,UNABLE TO DETERMINE,UNABLE TO DETERMINE,1331,W,DIVISION ST,1213,,,,,,,2,NONINCAPACITATING INJURY,1,0,0,1,0,1,0,5,7,9,41.903318889,-87.661778784,POINT (-87.661778784139 41.903318889121)
e4d61f990505625501a802afbbdf102eeac3a15355c57eed9668c3b22ad34a14dc12067e96762c847901eae2fbeea4b0384626ed1d8f0e3ae0162aaa5826c41b,JF356954,,08/14/2022 10:52:00 PM,30,NO CONTROLS,NO CONTROLS,CLEAR,"DARKNESS, LIGHTED ROAD",PEDALCYCLIST,ONE-WAY,,STRAIGHT AND LEVEL,DRY,NO DEFECTS,ON SCENE,INJURY AND / OR TOW DUE TO CRASH,,,Y,"$501 - $1,500",08/14/2022 10:53:00 PM,NOT APPLICABLE,NOT APPLICABLE,2200,W,GREENLEAF AVE,2411,,,,,,,2,NONINCAPACITATING INJURY,1,0,0,1,0,1,0,22,1,8,42.010103969,-87.686154245,POINT (-87.686154244972 42.010103969487)
638b0383d2d985c0f01ff2785fff366e0a480884799ae41b34198d545845a775edbeeffa3b2e2c4523cf5673fd35ed2da2a22a1a0c2b07edba56d891c5e01581,JF374890,,07/31/2022 03:20:00 PM,30,NO CONTROLS,NO CONTROLS,CLEAR,DAYLIGHT,PEDALCYCLIST,NOT DIVIDED,,STRAIGHT AND LEVEL,DRY,NO DEFECTS,NOT ON SCENE (DESK REPORT),INJURY AND / OR TOW DUE TO CRASH,,,Y,$500 OR LESS,08/29/2022 02:00:00 PM,IMPROPER OVERTAKING/PASSING,UNABLE TO DETERMINE,721,W,WILSON DR,1914,,,,,,,2,NONINCAPACITATING INJURY,1,0,0,1,0,1,0,15,1,7,41.965405881,-87.648462932,POINT (-87.648462931521 41.965405881419)
92bae88097969c52a0d272b6a3967763b6e86df0a5c1dfd4ef9777128ea8feda3a029f355667d41ee14e26b11be40122ba00eaf5de8b6d0ef6e0f7072ea308be,JF362589,,08/19/2022 07:40:00 AM,30,TRAFFIC SIGNAL,FUNCTIONING PROPERLY,CLEAR,DAYLIGHT,PEDALCYCLIST,FOUR WAY,,STRAIGHT AND LEVEL,DRY,NO DEFECTS,,INJURY AND / OR TOW DUE TO CRASH,Y,,Y,$500 OR LESS,08/19/2022 01:45:00 PM,FAILING TO YIELD RIGHT-OF-WAY,UNABLE TO DETERMINE,957,N,OAKLEY BLVD,1212,,,,,,,2,"REPORTED, NOT EVIDENT",1,0,0,0,1,1,0,7,6,8,41.89931517,-87.684337078,POINT (-87.684337077952 41.899315170217)
096a147c178c609bd511bc5142eb1c0ed7ce2ac75cccf026f2685994ed4217abac77024764fa895a89371909989dbb12c239ab0702d7f30b277c50a9fba0bbb8,JF374837,,08/29/2022 01:05:00 PM,15,NO CONTROLS,NO CONTROLS,RAIN,DAYLIGHT,PEDALCYCLIST,ONE-WAY,,STRAIGHT AND LEVEL,WET,NO DEFECTS,ON SCENE,INJURY AND / OR TOW DUE TO CRASH,,,,$500 OR LESS,08/29/2022 01:15:00 PM,FAILING TO YIELD RIGHT-OF-WAY,NOT APPLICABLE,2533,E,78TH ST,421,,,,,,,2,NONINCAPACITATING INJURY,1,0,0,1,0,1,0,13,2,8,41.753484793,-87.562568599,POINT (-87.562568599221 41.753484793226)
81b158c67e715e18170ddf26144d50c4bb76e8127ff94520b2c78fcaeb7a332a7158f57f2b3301be752cfe6ffaec862bc9098978a0a8fe6524a4c300fe0fda8c,JF264779,,06/02/2022 11:05:00 AM,25,NO CONTROLS,NO CONTROLS,CLEAR,DAYLIGHT,PEDALCYCLIST,ONE-WAY,,STRAIGHT AND LEVEL,DRY,NO DEFECTS,ON SCENE,NO INJURY / DRIVE AWAY,Y,,,$500 OR LESS,06/02/2022 11:07:00 AM,UNABLE TO DETERMINE,NOT APPLICABLE,1020,W,ARDMORE AVE,2022,,,,,,,2,NO INDICATION OF INJURY,0,0,0,0,0,2,0,11,5,6,41.987450377,-87.656233897,POINT (-87.656233897377 41.987450376687)
7aa80d74b8b9cc6f367fb64dd0663638453cf8d0fbbe04669458f632d9ef0605e3f783fd7cf82cf206be433d5b97646fb9c1e3e7c13b8f3cbc693baa5d1892a6,JF358164,,08/15/2022 09:36:00 PM,15,NO CONTROLS,NO CONTROLS,CLEAR,"DARKNESS, LIGHTED ROAD",PEDALCYCLIST,ONE-WAY,,STRAIGHT AND LEVEL,DRY,NO DEFECTS,ON SCENE,INJURY AND / OR TOW DUE TO CRASH,,,,"OVER $1,500",08/15/2022 09:46:00 PM,DRIVING ON WRONG SIDE/WRONG WAY,NOT APPLICABLE,541,W,OAKDALE AVE,1934,,,,,,,2,NONINCAPACITATING INJURY,1,0,0,1,0,1,0,21,2,8,41.935425761,-87.643446206,POINT (-87.643446206337 41.935425761136)
91f853e8d0e45de5d3c75ce12c1956805961e8828e53c514407c162dec30724a2f9c58eba9f136974ea5a2d4086e976fd67147efa99b997eab2d9c214f76439c,JF357812,,08/15/2022 04:30:00 PM,35,NO CONTROLS,NO CONTROLS,CLEAR,DAYLIGHT,PEDALCYCLIST,DIVIDED - W/MEDIAN (NOT RAISED),,STRAIGHT AND LEVEL,DRY,NO DEFECTS,ON SCENE,INJURY AND / OR TOW DUE TO CRASH,,,,$500 OR LESS,08/15/2022 04:32:00 PM,UNABLE TO DETERMINE,NOT APPLICABLE,6930,S,PULASKI RD,833,,,,,,,2,NONINCAPACITATING INJURY,1,0,0,1,0,1,0,16,2,8,41.766777248,-87.722607907,POINT (-87.722607907313 41.766777248178)
a85ec546fec5c2b6e42c3c5209c3bab5779d51477ec1f54746033e9697bc1dd3aa345bd6e6bb643672ed280dfaf25cf8722242d05ce3ca415776b8669a3af22e,JF357912,,08/15/2022 05:10:00 PM,30,STOP SIGN/FLASHER,UNKNOWN,CLEAR,DAYLIGHT,PEDALCYCLIST,NOT DIVIDED,,STRAIGHT AND LEVEL,UNKNOWN,UNKNOWN,NOT ON SCENE (DESK REPORT),NO INJURY / DRIVE AWAY,,,,"OVER $1,500",08/15/2022 05:30:00 PM,UNABLE TO DETERMINE,UNABLE TO DETERMINE,6257,N,ORIOLE AVE,1612,,,,,,,2,NO INDICATION OF INJURY,0,0,0,0,0,2,0,17,2,8,41.995118488,-87.816560129,POINT (-87.816560128701 41.995118488117)
33d3e1d130e78392280ea65ee32495e63e32c0d5b5778fdcc7be3d8a20b07c55b328c93b67330e184f4399ff0e84c1f12bbc03b35053a5a7792420ac6d1484b9,JF376547,,08/29/2022 07:45:00 AM,30,NO CONTROLS,NO CONTROLS,UNKNOWN,UNKNOWN,PEDALCYCLIST,NOT DIVIDED,,STRAIGHT AND LEVEL,UNKNOWN,UNKNOWN,NOT ON SCENE (DESK REPORT),INJURY AND / OR TOW DUE TO CRASH,,,,"OVER $1,500",08/30/2022 05:41:00 PM,IMPROPER TURNING/NO SIGNAL,NOT APPLICABLE,3737,N,WESTERN AVE,1921,,,,,,,2,"REPORTED, NOT EVIDENT",1,0,0,0,1,1,0,7,2,8,41.949664551,-87.688192141,POINT (-87.688192140823 41.949664551074)
2890bb0eb239198a23a69d2b91ac16e56ec481538026dda503d182e45c3dd011656d136950076ce4731bb3cdc80020be5a748f3821ce0e8caab190c0a2024929,JF374042,,08/27/2022 10:45:00 AM,30,STOP SIGN/FLASHER,FUNCTIONING PROPERLY,CLEAR,DAYLIGHT,PEDALCYCLIST,ONE-WAY,,STRAIGHT AND LEVEL,UNKNOWN,UNKNOWN,NOT ON SCENE (DESK REPORT),NO INJURY / DRIVE AWAY,Y,,,$500 OR LESS,08/28/2022 07:30:00 PM,FAILING TO YIELD RIGHT-OF-WAY,NOT APPLICABLE,8400,S,ST LAWRENCE AVE,632,,,,,,,2,NO INDICATION OF INJURY,0,0,0,0,0,2,0,10,7,8,41.742013473,-87.609967325,POINT (-87.609967324536 41.742013473087)
b116122bfb0e46d08ac911b67d533d6fb892bca6e5d9aa0f225f1ddb1d39ebe61661bd22a732b08490d4155cfcf7009db81132d7b15e551ae00b460e8dfacaf5,JF358816,,08/16/2022 01:15:00 PM,30,STOP SIGN/FLASHER,FUNCTIONING PROPERLY,CLEAR,DAYLIGHT,PEDALCYCLIST,DIVIDED - W/MEDIAN (NOT RAISED),,STRAIGHT AND LEVEL,DRY,NO DEFECTS,ON SCENE,INJURY AND / OR TOW DUE TO CRASH,Y,,,$500 OR LESS,08/16/2022 01:15:00 PM,UNABLE TO DETERMINE,NOT APPLICABLE,6101,S,NARRAGANSETT AVE,812,,,,,,,2,NONINCAPACITATING INJURY,1,0,0,1,0,1,0,13,3,8,41.781254039,-87.781247113,POINT (-87.781247113038 41.781254039043)
b8970efba637226fd10c8626118174029e9ec58df02c429de0add3976f5bae987ee0c46e11a4aa04ed651e0f43130d98556a07a7ba1f645c3981ea282a48a8dc,JF359356,,08/16/2022 07:42:00 PM,25,STOP SIGN/FLASHER,FUNCTIONING PROPERLY,CLEAR,DUSK,PEDALCYCLIST,ONE-WAY,,STRAIGHT AND LEVEL,DRY,NO DEFECTS,ON SCENE,INJURY AND / OR TOW DUE TO CRASH,,,Y,"OVER $1,500",08/16/2022 07:42:00 PM,UNABLE TO DETERMINE,NOT APPLICABLE,5900,W,GEORGE ST,2514,,,,,,,2,NONINCAPACITATING INJURY,1,0,0,1,0,1,0,19,3,8,41.933110017,-87.773661152,POINT (-87.773661152308 41.933110016675)
dc4db506591213e9abe3626ba15ba903edc6a1b6dcc13844681a25c1db6392cb1ae5cf5bc36e46b2c8fdc78297fab1b623c2b06aa21598872a84832e5a903cf1,JF359286,,08/16/2022 06:38:00 PM,30,TRAFFIC SIGNAL,FUNCTIONING PROPERLY,CLEAR,DAYLIGHT,PEDALCYCLIST,T-INTERSECTION,,STRAIGHT AND LEVEL,DRY,NO DEFECTS,ON SCENE,INJURY AND / OR TOW DUE TO CRASH,Y,,,"OVER $1,500",08/16/2022 06:42:00 PM,UNABLE TO DETERMINE,NOT APPLICABLE,6815,N,KEDZIE AVE,2411,,,,,,,2,INCAPACITATING INJURY,1,0,1,0,0,1,0,18,3,8,42.005123567,-87.709187928,POINT (-87.709187928022 42.005123567345)
de4c038e71fa81f5fb9079ecf328595a76c5b3555b7e02a6c277f6cc55359c44009e6e3574ff75e48686b6b22c543b9b6c874f21d473df0c883f19f846cfb463,JF359405,,08/16/2022 04:30:00 PM,30,TRAFFIC SIGNAL,NO CONTROLS,CLEAR,DAYLIGHT,PEDALCYCLIST,FOUR WAY,,STRAIGHT AND LEVEL,DRY,NO DEFECTS,ON SCENE,INJURY AND / OR TOW DUE TO CRASH,Y,,Y,$500 OR LESS,08/16/2022 07:57:00 PM,DISREGARDING TRAFFIC SIGNALS,UNABLE TO DETERMINE,200,E,60TH ST,232,,,,,,,2,NONINCAPACITATING INJURY,1,0,0,1,0,1,0,16,3,8,41.785728011,-87.620539198,POINT (-87.620539198056 41.785728011257)
e1f0084bb6b082fb11ccb87f27404c3ed7e6d17d211de2031ba55c41adc57bba6ad3275cf68407ce5c134d293e199cfc791bd385548bf3ece1b2209932c13be9,JF358440,,08/16/2022 08:20:00 AM,30,TRAFFIC SIGNAL,FUNCTIONING PROPERLY,CLEAR,DAYLIGHT,PEDALCYCLIST,FOUR WAY,,STRAIGHT AND LEVEL,DRY,NO DEFECTS,ON SCENE,INJURY AND / OR TOW DUE TO CRASH,Y,,,$500 OR LESS,08/16/2022 08:26:00 AM,UNABLE TO DETERMINE,UNABLE TO DETERMINE,800,S,ASHLAND AVE,1231,,,,,,,2,"REPORTED, NOT EVIDENT",1,0,0,0,1,2,0,8,3,8,41.871565991,-87.666675414,POINT (-87.666675414457 41.871565990609)
e46a7e3969115bdf59da553ec4fb8af3e6a17138a9c5a9fe99e12fc14ceaab5bdae0f42642c852c5a95d896744b154da36be18e6cc4d2e2d39ec3af15ee79e6d,JF359169,,08/16/2022 05:13:00 PM,25,STOP SIGN/FLASHER,FUNCTIONING PROPERLY,CLEAR,DAYLIGHT,PEDALCYCLIST,FOUR WAY,,STRAIGHT AND LEVEL,DRY,NO DEFECTS,ON SCENE,INJURY AND / OR TOW DUE TO CRASH,Y,,,"OVER $1,500",08/16/2022 05:13:00 PM,DRIVING SKILLS/KNOWLEDGE/EXPERIENCE,UNABLE TO DETERMINE,5200,S,MENARD AVE,811,,,,,,,2,INCAPACITATING INJURY,1,0,1,0,0,1,0,17,3,8,41.798053756,-87.767490551,POINT (-87.767490551481 41.798053755599)
81eb01dfd53853f85fa75880b0993c088b144bf6da342d605e8e7e5536b00d3299a087815af77039ff633fb1e6d02781cf08883378783af74076154546424db7,JF261191,,05/30/2022 01:50:00 PM,15,STOP SIGN/FLASHER,FUNCTIONING PROPERLY,CLEAR,DAYLIGHT,PEDALCYCLIST,T-INTERSECTION,,STRAIGHT AND LEVEL,DRY,NO DEFECTS,NOT ON SCENE (DESK REPORT),NO INJURY / DRIVE AWAY,N,,,$500 OR LESS,05/30/2022 03:29:00 PM,OBSTRUCTED CROSSWALKS,NOT APPLICABLE,1550,N,KOSTNER AVE,2533,,,,,,,2,NO INDICATION OF INJURY,0,0,0,0,0,5,0,13,2,5,41.909142875,-87.736473987,POINT (-87.736473987458 41.909142874651)
4764dea4dd30fed5073c08d6e8ad49dacece8f4729da758bdfab2b63c70edb76bc4b13d930ceb40a4671b0d5e2f24d4f604f60f9a3b35b2d19393f3770ead9f7,JF377098,,08/31/2022 06:54:00 AM,30,TRAFFIC SIGNAL,FUNCTIONING PROPERLY,CLEAR,DAYLIGHT,PEDALCYCLIST,FOUR WAY,,STRAIGHT AND LEVEL,DRY,NO DEFECTS,NOT ON SCENE (DESK REPORT),INJURY AND / OR TOW DUE TO CRASH,,,Y,"$501 - $1,500",08/31/2022 07:02:00 AM,UNABLE TO DETERMINE,UNABLE TO DETERMINE,4801,W,DIVERSEY AVE,2521,,,,,,,2,NONINCAPACITATING INJURY,1,0,0,1,0,1,0,6,4,8,41.931421913,-87.746715457,POINT (-87.746715457234 41.931421912693)
6136d26b35479dc1c4e269ccbfdc2fa8d10c36998d2b5490215f43a0d19035e09a420159cb3c5f8cad0f7f37cd7a0ee3adbb5f3589acb21885e6037d1aee6eed,JF377199,,08/31/2022 08:30:00 AM,30,TRAFFIC SIGNAL,FUNCTIONING PROPERLY,CLEAR,DAYLIGHT,PEDALCYCLIST,T-INTERSECTION,,STRAIGHT AND LEVEL,DRY,NO DEFECTS,ON SCENE,NO INJURY / DRIVE AWAY,Y,,,$500 OR LESS,08/31/2022 08:35:00 AM,UNABLE TO DETERMINE,NOT APPLICABLE,6100,N,LINCOLN AVE,1711,,,,,,,2,NO INDICATION OF INJURY,0,0,0,0,0,2,0,8,4,8,41.99290771,-87.711705782,POINT (-87.711705782475 41.992907710051)
2fe1998070e7d89b5c0469086664f9013f754a0ce0a936cb2d6316d143624dbf31900c984fabe87735254c9d699cad539c19940c100ced817a6d5b06b448cdd5,JF313872,,07/11/2022 05:48:00 PM,30,STOP SIGN/FLASHER,FUNCTIONING PROPERLY,CLEAR,DAYLIGHT,PEDALCYCLIST,DIVIDED - W/MEDIAN (NOT RAISED),,STRAIGHT AND LEVEL,DRY,NO DEFECTS,,INJURY AND / OR TOW DUE TO CRASH,,,Y,"OVER $1,500",07/11/2022 05:48:00 PM,DISREGARDING STOP SIGN,UNABLE TO DETERMINE,1957,W,SCHOOL ST,1922,,,,,,,2,NONINCAPACITATING INJURY,1,0,0,1,0,1,0,17,2,7,41.941289887,-87.678205237,POINT (-87.678205237447 41.941289886754)
f97bab399c4992b277a5848098df713f37de9d04bd5fdb2bc49650d6dc73567b8640077a3eb488525ef2da5f075f011715598822a345f5a8af3da15a40f011a3,JF374519,,08/29/2022 08:50:00 AM,30,NO CONTROLS,NO CONTROLS,CLEAR,DAYLIGHT,PEDALCYCLIST,DIVIDED - W/MEDIAN (NOT RAISED),,STRAIGHT AND LEVEL,DRY,NO DEFECTS,,INJURY AND / OR TOW DUE TO CRASH,,,Y,"OVER $1,500",08/29/2022 08:55:00 AM,UNABLE TO DETERMINE,UNABLE TO DETERMINE,2758,N,MILWAUKEE AVE,1412,,,,,,,2,"REPORTED, NOT EVIDENT",1,0,0,0,1,1,0,8,2,8,41.931217765,-87.711164673,POINT (-87.711164672885 41.931217764905)
2b78c981a1e140c6f07344a6fcdbed494e997e9b23e609ea5eb7573fc17911e6e22956933e328ea256909a4eb7d7fc509e4383d7b12cb1f3e95a2db62858d1ee,JF378140,,08/31/2022 08:08:00 PM,30,TRAFFIC SIGNAL,FUNCTIONING PROPERLY,CLEAR,"DARKNESS, LIGHTED ROAD",PEDALCYCLIST,FOUR WAY,,STRAIGHT AND LEVEL,DRY,NO DEFECTS,ON SCENE,INJURY AND / OR TOW DUE TO CRASH,Y,,,"$501 - $1,500",08/31/2022 08:08:00 PM,UNABLE TO DETERMINE,UNABLE TO DETERMINE,3200,N,DAMEN AVE,1921,,,,,,,2,INCAPACITATING INJURY,1,0,1,0,0,1,0,20,4,8,41.939616105,-87.678503529,POINT (-87.678503528692 41.939616104748)
43aa1196230618424621a7f645d6f3c6bb3185279e16981b41f9057698230a639861d55f3133a803c2b20b7f087c3b5ccd117db5c61a8ddce4bff44417a96f7b,JF360439,,08/17/2022 05:05:00 PM,35,TRAFFIC SIGNAL,FUNCTIONING PROPERLY,CLEAR,DAYLIGHT,PEDALCYCLIST,NOT DIVIDED,,STRAIGHT AND LEVEL,DRY,NO DEFECTS,ON SCENE,INJURY AND / OR TOW DUE TO CRASH,Y,,,$500 OR LESS,08/17/2022 05:15:00 PM,FAILING TO YIELD RIGHT-OF-WAY,FAILING TO YIELD RIGHT-OF-WAY,999,W,FULLERTON AVE,1812,,,,,,,2,NONINCAPACITATING INJURY,1,0,0,1,0,1,0,17,4,8,41.925268276,-87.653487564,POINT (-87.653487564139 41.925268275703)
9661d3bccaa8b8271cf513c7534cc743f94cf90b1d637a6744ba4419b0abdf7a7b815658828f22c9b9d25c720c24113a2b7f88d158dcaddbf656572fb53ad076,JF360574,,08/17/2022 05:20:00 PM,30,NO CONTROLS,FUNCTIONING PROPERLY,CLEAR,DAYLIGHT,PEDALCYCLIST,NOT DIVIDED,,STRAIGHT AND LEVEL,DRY,NO DEFECTS,NOT ON SCENE (DESK REPORT),NO INJURY / DRIVE AWAY,,,,"$501 - $1,500",08/17/2022 07:21:00 PM,FAILING TO REDUCE SPEED TO AVOID CRASH,UNABLE TO DETERMINE,2232,W,PERSHING RD,912,,,,,,,2,NO INDICATION OF INJURY,0,0,0,0,0,2,0,17,4,8,41.823142424,-87.681410532,POINT (-87.68141053222 41.823142424205)
aa17b06e6e614fe66377d684ce41ba574daa1af5c4460d02f6bab1c5fd846c3140ad1956b51d15c19184d4c813e47de474e0f29993e4fd7fc9ea88cd3c718b8a,JF360639,,08/17/2022 05:50:00 PM,30,TRAFFIC SIGNAL,FUNCTIONING PROPERLY,CLEAR,"DARKNESS, LIGHTED ROAD",PEDALCYCLIST,DIVIDED - W/MEDIAN (NOT RAISED),,STRAIGHT AND LEVEL,DRY,NO DEFECTS,NOT ON SCENE (DESK REPORT),INJURY AND / OR TOW DUE TO CRASH,,,Y,"$501 - $1,500",08/17/2022 08:00:00 PM,UNABLE TO DETERMINE,NOT APPLICABLE,1958,N,MILWAUKEE AVE,1434,,,,,,,2,NONINCAPACITATING INJURY,1,0,0,1,0,1,0,17,4,8,41.91693959,-87.687828323,POINT (-87.687828322989 41.916939590331)