CRASH_RECORD_ID,RD_NO,CRASH_DATE_EST_I,CRASH_DATE,POSTED_SPEED_LIMIT,TRAFFIC_CONTROL_DEVICE,DEVICE_CONDITION,WEATHER_CONDITION,LIGHTING_CONDITION,FIRST_CRASH_TYPE,TRAFFICWAY_TYPE,LANE_CNT,ALIGNMENT,ROADWAY_SURFACE_COND,ROAD_DEFECT,REPORT_TYPE,CRASH_TYPE,INTERSECTION_RELATED_I,NOT_RIGHT_OF_WAY_I,HIT_AND_RUN_I,DAMAGE,DATE_POLICE_NOTIFIED,PRIM_CONTRIBUTORY_CAUSE,SEC_CONTRIBUTORY_CAUSE,STREET_NO,STREET_DIRECTION,STREET_NAME,BEAT_OF_OCCURRENCE,PHOTOS_TAKEN_I,STATEMENTS_TAKEN_I,DOORING_I,WORK_ZONE_I,WORK_ZONE_TYPE,WORKERS_PRESENT_I,NUM_UNITS,MOST_SEVERE_INJURY,INJURIES_TOTAL,INJURIES_FATAL,INJURIES_INCAPACITATING,INJURIES_NON_INCAPACITATING,INJURIES_REPORTED_NOT_EVIDENT,INJURIES_NO_INDICATION,INJURIES_UNKNOWN,CRASH_HOUR,CRASH_DAY_OF_WEEK,CRASH_MONTH,LATITUDE,LONGITUDE,LOCATION
88c8a13bf907b88d93a4e90b5e71e05c128aaaebe8c7b04695eddf42a9394dab62a4ce0274999ac78dfbf32ae49a2d010babeb5fe892e7d041eda6ac5b128a9f,JF312145,,07/10/2022 12:00:00 PM,30,NO CONTROLS,NOT FUNCTIONING,CLEAR,DAYLIGHT,PEDALCYCLIST,NOT DIVIDED,,STRAIGHT AND LEVEL,DRY,NO DEFECTS,ON SCENE,INJURY AND / OR TOW DUE TO CRASH,,,Y,$500 OR LESS,07/10/2022 12:06:00 PM,IMPROPER OVERTAKING/PASSING,IMPROPER OVERTAKING/PASSING,6004,N,KIMBALL AVE,1711,,,,,,,2,NONINCAPACITATING INJURY,1,0,0,1,0,1,0,12,1,7,41.990516133,-87.714138067,POINT (-87.714138066936 41.990516132573)
8965f141d1170023575efba0a72cb1ff7d00a3558dfed444a67075417e149d22bb419bd98b95bed8e578e9fa2789c153997efc998f29630eabe048959e752aca,JF192989,,03/31/2022 07:38:00 PM,30,NO CONTROLS,NO CONTROLS,SNOW,"DARKNESS, LIGHTED ROAD",PEDALCYCLIST,FOUR WAY,,STRAIGHT AND LEVEL,WET,NO DEFECTS,ON SCENE,INJURY AND / OR TOW DUE TO CRASH,,,,"$501 - $1,500",03/31/2022 07:40:00 PM,FAILING TO YIELD RIGHT-OF-WAY,NOT APPLICABLE,3502,W,BRYN MAWR AVE,1711,,,,,,,2,NONINCAPACITATING INJURY,1,0,0,1,0,1,0,19,5,3,41.983080716,-87.716316335,POINT (-87.71631633526 41.983080715735)
8adbabefe923b96e47e07bcae55c8814e3c64e90fe3282d2ef8e00247c3d102a38682f48e1f2ed1076c0d1b4bc43ec702136c90fb018dee5492d55c0cfdee4d7,JF269634,,06/06/2022 12:01:00 PM,30,NO CONTROLS,NO CONTROLS,RAIN,DAYLIGHT,PEDALCYCLIST,ONE-WAY,,STRAIGHT AND LEVEL,WET,NO DEFECTS,ON SCENE,INJURY AND / OR TOW DUE TO CRASH,,,,"OVER $1,500",06/06/2022 12:37:00 PM,UNABLE TO DETERMINE,UNABLE TO DETERMINE,6455,S,MARSHFIELD AVE,725,,,Y,,,,2,NONINCAPACITATING INJURY,1,0,0,1,0,1,0,12,2,6,41.7760227,-87.665248057,POINT (-87.665248057084 41.776022700358)
8cc69887c8b8d360069434a3b3edc4e66f30e38ca6d7a6959a8b123124fc14aedbe98075f5b90d10f9e214502975635f475cd29ad14f3869b9793be4308bd037,JE485470,,12/22/2021 02:00:00 AM,30,TRAFFIC SIGNAL,FUNCTIONING PROPERLY,CLEAR,DAYLIGHT,PEDALCYCLIST,FOUR WAY,,STRAIGHT AND LEVEL,DRY,NO DEFECTS,ON SCENE,NO INJURY / DRIVE AWAY,Y,,Y,"OVER $1,500",12/22/2021 02:01:00 AM,UNABLE TO DETERMINE,UNABLE TO DETERMINE,3955,W,BELMONT AVE,2523,,,,,,,2,NO INDICATION OF INJURY,0,0,0,0,0,2,0,2,4,12,41.939000469,-87.725890363,POINT (-87.725890363389 41.93900046907)
8a8dd4b4103a400222b3552b45e80c1ca6547e9421b2ac242d594084fc145cc149e73e0f0639ce119b0f7a1961ac27134118205914058fee06e404cc154b325c,JF219538,,04/25/2022 11:20:00 AM,30,NO CONTROLS,NO CONTROLS,CLEAR,DAYLIGHT,PEDALCYCLIST,NOT DIVIDED,,STRAIGHT AND LEVEL,DRY,NO DEFECTS,ON SCENE,INJURY AND / OR TOW DUE TO CRASH,,,,$500 OR LESS,04/25/2022 11:20:00 AM,IMPROPER LANE USAGE,IMPROPER LANE USAGE,1235,S,MICHIGAN AVE,132,,Y,,,,,2,NONINCAPACITATING INJURY,1,0,0,1,0,1,0,11,2,4,41.866493274,-87.623985659,POINT (-87.623985658805 41.866493273868)
8bb08de6b4b5d930bfda74a8ff9e5b64dbb314d908ea656f87340a41d71fa0709a249cf048a3c5522e1b81286be67dadb176595d858471495e587d2c55274934,JF297769,,06/28/2022 06:49:00 PM,25,NO CONTROLS,NO CONTROLS,CLEAR,DAYLIGHT,PEDALCYCLIST,NOT DIVIDED,,STRAIGHT AND LEVEL,DRY,NO DEFECTS,ON SCENE,NO INJURY / DRIVE AWAY,,,,"OVER $1,500",06/28/2022 07:20:00 PM,NOT APPLICABLE,NOT APPLICABLE,1416,W,BELMONT AVE,1922,,,,,,,2,NO INDICATION OF INJURY,0,0,0,0,0,1,0,18,3,6,41.939862663,-87.664546369,POINT (-87.664546369366 41.939862663062)
8b39ee8cf98fd6cb33d1a2bd34af5aebf6f4a7b19e340704a572fd0981e2a93566387da06d66fb8612e2dec486d5078a02186f3e1c3c5368de80e7aedc5571d3,JF241952,,05/09/2022 09:30:00 PM,35,TRAFFIC SIGNAL,FUNCTIONING PROPERLY,CLEAR,"DARKNESS, LIGHTED ROAD",PEDALCYCLIST,NOT DIVIDED,,STRAIGHT AND LEVEL,DRY,NO DEFECTS,NOT ON SCENE (DESK REPORT),INJURY AND / OR TOW DUE TO CRASH,Y,,Y,"OVER $1,500",05/14/2022 12:00:00 PM,UNABLE TO DETERMINE,UNABLE TO DETERMINE,4000,N,WESTERN AVE,1911,,,,,,,2,NONINCAPACITATING INJURY,1,0,0,1,0,1,0,21,2,5,41.954056714,-87.688614472,POINT (-87.688614471985 41.954056713542)
8bd9ba7960976befdde7ecbe831c63f7fb574c90c0c95a6aa015376c2155ad7e440ca70eb27b418cd27d10ea7f94cef1173cf0a47d8e6bb0b0c025f8c64cc043,JE390784,,09/28/2021 06:35:00 PM,30,TRAFFIC SIGNAL,FUNCTIONING PROPERLY,CLEAR,DAWN,PEDALCYCLIST,FOUR WAY,,STRAIGHT AND LEVEL,DRY,NO DEFECTS,ON SCENE,INJURY AND / OR TOW DUE TO CRASH,Y,,Y,"OVER $1,500",09/28/2021 06:36:00 PM,DISREGARDING TRAFFIC SIGNALS,FAILING TO YIELD RIGHT-OF-WAY,5200,W,LAKE ST,1523,,,,,,,2,NONINCAPACITATING INJURY,1,0,0,1,0,1,0,18,3,9,41.887314187,-87.755369443,POINT (-87.7553694428 41.887314186701)
8bd783d7d786e9835249225928f5b7dba2cb5cb42ab05598f1a2240b9a5d3fa2dc25b9db504c239841e6c64e798572f9a1e09676359e89b2b00119c2cc52c072,JF269304,,06/06/2022 07:45:00 AM,25,STOP SIGN/FLASHER,NO CONTROLS,RAIN,DAYLIGHT,PEDALCYCLIST,NOT DIVIDED,,STRAIGHT AND LEVEL,WET,NO DEFECTS,ON SCENE,INJURY AND / OR TOW DUE TO CRASH,Y,,,"OVER $1,500",06/06/2022 07:52:00 AM,UNABLE TO DETERMINE,UNABLE TO DETERMINE,2100,S,LOOMIS ST,1235,,,,,,,2,NONINCAPACITATING INJURY,1,0,0,1,0,1,0,7,2,6,41.854218644,-87.661364187,POINT (-87.661364186835 41.854218643923)
8bcb37467c9a1f5be78c05d3a994f15b791b8709d74744a82f61c719a4a8e8ad8304cb9f5e407552682724ee9351645ec08acdfeff44a47340d36020dc5bbafb,JE428411,,10/30/2021 11:08:00 PM,30,TRAFFIC SIGNAL,FUNCTIONING PROPERLY,CLEAR,"DARKNESS, LIGHTED ROAD",PEDALCYCLIST,DIVIDED - W/MEDIAN BARRIER,,STRAIGHT AND LEVEL,DRY,NO DEFECTS,,INJURY AND / OR TOW DUE TO CRASH,,,,"$501 - $1,500",10/30/2021 11:23:00 PM,FAILING TO REDUCE SPEED TO AVOID CRASH,FAILING TO YIELD RIGHT-OF-WAY,98,N,MICHIGAN AVE,112,,,,,,,3,NONINCAPACITATING INJURY,1,0,0,1,0,8,0,23,7,10,41.883171112,-87.624544017,POINT (-87.624544016816 41.883171112015)
8cc83533ee95ac250b47ddc3c22a325db15ab8d5aa7627f54fa714f2764253b7d25a6d13f33aadb0a45767f6aea3830cb9c5660261f2b2779f1d7b6bd357d348,JE444860,,11/14/2021 12:45:00 PM,30,NO CONTROLS,NO CONTROLS,RAIN,DAYLIGHT,PEDALCYCLIST,DIVIDED - W/MEDIAN (NOT RAISED),,STRAIGHT AND LEVEL,WET,NO DEFECTS,ON SCENE,NO INJURY / DRIVE AWAY,,,,"$501 - $1,500",11/14/2021 12:55:00 PM,FAILING TO YIELD RIGHT-OF-WAY,NOT APPLICABLE,6200,S,CICERO AVE,813,,,,,,,2,NO INDICATION OF INJURY,0,0,0,0,0,2,0,12,1,11,41.780163084,-87.742494289,POINT (-87.742494288772 41.780163083626)
8b8de4b1f2dd75cb1f009980e46a6c25da10e436dfc16ecce043e03c90c66a98db84a64205f486100c82853fd873f8528a83aa9d56304f38f45ecb77572f79cc,JE435920,,11/06/2021 11:15:00 AM,30,NO CONTROLS,NO CONTROLS,CLEAR,DAYLIGHT,PEDALCYCLIST,ONE-WAY,,STRAIGHT AND LEVEL,DRY,NO DEFECTS,NOT ON SCENE (DESK REPORT),NO INJURY / DRIVE AWAY,,,,$500 OR LESS,11/06/2021 11:45:00 AM,FAILING TO YIELD RIGHT-OF-WAY,NOT APPLICABLE,300,E,HURON ST,1834,,,Y,,,,2,NO INDICATION OF INJURY,0,0,0,0,0,3,0,11,7,11,41.895123891,-87.620194596,POINT (-87.620194595868 41.895123891363)
8accb2360fee298895cd6ed71bd18cb1359543b63e35b04c55d409351dc78276f80c2614680c08734dc8f280297896e5b73cfbd6dd5ca093722c72e654d221b8,JE421013,,10/24/2021 04:32:00 PM,30,NO CONTROLS,NO CONTROLS,RAIN,DAYLIGHT,PEDALCYCLIST,NOT DIVIDED,,STRAIGHT AND LEVEL,WET,NO DEFECTS,ON SCENE,INJURY AND / OR TOW DUE TO CRASH,,,,$500 OR LESS,10/24/2021 04:39:00 PM,FAILING TO YIELD RIGHT-OF-WAY,FAILING TO YIELD RIGHT-OF-WAY,11126,S,STATE ST,522,,Y,,,,,2,NONINCAPACITATING INJURY,1,0,0,1,0,1,0,16,1,10,41.691721389,-87.623224207,POINT (-87.623224207129 41.691721389453)
8caec0304c7417291eab8b467e9982c92a15293e1fd806a5affd2fe855087c03583527219ef08fd12c6f402b270c676660a9a51d272d780abb5122522a667aea,JF280938,,06/15/2022 03:40:00 PM,30,UNKNOWN,UNKNOWN,CLEAR,DAYLIGHT,PEDALCYCLIST,ALLEY,,STRAIGHT AND LEVEL,DRY,UNKNOWN,ON SCENE,INJURY AND / OR TOW DUE TO CRASH,,,,"$501 - $1,500",06/15/2022 04:42:00 PM,UNABLE TO DETERMINE,UNABLE TO DETERMINE,3002,W,25TH ST,1033,,,,,,,2,"REPORTED, NOT EVIDENT",1,0,0,0,1,1,0,15,4,6,41.846504026,-87.700349832,POINT (-87.700349831969 41.846504025656)
8c45d319c61927e4e0203eb81014b87512eb1771bf30ac08cebe14b9f77559a111e8e284e3b4acfe77d90be5ca9c29e0f520b4b2035cac67d7225cef7d62edac,JF260197,,05/29/2022 04:30:00 PM,35,NO CONTROLS,NO CONTROLS,CLEAR,DAYLIGHT,PEDALCYCLIST,DIVIDED - W/MEDIAN (NOT RAISED),,STRAIGHT AND LEVEL,DRY,NO DEFECTS,NOT ON SCENE (DESK REPORT),INJURY AND / OR TOW DUE TO CRASH,,,,$500 OR LESS,05/29/2022 05:00:00 PM,NOT APPLICABLE,NOT APPLICABLE,31,E,ROOSEVELT RD,131,,,,,,,2,"REPORTED, NOT EVIDENT",1,0,0,0,1,0,0,16,1,5,41.8673211,-87.625953992,POINT (-87.625953991796 41.867321099741)
8b3bec666cdd5e03582fca91acdebe2fe2fcc5de99ff34c75e15adbe808662ea7a5a3aff05b342bdd5774aa0eb59af080d7b684d2ccc57ad10d8dbc92d47f125,JE390740,,09/28/2021 05:56:00 PM,35,NO CONTROLS,NO CONTROLS,CLEAR,DAYLIGHT,PEDALCYCLIST,DIVIDED - W/MEDIAN (NOT RAISED),,STRAIGHT AND LEVEL,DRY,NO DEFECTS,ON SCENE,INJURY AND / OR TOW DUE TO CRASH,N,,,"OVER $1,500",09/28/2021 06:00:00 PM,FAILING TO YIELD RIGHT-OF-WAY,DRIVING SKILLS/KNOWLEDGE/EXPERIENCE,755,W,NORTH AVE,1822,,,,,,,2,NONINCAPACITATING INJURY,1,0,0,1,0,1,0,17,3,9,41.910813473,-87.648010451,POINT (-87.648010451475 41.910813472762)
8ab90568f8bc7ed412314aa06b2fd6a2d0c10a1e2d714d4495dd6c4eeafb1ccbf8de0fceba5411f101f2d12881227b85771cfd140b26e2b611919a6862bca744,JF294469,,06/26/2022 09:32:00 AM,30,STOP SIGN/FLASHER,FUNCTIONING PROPERLY,CLEAR,DAYLIGHT,PEDALCYCLIST,NOT DIVIDED,,STRAIGHT AND LEVEL,DRY,UNKNOWN,ON SCENE,INJURY AND / OR TOW DUE TO CRASH,Y,,,"$501 - $1,500",06/26/2022 09:37:00 AM,FAILING TO YIELD RIGHT-OF-WAY,UNABLE TO DETERMINE,1330,S,DAMEN AVE,1233,,,,,,,2,"REPORTED, NOT EVIDENT",1,0,0,0,1,1,0,9,1,6,41.864076078,-87.67632194,POINT (-87.676321940298 41.864076077501)
8a2406b1ba9f804b74637ff143bfb7807ae30fa2ad895549b00119512f828f5140e25e2775ec00a94504f3122491c3ffc47f7a1744d004cc91bb559fa226b66f,JF267551,Y,06/04/2022 02:10:00 PM,25,NO CONTROLS,NO CONTROLS,CLEAR,DAYLIGHT,PEDALCYCLIST,DIVIDED - W/MEDIAN (NOT RAISED),,STRAIGHT AND LEVEL,DRY,NO DEFECTS,ON SCENE,INJURY AND / OR TOW DUE TO CRASH,,,,$500 OR LESS,06/04/2022 02:12:00 PM,UNABLE TO DETERMINE,UNABLE TO DETERMINE,2854,N,CLARK ST,1934,,,,,,,2,INCAPACITATING INJURY,1,0,1,0,0,1,0,14,7,6,41.934071851,-87.646086495,POINT (-87.646086495116 41.934071850996)
8d272e0b17c3c0f52e34ef91eb64d94a6847f2375e35ad506c0f152366b171fda437a4e9a669666db0cc3824b1ea08dd0ea67e416c094964ffa3a869fb5bb135,JE473100,,12/10/2021 07:26:00 PM,35,TRAFFIC SIGNAL,FUNCTIONING PROPERLY,RAIN,"DARKNESS, LIGHTED ROAD",PEDALCYCLIST,NOT DIVIDED,,STRAIGHT AND LEVEL,WET,NO DEFECTS,ON SCENE,INJURY AND / OR TOW DUE TO CRASH,Y,,Y,$500 OR LESS,12/10/2021 07:27:00 PM,FAILING TO REDUCE SPEED TO AVOID CRASH,UNABLE TO DETERMINE,500,W,DIVISION ST,1821,,,,,,,2,NONINCAPACITATING INJURY,1,0,0,1,0,1,0,19,6,12,41.903857346,-87.641225619,POINT (-87.64122561851 41.903857346356)
8b36056793bf1e9aa07124f66b6011162bace593270d4455643b88dd4ab80860d2a5647ac180fd08bd684b90fcabba68024efbabd403ec2874e4c46957345d0e,JF233594,,05/07/2022 01:30:00 PM,30,UNKNOWN,UNKNOWN,CLEAR,DAYLIGHT,PEDALCYCLIST,NOT DIVIDED,,STRAIGHT AND LEVEL,DRY,UNKNOWN,NOT ON SCENE (DESK REPORT),NO INJURY / DRIVE AWAY,,,,"$501 - $1,500",05/07/2022 02:30:00 PM,IMPROPER OVERTAKING/PASSING,NOT APPLICABLE,1326,N,MILWAUKEE AVE,1424,,,,,,,2,NO INDICATION OF INJURY,0,0,0,0,0,2,0,13,7,5,41.905752599,-87.670459497,POINT (-87.670459497346 41.905752599364)
8a1534b99223c594b0f4abcef48021cee72bbe4a0fd729d368d932da199b9a83f046ef670ed9082fd5b2d897601d74e138b8374ecf5567eb050dc3f3fcc2fdae,JE439254,,10/31/2021 05:00:00 PM,30,UNKNOWN,UNKNOWN,UNKNOWN,UNKNOWN,PEDALCYCLIST,UNKNOWN,,STRAIGHT AND LEVEL,UNKNOWN,UNKNOWN,NOT ON SCENE (DESK REPORT),INJURY AND / OR TOW DUE TO CRASH,,,,$500 OR LESS,11/09/2021 11:25:00 AM,UNABLE TO DETERMINE,UNABLE TO DETERMINE,1555,W,SCHOOL ST,1922,,,Y,,,,2,NONINCAPACITATING INJURY,1,0,0,1,0,0,0,17,1,10,41.94141804,-87.668437757,POINT (-87.668437757263 41.941418039742)
8bdbcb56eb2bf6a78d3290403cf1ba8732a4a0b667bf81269e76d8eaa9c4666ce89d4801defba851d82173024c99ad65197b9616545e852d50efca29c8db6872,JE423454,,10/26/2021 06:06:00 PM,25,STOP SIGN/FLASHER,FUNCTIONING PROPERLY,CLEAR,"DARKNESS, LIGHTED ROAD",PEDALCYCLIST,FOUR WAY,,STRAIGHT AND LEVEL,DRY,NO DEFECTS,ON SCENE,INJURY AND / OR TOW DUE TO CRASH,,,Y,$500 OR LESS,10/26/2021 06:06:00 PM,UNABLE TO DETERMINE,UNABLE TO DETERMINE,6399,S,EVANS AVE,312,,,,,,,2,NONINCAPACITATING INJURY,1,0,0,1,0,1,0,18,3,10,41.778666493,-87.607006331,POINT (-87.607006330863 41.778666492918)
8d36e555c460323bf129b6b61e7709f2f0b8c5200ef2b2788c8afa7970a101294d6cc90305d322901dc70a5efe4c2cf471b36381589df6f35d555c4a36bdc866,JF324978,Y,07/20/2022 01:30:00 PM,30,TRAFFIC SIGNAL,FUNCTIONING PROPERLY,CLEAR,DAYLIGHT,PEDALCYCLIST,FOUR WAY,,STRAIGHT AND LEVEL,DRY,NO DEFECTS,NOT ON SCENE (DESK REPORT),INJURY AND / OR TOW DUE TO CRASH,Y,,Y,"OVER $1,500",07/20/2022 02:00:00 PM,UNABLE TO DETERMINE,UNABLE TO DETERMINE,1001,W,THORNDALE AVE,2022,,,,,,,2,INCAPACITATING INJURY,1,0,1,0,0,1,0,13,4,7,41.989994733,-87.655454597,POINT (-87.655454596682 41.98999473259)
8b71acb049a7c965581140994dbf50a85a6b3e9efd5e96a60ef83f167089b1f438c3daa27e41e4a0182a77501ff70df428e43e81732a05cd538df50c1ad1d771,JF214432,,04/21/2022 07:28:00 AM,20,UNKNOWN,UNKNOWN,CLEAR,DAYLIGHT,PEDALCYCLIST,NOT DIVIDED,,STRAIGHT AND LEVEL,WET,UNKNOWN,ON SCENE,NO INJURY / DRIVE AWAY,,,,$500 OR LESS,04/21/2022 07:32:00 AM,UNABLE TO DETERMINE,NOT APPLICABLE,4129,N,CLARENDON AVE,1915,,,Y,,,,2,NO INDICATION OF INJURY,0,0,0,0,0,3,0,7,5,4,41.956554023,-87.649612102,POINT (-87.649612101753 41.956554022703)
8c181916db09c78b869e79ff52c558b4b24bdd3c688036403d9f440573c04af18c61a1ad6ebf6df6fbbef004b8b4c74dddbd0cde19129dbee4337db14373cb82,JF174736,,03/11/2022 08:00:00 PM,30,NO CONTROLS,NO CONTROLS,CLEAR,DUSK,PEDALCYCLIST,DIVIDED - W/MEDIAN (NOT RAISED),,STRAIGHT AND LEVEL,DRY,NO DEFECTS,NOT ON SCENE (DESK REPORT),NO INJURY / DRIVE AWAY,,,Y,"OVER $1,500",03/15/2022 02:00:00 PM,FOLLOWING TOO CLOSELY,NOT APPLICABLE,675,W,LAKE ST,1224,,,,,,,2,NO INDICATION OF INJURY,0,0,0,0,0,2,0,20,6,3,41.885577689,-87.645673007,POINT (-87.645673007173 41.885577689414)
8b1c3ad417f8ec57f2465fb9f8090d584e314e3e59dc079d616ea61ec7593f06f9f387f2da54db305716dfbccb6c573c78c507999f8cf37c4944909db5734152,JF308030,,07/06/2022 07:30:00 PM,30,TRAFFIC SIGNAL,FUNCTIONING PROPERLY,CLEAR,DAYLIGHT,PEDALCYCLIST,T-INTERSECTION,,STRAIGHT AND LEVEL,DRY,NO DEFECTS,NOT ON SCENE (DESK REPORT),NO INJURY / DRIVE AWAY,Y,,Y,"$501 - $1,500",07/06/2022 09:05:00 PM,UNABLE TO DETERMINE,UNABLE TO DETERMINE,500,W,KINZIE ST,1214,,,,,,,2,NO INDICATION OF INJURY,0,0,0,0,0,2,0,19,4,7,41.889157789,-87.639985988,POINT (-87.639985987671 41.88915778909)
8df2f632fb36b8c456aaeca648ed1c91960e7e3c0db1792480e7b92beb1242b4cb432f2704906801d0b84687224166ac292eef9a0e3768207e5c4916946875ec,JF245077,,05/16/2022 11:23:00 PM,30,STOP SIGN/FLASHER,NO CONTROLS,CLEAR,"DARKNESS, LIGHTED ROAD",PEDALCYCLIST,NOT DIVIDED,,STRAIGHT AND LEVEL,DRY,NO DEFECTS,ON SCENE,INJURY AND / OR TOW DUE TO CRASH,,,Y,"$501 - $1,500",05/17/2022 12:11:00 AM,IMPROPER OVERTAKING/PASSING,IMPROPER OVERTAKING/PASSING,5459,N,CLARK ST,2013,,,,,,,2,NONINCAPACITATING INJURY,1,0,0,1,0,1,0,23,2,5,41.981633567,-87.668277895,POINT (-87.668277895307 41.981633566992)
8fd04bb0919003e271f332d7af9443a31ddc5e0d72e581b78bdd98564cdad614eb92a384089fc2ec4bf8b98dc3ed6b9153a08b92b975d1c479a02ca56038d4bb,JE440922,,11/10/2021 06:11:00 PM,25,NO CONTROLS,NO CONTROLS,CLEAR,"DARKNESS, LIGHTED ROAD",PEDALCYCLIST,NOT DIVIDED,,STRAIGHT AND LEVEL,DRY,NO DEFECTS,ON SCENE,INJURY AND / OR TOW DUE TO CRASH,,,,"OVER $1,500",11/10/2021 06:11:00 PM,FAILING TO REDUCE SPEED TO AVOID CRASH,FAILING TO YIELD RIGHT-OF-WAY,4401,W,ARMITAGE AVE,2533,,,,,,,2,NONINCAPACITATING INJURY,1,0,0,1,0,1,0,18,4,11,41.91693444,-87.736387148,POINT (-87.736387147508 41.916934439845)
8dce05fce2b2fbd46217dbcb3626cacddbff507b2fb62319864953de76ca41887a12302ec6797ad7f8e3847b45e12bc66ef29fbfdc09e6ecb17456e3ec5793c7,JE429120,,10/31/2021 12:40:00 PM,20,NO CONTROLS,NO CONTROLS,CLEAR,DAYLIGHT,PEDALCYCLIST,NOT DIVIDED,,STRAIGHT AND LEVEL,DRY,NO DEFECTS,NOT ON SCENE (DESK REPORT),INJURY AND / OR TOW DUE TO CRASH,,,,$500 OR LESS,10/31/2021 03:40:00 PM,UNABLE TO DETERMINE,NOT APPLICABLE,1500,N,HALSTED ST,1822,,,,,,,2,NONINCAPACITATING INJURY,1,0,0,1,0,1,0,12,1,10,41.908639592,-87.648360153,POINT (-87.648360152682 41.908639591728)
8e963a9b0512db6100e2b20cb47a8288afa53ca4322e24de90feeab06d325f4d1ab895970b5377aef1f71c91f1e59e9cddfbfda3707370e9f714b3b48246b9eb,JF174856,,03/15/2022 03:27:00 PM,30,TRAFFIC SIGNAL,FUNCTIONING PROPERLY,CLEAR,DAYLIGHT,PEDALCYCLIST,FOUR WAY,,STRAIGHT AND LEVEL,DRY,NO DEFECTS,ON SCENE,INJURY AND / OR TOW DUE TO CRASH,Y,,,$500 OR LESS,03/15/2022 03:35:00 PM,DRIVING SKILLS/KNOWLEDGE/EXPERIENCE,NOT APPLICABLE,3225,W,ADDISON ST,1733,,,,,,,2,NONINCAPACITATING INJURY,1,0,0,1,0,1,0,15,3,3,41.946512579,-87.708888304,POINT (-87.708888304499 41.94651257878)
8fd68b2d88f51343715f2020012160188fcf6e2c3ab2da9390152415fa7d2ed842e2d29b6cad26e51eedeea6846cf55eb77a18d18e18051ca3545aa0c34d444b,JF300346,,06/30/2022 05:55:00 PM,30,TRAFFIC SIGNAL,FUNCTIONING PROPERLY,CLEAR,DAYLIGHT,PEDALCYCLIST,TRAFFIC ROUTE,,STRAIGHT AND LEVEL,DRY,UNKNOWN,ON SCENE,INJURY AND / OR TOW DUE TO CRASH,Y,,,$500 OR LESS,06/30/2022 05:56:00 PM,UNABLE TO DETERMINE,DRIVING SKILLS/KNOWLEDGE/EXPERIENCE,801,W,GRAND AVE,1214,,,,,,,2,INCAPACITATING INJURY,1,0,1,0,0,1,0,17,5,6,41.891074309,-87.647670556,POINT (-87.64767055558 41.891074309011)
90844a13e1a28cbc82c3dbce7a8e559e926708fa09a4b605d208b42eb20c547e746bf203896c8b335c4cb73d888a9509eb20149128301491d34b2d83cf0db479,JF308570,,07/07/2022 11:30:00 AM,30,NO CONTROLS,NO CONTROLS,CLEAR,DAYLIGHT,PEDALCYCLIST,OTHER,,STRAIGHT AND LEVEL,DRY,NO DEFECTS,,INJURY AND / OR TOW DUE TO CRASH,,,,"OVER $1,500",07/07/2022 11:35:00 AM,"VISION OBSCURED (SIGNS, TREE LIMBS, BUILDINGS, ETC.)",NOT APPLICABLE,3327,W,NORTH AVE,1422,,,,,,,2,NONINCAPACITATING INJURY,1,0,0,1,0,3,0,11,5,7,41.909958143,-87.710565321,POINT (-87.7105653208 41.909958143205)
9079d5ca19c8f146eda96eab256a68e4eb0480186952abfa8854ab7a8041ec886f4e73e19b95301e2e93f54369b5fee15915258a6ba94ce34ade6f7ad0b50f4a,JF262691,,05/31/2022 04:00:00 PM,30,NO CONTROLS,NO CONTROLS,CLEAR,DAYLIGHT,PEDALCYCLIST,NOT DIVIDED,,STRAIGHT AND LEVEL,DRY,UNKNOWN,,INJURY AND / OR TOW DUE TO CRASH,,,Y,"$501 - $1,500",05/31/2022 04:25:00 PM,UNABLE TO DETERMINE,UNABLE TO DETERMINE,4724,W,AUGUSTA BLVD,1111,,,,,,,2,INCAPACITATING INJURY,1,0,1,0,0,1,0,16,3,5,41.898831527,-87.744647952,POINT (-87.744647952024 41.898831527325)
905a01840212a61de466903eadc80b72113a6f418e3265a624a6191f0cd5233fd320405054486761a5ecbfaaf0f97bffd58269555d5be642243d8ef2ceba69e0,JE461767,,11/30/2021 07:09:00 PM,25,NO CONTROLS,NO CONTROLS,CLEAR,"DARKNESS, LIGHTED ROAD",PEDALCYCLIST,NOT DIVIDED,,STRAIGHT AND LEVEL,DRY,NO DEFECTS,ON SCENE,INJURY AND / OR TOW DUE TO CRASH,,,,"OVER $1,500",11/30/2021 07:09:00 PM,NOT APPLICABLE,UNABLE TO DETERMINE,1625,N,DAMEN AVE,1434,,Y,Y,,,,2,"REPORTED, NOT EVIDENT",1,0,0,0,1,2,0,19,3,11,41.911216984,-87.677333437,POINT (-87.677333437189 41.911216984345)
8e812c1f26c14803cdfc7bdad2d3215f4f5c6c5e42e3f4d65c7fbe046d74be793397b14505401f8163c5d0fec9c9a604b2894afd2ef1e0f5f9f241c980393a6d,JF327048,,07/22/2022 09:00:00 AM,30,STOP SIGN/FLASHER,FUNCTIONING PROPERLY,CLEAR,DAYLIGHT,PEDALCYCLIST,DIVIDED - W/MEDIAN (NOT RAISED),,STRAIGHT AND LEVEL,DRY,NO DEFECTS,ON SCENE,INJURY AND / OR TOW DUE TO CRASH,Y,,,"OVER $1,500",07/22/2022 09:07:00 AM,FAILING TO YIELD RIGHT-OF-WAY,FAILING TO REDUCE SPEED TO AVOID CRASH,3201,S,WALLACE ST,915,,,,,,,2,NONINCAPACITATING INJURY,1,0,0,1,0,4,0,9,6,7,41.836196373,-87.641218557,POINT (-87.641218557094 41.83619637346)