CRASH_RECORD_ID,RD_NO,CRASH_DATE_EST_I,CRASH_DATE,POSTED_SPEED_LIMIT,TRAFFIC_CONTROL_DEVICE,DEVICE_CONDITION,WEATHER_CONDITION,LIGHTING_CONDITION,FIRST_CRASH_TYPE,TRAFFICWAY_TYPE,LANE_CNT,ALIGNMENT,ROADWAY_SURFACE_COND,ROAD_DEFECT,REPORT_TYPE,CRASH_TYPE,INTERSECTION_RELATED_I,NOT_RIGHT_OF_WAY_I,HIT_AND_RUN_I,DAMAGE,DATE_POLICE_NOTIFIED,PRIM_CONTRIBUTORY_CAUSE,SEC_CONTRIBUTORY_CAUSE,STREET_NO,STREET_DIRECTION,STREET_NAME,BEAT_OF_OCCURRENCE,PHOTOS_TAKEN_I,STATEMENTS_TAKEN_I,DOORING_I,WORK_ZONE_I,WORK_ZONE_TYPE,WORKERS_PRESENT_I,NUM_UNITS,MOST_SEVERE_INJURY,INJURIES_TOTAL,INJURIES_FATAL,INJURIES_INCAPACITATING,INJURIES_NON_INCAPACITATING,INJURIES_REPORTED_NOT_EVIDENT,INJURIES_NO_INDICATION,INJURIES_UNKNOWN,CRASH_HOUR,CRASH_DAY_OF_WEEK,CRASH_MONTH,LATITUDE,LONGITUDE,LOCATION
8d9d581879bd7d5d39c46c8548a6069a0d3deb87649c1ea53f0abbd2b5d1490844cf2a7edaf7c2e1f9be5358b3eebd5c7e5b91b6b3ab823de99ff8797819e632,JF322531,,07/18/2022 06:00:00 PM,30,STOP SIGN/FLASHER,FUNCTIONING PROPERLY,CLEAR,DAYLIGHT,PEDALCYCLIST,NOT DIVIDED,,STRAIGHT AND LEVEL,DRY,NO DEFECTS,NOT ON SCENE (DESK REPORT),NO INJURY / DRIVE AWAY,,,Y,$500 OR LESS,07/18/2022 07:30:00 PM,FAILING TO YIELD RIGHT-OF-WAY,NOT APPLICABLE,6032,W,BLOOMINGDALE AVE,2513,,,,,,,2,NO INDICATION OF INJURY,0,0,0,0,0,2,0,18,2,7,41.912998643,-87.776761919,POINT (-87.776761919338 41.912998643195)
8d4f4dc49985007251f4c34d9aa68c4add579681a98f47f64606a5cab6c6bf87d6f2c75457c31d2a5056a5415bb7d333a25d23b68048ceaddfd48404d04c2024,JF252379,,05/23/2022 10:01:00 AM,30,TRAFFIC SIGNAL,FUNCTIONING PROPERLY,CLEAR,DAYLIGHT,PEDALCYCLIST,NOT DIVIDED,,STRAIGHT AND LEVEL,DRY,NO DEFECTS,ON SCENE,INJURY AND / OR TOW DUE TO CRASH,Y,,,$500 OR LESS,05/23/2022 10:01:00 AM,FAILING TO YIELD RIGHT-OF-WAY,"VISION OBSCURED (SIGNS, TREE LIMBS, BUILDINGS, ETC.)",1552,N,CALIFORNIA AVE,1423,,,,,,,2,NONINCAPACITATING INJURY,1,0,0,1,0,1,0,10,2,5,41.909956973,-87.697193475,POINT (-87.697193474601 41.909956972775)
8eeb8ddb8abd0a5f77ce587074ef29871fa2385a32697ace19a45f22c78c45867d9fc48557de5e31788aebb85df08592b2707fd1ca9f4e48937d3b36e3c9b610,JE387069,,09/25/2021 04:00:00 PM,30,NO CONTROLS,NO CONTROLS,CLEAR,DAYLIGHT,PEDALCYCLIST,NOT DIVIDED,,STRAIGHT AND LEVEL,DRY,NO DEFECTS,,INJURY AND / OR TOW DUE TO CRASH,,,Y,$500 OR LESS,09/25/2021 04:06:00 PM,IMPROPER OVERTAKING/PASSING,NOT APPLICABLE,1300,W,FULLERTON AVE,1932,,,,,,,2,NONINCAPACITATING INJURY,1,0,0,1,0,1,0,16,7,9,41.925370192,-87.660536373,POINT (-87.660536373464 41.925370191563)
8fd4fe85c10821bc4befcf5a365a7b58524094a93cc994004431f69344687f44ffa9d7d8b5049763507a3b745cd13ee48e5a71c8e0ff7379bba1a85895bf7814,JE412345,,10/17/2021 02:19:00 AM,30,STOP SIGN/FLASHER,FUNCTIONING PROPERLY,CLEAR,"DARKNESS, LIGHTED ROAD",PEDALCYCLIST,ONE-WAY,,STRAIGHT AND LEVEL,DRY,NO DEFECTS,ON SCENE,INJURY AND / OR TOW DUE TO CRASH,Y,,,"OVER $1,500",10/17/2021 02:20:00 AM,DISREGARDING STOP SIGN,UNABLE TO DETERMINE,6700,S,MERRILL AVE,331,,,,,,,2,"REPORTED, NOT EVIDENT",1,0,0,0,1,1,0,2,1,10,41.773394729,-87.572971609,POINT (-87.572971609164 41.773394728864)
8e0b559d12e7dead7ab427a0af1138b7f1a63ab61d54e99458f88083e989a382dbae1a0fee7d3817603189b6088edcda82a5fb4a90c01bce5895fdd23bb15bbe,JE385429,,09/24/2021 09:30:00 AM,30,NO CONTROLS,NO CONTROLS,CLEAR,DAYLIGHT,PEDALCYCLIST,NOT DIVIDED,,STRAIGHT AND LEVEL,DRY,NO DEFECTS,ON SCENE,INJURY AND / OR TOW DUE TO CRASH,,,,$500 OR LESS,09/24/2021 09:35:00 AM,DISTRACTION - FROM OUTSIDE VEHICLE,UNABLE TO DETERMINE,321,W,31ST ST,915,,,Y,,,,2,NONINCAPACITATING INJURY,1,0,0,1,0,1,0,9,6,9,41.838083172,-87.635002282,POINT (-87.635002281523 41.838083171514)
8e66964597f6856ca9f47442b17f34884f798a0215d0a95545ecf25a45c3fc4490e76cb37183de63e9d99a45293f7638dd88eb24a4272af7441ca5b7268ae1d6,JF308680,N,07/07/2022 12:20:00 PM,15,NO CONTROLS,NO CONTROLS,CLEAR,DAYLIGHT,PEDALCYCLIST,ALLEY,,STRAIGHT AND LEVEL,DRY,UNKNOWN,ON SCENE,INJURY AND / OR TOW DUE TO CRASH,Y,,,"$501 - $1,500",07/07/2022 12:25:00 PM,UNABLE TO DETERMINE,NOT APPLICABLE,1145,N,HAMLIN AVE,1112,N,,,,,,2,"REPORTED, NOT EVIDENT",1,0,0,0,1,2,0,12,5,7,41.902228049,-87.721269063,POINT (-87.721269062636 41.902228048535)
900b35b853ecfaa5ebd16442cb2c8b8e4b848f94670d5345d296bc2ccabcfa9ba406a30198ae5f010b587f1afb8614f6055dda7a352c7fd100f6930cb1cc89ed,JF286465,,06/19/2022 11:33:00 PM,30,NO CONTROLS,NO CONTROLS,CLEAR,"DARKNESS, LIGHTED ROAD",PEDALCYCLIST,NOT DIVIDED,,STRAIGHT AND LEVEL,DRY,NO DEFECTS,ON SCENE,NO INJURY / DRIVE AWAY,,N,,"OVER $1,500",06/19/2022 11:38:00 PM,UNABLE TO DETERMINE,UNABLE TO DETERMINE,1640,W,GRACE ST,1922,,,,,,,2,NO INDICATION OF INJURY,0,0,0,0,0,1,0,23,1,6,41.950727282,-87.670575438,POINT (-87.670575437957 41.95072728158)
93249ff9b1ad33099bce5fae2cf92b11cdceb8a938caf6077a5d4402db6c10ed4c2ee4205e1851178f1c048cef20d7821ba66ae50d64e610f6b7e7679cb9f811,JF319669,,07/16/2022 11:45:00 AM,30,STOP SIGN/FLASHER,FUNCTIONING PROPERLY,CLOUDY/OVERCAST,DAYLIGHT,PEDALCYCLIST,FOUR WAY,,STRAIGHT AND LEVEL,DRY,NO DEFECTS,ON SCENE,INJURY AND / OR TOW DUE TO CRASH,Y,,,"$501 - $1,500",07/16/2022 12:45:00 PM,FAILING TO YIELD RIGHT-OF-WAY,DRIVING SKILLS/KNOWLEDGE/EXPERIENCE,5500,S,RICHMOND ST,824,,,,,,,2,NONINCAPACITATING INJURY,1,0,0,1,0,4,0,11,7,7,41.793533569,-87.697605035,POINT (-87.697605034537 41.793533569412)
93c01d9f5af861bca9823c39c8655e2a710dff03550afbe99c32e8bf5c1f21f866a2b631fac2d087157e96e69191eba92eb8e295e6bb2e569da2030e39a77600,JE430599,,10/29/2021 01:58:00 PM,30,NO CONTROLS,NO CONTROLS,RAIN,DAYLIGHT,PEDALCYCLIST,ONE-WAY,,STRAIGHT AND LEVEL,WET,NO DEFECTS,NOT ON SCENE (DESK REPORT),INJURY AND / OR TOW DUE TO CRASH,Y,,,"$501 - $1,500",11/01/2021 07:10:00 PM,UNABLE TO DETERMINE,UNABLE TO DETERMINE,1599,N,WICKER PARK AVE,1424,,,,,,,2,NONINCAPACITATING INJURY,1,0,0,1,0,1,0,13,6,10,,,
916cfae2a4df6244b99c6a1937aa704996cdd7dce07a3fb80ca988eea11df975a177880c012bc982dadef2d359b98c464170f391b088dc8ec0be0308f3924946,JE429661,,11/01/2021 03:32:00 AM,30,TRAFFIC SIGNAL,FUNCTIONING PROPERLY,CLEAR,"DARKNESS, LIGHTED ROAD",PEDALCYCLIST,NOT DIVIDED,,STRAIGHT AND LEVEL,DRY,NO DEFECTS,ON SCENE,INJURY AND / OR TOW DUE TO CRASH,,,,$500 OR LESS,11/01/2021 03:32:00 AM,FAILING TO YIELD RIGHT-OF-WAY,FAILING TO YIELD RIGHT-OF-WAY,5098,S,WESTERN AVE,923,,,,,,,2,NONINCAPACITATING INJURY,1,0,0,1,0,1,0,3,2,11,41.801234297,-87.684373734,POINT (-87.68437373438 41.801234297006)
9216cdb2f4155a2d662ba2bd697ea53f83577f35ea25b2f251060317a288a9a2dbb2212595d17fd97dae6e8f07946390706a6189618d8cae451b580147bef6d6,JF283649,,06/17/2022 04:55:00 PM,30,TRAFFIC SIGNAL,FUNCTIONING PROPERLY,CLEAR,DAYLIGHT,PEDALCYCLIST,FOUR WAY,,STRAIGHT AND LEVEL,DRY,NO DEFECTS,ON SCENE,INJURY AND / OR TOW DUE TO CRASH,Y,,,"$501 - $1,500",06/17/2022 04:56:00 PM,UNABLE TO DETERMINE,NOT APPLICABLE,2400,W,NORTH AVE,1434,,,,,,,2,NONINCAPACITATING INJURY,1,0,0,1,0,1,0,16,6,6,41.910429862,-87.687284221,POINT (-87.687284220508 41.910429862359)
93d87195f57995b0e1528e83e3855ef23ac90d43d7c8a45d2fcf34a0cb68dfa9b05aaa9bfe7fac9f44aa41343f87035d71d44d51f3989b632f305c548b1952f6,JF173458,,03/14/2022 11:30:00 AM,30,TRAFFIC SIGNAL,FUNCTIONING PROPERLY,CLEAR,DAYLIGHT,PEDALCYCLIST,NOT DIVIDED,,STRAIGHT AND LEVEL,DRY,NO DEFECTS,NOT ON SCENE (DESK REPORT),NO INJURY / DRIVE AWAY,,,,$500 OR LESS,03/14/2022 11:57:00 AM,UNABLE TO DETERMINE,UNABLE TO DETERMINE,4000,N,GREENVIEW AVE,1912,,,,,,,2,NO INDICATION OF INJURY,0,0,0,0,0,3,0,11,2,3,41.95434914,-87.667669969,POINT (-87.667669969424 41.954349140001)
93c7ba0f399ebb4ad94092ddd089863d1efbc471f2fe15425fe304f2eb6b22f454f8de69f5527aa080047f906c4373440ecb46365023b72b23b73ccbf841574a,JE429097,,10/31/2021 02:24:00 PM,30,TRAFFIC SIGNAL,FUNCTIONING PROPERLY,CLEAR,DAYLIGHT,PEDALCYCLIST,DIVIDED - W/MEDIAN (NOT RAISED),,STRAIGHT AND LEVEL,DRY,NO DEFECTS,,INJURY AND / OR TOW DUE TO CRASH,Y,,Y,"OVER $1,500",10/31/2021 02:24:00 PM,UNABLE TO DETERMINE,UNABLE TO DETERMINE,1598,W,FULLERTON AVE,1932,,,,,,,2,"REPORTED, NOT EVIDENT",1,0,0,0,1,2,0,14,1,10,41.925262085,-87.668090553,POINT (-87.66809055308 41.925262084631)
9212a30d99629a80293ca7e99b850e545e8d5a4340071e25e8e40b072e0a74f42ccc0f271ce415c181a7e0a9a05f9928d252ac00c4b7456e28a5b05c92018017,JE377258,,09/17/2021 12:00:00 PM,30,TRAFFIC SIGNAL,FUNCTIONING PROPERLY,CLEAR,DAYLIGHT,PEDALCYCLIST,T-INTERSECTION,,STRAIGHT AND LEVEL,DRY,NO DEFECTS,NOT ON SCENE (DESK REPORT),NO INJURY / DRIVE AWAY,Y,,Y,"OVER $1,500",09/17/2021 03:00:00 PM,DISREGARDING TRAFFIC SIGNALS,UNABLE TO DETERMINE,340,W,HUBBARD ST,1831,,,,,,,2,NO INDICATION OF INJURY,0,0,0,0,0,2,0,12,6,9,41.890052823,-87.637065416,POINT (-87.637065415733 41.890052823295)
92b7654f16ad0a3d145a4e1308d5eaba3985a15e3e3cda1daf15672c6e87572097a1d5c1323c14c80a639ae6533982f20dd611106b0650253accc8ab121bf7b9,JF261556,,05/30/2022 09:00:00 PM,15,NO CONTROLS,NO CONTROLS,CLEAR,DUSK,PEDALCYCLIST,PARKING LOT,,STRAIGHT AND LEVEL,DRY,NO DEFECTS,ON SCENE,INJURY AND / OR TOW DUE TO CRASH,,,Y,"$501 - $1,500",05/30/2022 09:02:00 PM,UNABLE TO DETERMINE,FAILING TO YIELD RIGHT-OF-WAY,5647,W,DIVERSEY AVE,2514,,,,,,,2,NONINCAPACITATING INJURY,1,0,0,1,0,1,0,21,2,5,41.931142615,-87.768144046,POINT (-87.768144046313 41.931142614579)
003190d31ec9dddf4cfe9fa8d6b989c0d0dbab493507ac8f9ca6fb56e87f67eaf6f6e166287725f701ab67576067587978a7fda6001ee5e87747f51eb84db9e2,JE402791,,10/08/2021 03:18:00 PM,30,NO CONTROLS,NO CONTROLS,CLEAR,DAYLIGHT,PEDALCYCLIST,NOT DIVIDED,,STRAIGHT AND LEVEL,DRY,NO DEFECTS,ON SCENE,NO INJURY / DRIVE AWAY,Y,,,$500 OR LESS,10/08/2021 03:18:00 PM,DRIVING SKILLS/KNOWLEDGE/EXPERIENCE,UNABLE TO DETERMINE,3400,W,63RD ST,823,,,,,,,2,NO INDICATION OF INJURY,0,0,0,0,0,3,0,15,6,10,41.779000545,-87.708112247,POINT (-87.708112247341 41.779000544921)
00722e940687846e5c8d454295b7100c59975d2b06d5396d73e6890c885591370d90f22fad11f9a96a0d1b3e30a247b21d4d0afd9dc3f60f56ce4538178fc75d,JE392759,,09/30/2021 11:55:00 AM,30,TRAFFIC SIGNAL,FUNCTIONING PROPERLY,CLEAR,DAYLIGHT,PEDALCYCLIST,NOT DIVIDED,,STRAIGHT AND LEVEL,DRY,NO DEFECTS,ON SCENE,INJURY AND / OR TOW DUE TO CRASH,Y,,,"OVER $1,500",09/30/2021 11:56:00 AM,FAILING TO YIELD RIGHT-OF-WAY,NOT APPLICABLE,11300,S,STATE ST,522,,,,,,,2,NONINCAPACITATING INJURY,1,0,0,1,0,1,0,11,5,9,41.688907079,-87.623141607,POINT (-87.623141606801 41.688907079153)
016fe57e1c15adafd5ed2aa2f859363c8f691f7f540a79e4efce02c62b5067742907574228d8c14132d243a3923a7dfa069f8f46a047d67679db1c44eb5aac18,JF265079,,06/02/2022 02:55:00 PM,30,TRAFFIC SIGNAL,FUNCTIONING PROPERLY,CLEAR,DAYLIGHT,PEDALCYCLIST,NOT DIVIDED,,STRAIGHT AND LEVEL,DRY,NO DEFECTS,ON SCENE,INJURY AND / OR TOW DUE TO CRASH,Y,,,$500 OR LESS,06/02/2022 02:58:00 PM,DRIVING ON WRONG SIDE/WRONG WAY,DISREGARDING TRAFFIC SIGNALS,4459,W,MADISON ST,1113,,,,,,,2,NONINCAPACITATING INJURY,1,0,0,1,0,1,0,14,5,6,41.88047455,-87.737802508,POINT (-87.737802507879 41.880474549538)
103ce2626b5f9d7f54d68a3e8860c48e4412187276805d444cfecd8543de8e12afc0848f81788b80e6bd405b198a5c6cd437d1870fdd1a780d0f7a15dcae815d,JF169276,Y,03/10/2022 11:30:00 AM,30,NO CONTROLS,NO CONTROLS,CLEAR,DAYLIGHT,PEDALCYCLIST,DRIVEWAY,,STRAIGHT AND LEVEL,DRY,NO DEFECTS,ON SCENE,INJURY AND / OR TOW DUE TO CRASH,,,Y,$500 OR LESS,03/10/2022 12:34:00 PM,UNABLE TO DETERMINE,UNABLE TO DETERMINE,4738,N,PULASKI RD,1722,,,,,,,2,NONINCAPACITATING INJURY,1,0,0,1,0,1,0,11,5,3,41.96754633,-87.728154665,POINT (-87.728154665296 41.967546330174)
02557090e6c8d28e27ad676d4c11a53572b39cd2686e2ef6eac1609db365da014bffba7bec8c02e98281ba151066a02e1dfe60a85f7dd03812174e2f8d937358,JF200062,,04/07/2022 08:25:00 AM,30,OTHER,FUNCTIONING PROPERLY,RAIN,DAYLIGHT,PEDALCYCLIST,DIVIDED - W/MEDIAN (NOT RAISED),,STRAIGHT AND LEVEL,WET,NO DEFECTS,ON SCENE,INJURY AND / OR TOW DUE TO CRASH,,,,"$501 - $1,500",04/07/2022 08:27:00 AM,IMPROPER TURNING/NO SIGNAL,DRIVING SKILLS/KNOWLEDGE/EXPERIENCE,3820,S,ARCHER AVE,911,,,,,,,2,NONINCAPACITATING INJURY,1,0,0,1,0,1,0,8,5,4,41.824112854,-87.688135036,POINT (-87.688135035871 41.824112853701)
0310f1c04d37f97a1648e69b8baef17fe45221ec7b1772641b78edffa9beed5a6e710a08fbba25c706bd50080c00ca1df70883c96081a2c130b21420bd5a7ae6,JF306313,,07/05/2022 01:05:00 PM,30,TRAFFIC SIGNAL,FUNCTIONING PROPERLY,CLEAR,DAYLIGHT,PEDALCYCLIST,UNKNOWN,,STRAIGHT AND LEVEL,DRY,NO DEFECTS,ON SCENE,NO INJURY / DRIVE AWAY,,,Y,$500 OR LESS,07/05/2022 01:50:00 PM,IMPROPER OVERTAKING/PASSING,FAILING TO YIELD RIGHT-OF-WAY,6700,S,SOUTH CHICAGO AVE,322,,,,,,,2,NO INDICATION OF INJURY,0,0,0,0,0,2,0,13,3,7,41.772801501,-87.615429082,POINT (-87.615429082211 41.772801501491)
035973010076c9a3b756ee3d0acd931bd9c648813be1aa09583c647d0de3bce899af88d6cd73a100d25fbf04bc6b054da7705eb1e031822890c1f5b278fcd8ff,JF253853,,05/24/2022 12:23:00 PM,30,TRAFFIC SIGNAL,FUNCTIONING PROPERLY,CLEAR,DAYLIGHT,PEDALCYCLIST,FOUR WAY,,STRAIGHT AND LEVEL,DRY,NO DEFECTS,ON SCENE,NO INJURY / DRIVE AWAY,Y,,,$500 OR LESS,05/24/2022 12:46:00 PM,FAILING TO YIELD RIGHT-OF-WAY,NOT APPLICABLE,400,E,MONROE DR,114,,,,,,,2,NO INDICATION OF INJURY,0,0,0,0,0,2,0,12,3,5,41.881029717,-87.617281566,POINT (-87.617281566405 41.881029716883)
0149f41a13916d8464406625bd80e02506517565533fd79e05f4ad4eecc72006166e205547f4ca8d450ea08ffd640ec8190844d39469de85c4e155076f2383ab,JF203588,Y,04/10/2022 01:00:00 PM,30,UNKNOWN,UNKNOWN,CLEAR,DAYLIGHT,PEDALCYCLIST,NOT DIVIDED,,STRAIGHT AND LEVEL,UNKNOWN,UNKNOWN,ON SCENE,INJURY AND / OR TOW DUE TO CRASH,N,,Y,"OVER $1,500",04/10/2022 02:00:00 PM,NOT APPLICABLE,UNABLE TO DETERMINE,8700,S,COMMERCIAL AVE,423,,,,,,,2,NONINCAPACITATING INJURY,1,0,0,1,0,1,0,13,1,4,41.737285572,-87.551575144,POINT (-87.551575144327 41.73728557189)
003eda399909fedfcf344c0cc3f18822f9fcae86e7752d7727f99137c9df5e6b2902f5adb9e226baec57fbe75f7b867c831a04a9445ab4e3de84c937a8836fe2,JF239300,,05/12/2022 11:30:00 AM,30,TRAFFIC SIGNAL,FUNCTIONING PROPERLY,CLEAR,DAYLIGHT,PEDALCYCLIST,"FIVE POINT, OR MORE",,STRAIGHT AND LEVEL,DRY,NO DEFECTS,ON SCENE,INJURY AND / OR TOW DUE TO CRASH,Y,,,$500 OR LESS,05/12/2022 11:35:00 AM,FAILING TO YIELD RIGHT-OF-WAY,FAILING TO YIELD RIGHT-OF-WAY,2759,N,CLYBOURN AVE,1931,,,,,,,2,NONINCAPACITATING INJURY,1,0,0,1,0,1,0,11,5,5,41.93141376,-87.676928622,POINT (-87.676928622422 41.931413759655)
012a02c34daa793f518f1d8a01705644e5dd1b9d8360caa9072e7ceba4aeec8573539c85908b07ac90664966f3f14fcd5a3c1fa8339c7988b0a8c444778a2867,JF317860,,07/14/2022 07:15:00 PM,30,TRAFFIC SIGNAL,FUNCTIONING PROPERLY,CLEAR,DAYLIGHT,PEDALCYCLIST,NOT DIVIDED,,STRAIGHT AND LEVEL,DRY,NO DEFECTS,ON SCENE,INJURY AND / OR TOW DUE TO CRASH,Y,,Y,$500 OR LESS,07/14/2022 07:46:00 PM,UNABLE TO DETERMINE,UNABLE TO DETERMINE,4500,S,ARCHER AVE,821,,,,,,,2,NONINCAPACITATING INJURY,1,0,0,1,0,1,0,19,5,7,41.811416801,-87.708830391,POINT (-87.7088303912 41.811416800648)
00f8e660994ac2023f3994690e482eca46a68f8b12855dba9dfca8ce004817a2f0a477e3b2bf02e9dc1586de52cea4fffd28e8639a86cf5938cf76d22b38e3b8,JE464134,,12/02/2021 12:44:00 PM,30,TRAFFIC SIGNAL,FUNCTIONING PROPERLY,CLEAR,DAYLIGHT,PEDALCYCLIST,DIVIDED - W/MEDIAN (NOT RAISED),,STRAIGHT AND LEVEL,DRY,UNKNOWN,NOT ON SCENE (DESK REPORT),NO INJURY / DRIVE AWAY,Y,,Y,$500 OR LESS,12/02/2021 09:40:00 PM,UNABLE TO DETERMINE,UNABLE TO DETERMINE,435,N,HALSTED ST,1214,,,,,,,2,NO INDICATION OF INJURY,0,0,0,0,0,2,0,12,5,12,41.890073301,-87.647462351,POINT (-87.647462350782 41.890073300607)
03002c71446275755314dcbf62eefeb5a4971d6330b71af1edfe78499526f642c0ab3e97211b04be29f3735e980812cd35549038845035174d3bc5a0e4212895,JF220494,,04/26/2022 08:30:00 AM,30,STOP SIGN/FLASHER,NO CONTROLS,CLEAR,DAYLIGHT,PEDALCYCLIST,ROUNDABOUT,,STRAIGHT AND LEVEL,DRY,NO DEFECTS,ON SCENE,NO INJURY / DRIVE AWAY,,,Y,"$501 - $1,500",04/26/2022 08:31:00 AM,UNABLE TO DETERMINE,NOT APPLICABLE,4600,N,WOLCOTT AVE,1912,,,N,,,,2,NO INDICATION OF INJURY,0,0,0,0,0,2,0,8,3,4,41.965228,-87.676257117,POINT (-87.676257117082 41.965227999681)
00156d6202dbeccd3bb72c8260b220903d97c5aff9b92de32a040abc122d7b74655cde69b3a57e7ac607ed6a4114b1a52f6ad76972c9492e0e35299739820117,JE407615,,10/12/2021 07:25:00 PM,30,NO CONTROLS,NO CONTROLS,CLEAR,"DARKNESS, LIGHTED ROAD",PEDALCYCLIST,DIVIDED - W/MEDIAN (NOT RAISED),,STRAIGHT AND LEVEL,WET,NO DEFECTS,ON SCENE,INJURY AND / OR TOW DUE TO CRASH,,,,"OVER $1,500",10/12/2021 07:35:00 PM,FAILING TO YIELD RIGHT-OF-WAY,UNABLE TO DETERMINE,2000,W,SUNNYSIDE AVE,1911,,,,,,,2,NONINCAPACITATING INJURY,1,0,0,1,0,1,0,19,3,10,41.963382837,-87.679111996,POINT (-87.679111996142 41.963382837096)
02566d367aaea15a8bf0cdac95ad78b1927a95f3ac7120eac6ac682c14432b4887cb46980d18c0282aa41a1e12ccf210a0d23b57963b3ce35b5e2ab8583ebd4d,JE383446,,09/22/2021 04:48:00 PM,30,TRAFFIC SIGNAL,FUNCTIONING PROPERLY,CLEAR,DAYLIGHT,PEDALCYCLIST,NOT DIVIDED,,STRAIGHT AND LEVEL,DRY,NO DEFECTS,ON SCENE,NO INJURY / DRIVE AWAY,,,,"$501 - $1,500",09/22/2021 04:58:00 PM,UNABLE TO DETERMINE,NOT APPLICABLE,6258,S,ELLIS AVE,313,,,,,,,2,NO INDICATION OF INJURY,0,0,0,0,0,2,0,16,4,9,41.780556325,-87.601216419,POINT (-87.601216418519 41.780556324668)
013b1321a43476a8e3f74059284922d0866a6940edc56f316776982d8316abd8773bff83c31681069125a579bde84454c2470c7ac02a45074a97aa7ace5bef09,JF298786,,06/29/2022 02:00:00 PM,30,UNKNOWN,UNKNOWN,CLEAR,DAYLIGHT,PEDALCYCLIST,NOT DIVIDED,,STRAIGHT AND LEVEL,DRY,UNKNOWN,ON SCENE,INJURY AND / OR TOW DUE TO CRASH,,,,$500 OR LESS,06/29/2022 03:00:00 PM,FAILING TO YIELD RIGHT-OF-WAY,FAILING TO YIELD RIGHT-OF-WAY,2516,N,LINCOLN AVE,1932,,,Y,,,,2,INCAPACITATING INJURY,1,0,1,0,0,0,0,14,4,6,41.927424549,-87.651740339,POINT (-87.651740339332 41.927424548689)
002c37e05bb61d79e0165b7d88472f3eba5cfec0ddf5298d59df0e11524f863a0646252d0c67acb8aad740afd6016a4782d7f880a0e9818a6c08c9d64cbad6f0,JF235645,,05/09/2022 01:40:00 PM,30,TRAFFIC SIGNAL,UNKNOWN,CLEAR,DAYLIGHT,PEDALCYCLIST,NOT DIVIDED,,STRAIGHT AND LEVEL,DRY,NO DEFECTS,ON SCENE,NO INJURY / DRIVE AWAY,,,Y,"$501 - $1,500",05/09/2022 01:42:00 PM,FAILING TO YIELD RIGHT-OF-WAY,NOT APPLICABLE,2999,W,PALMER BLVD,1414,,,,,,,2,NO INDICATION OF INJURY,0,0,0,0,0,2,0,13,2,5,41.920593784,-87.702180392,POINT (-87.702180392017 41.920593784349)
01ec8e950dbc4304fb2a1402ddccc1f543d01f394c0566bbad1206e53799d651d341eb6e898a77e9209d1f74cee496e9ca84e4260462e777f82903041c5a6444,JF298766,,06/29/2022 02:15:00 PM,30,STOP SIGN/FLASHER,FUNCTIONING PROPERLY,CLEAR,DAYLIGHT,PEDALCYCLIST,NOT DIVIDED,,STRAIGHT AND LEVEL,DRY,NO DEFECTS,NOT ON SCENE (DESK REPORT),NO INJURY / DRIVE AWAY,,,Y,"OVER $1,500",06/29/2022 02:35:00 PM,FAILING TO REDUCE SPEED TO AVOID CRASH,FAILING TO REDUCE SPEED TO AVOID CRASH,6700,S,HOYNE AVE,726,,,,,,,2,NO INDICATION OF INJURY,0,0,0,0,0,2,0,14,4,6,41.772001237,-87.676296687,POINT (-87.676296686892 41.772001236941)
006362e68efdae1f962048f96a43ad9c2030ea973017de3f07909cc79c35de3e4b9e880d0e593d8531e02aca0675f2da4d4cf0f9bb26201845620b256545baca,JF201216,,04/08/2022 05:30:00 AM,30,TRAFFIC SIGNAL,FUNCTIONING PROPERLY,RAIN,"DARKNESS, LIGHTED ROAD",PEDALCYCLIST,FOUR WAY,,STRAIGHT AND LEVEL,WET,NO DEFECTS,NOT ON SCENE (DESK REPORT),NO INJURY / DRIVE AWAY,Y,,Y,"OVER $1,500",04/08/2022 09:20:00 AM,DISREGARDING TRAFFIC SIGNALS,NOT APPLICABLE,800,W,RANDOLPH ST,1224,,,,,,,2,NO INDICATION OF INJURY,0,0,0,0,0,2,0,5,6,4,41.884515458,-87.6474973,POINT (-87.647497300321 41.884515458362)
00c30eb1bed356a7e0df06e163f9c619f619c5bdce56881ebef5b8aa710c4d25e9f42b9be6957dd4fc598ae0f9d4d0afc2b266e649912881e9e11719ae55723d,JF124187,,01/25/2022 11:10:00 PM,30,TRAFFIC SIGNAL,FUNCTIONING PROPERLY,CLEAR,"DARKNESS, LIGHTED ROAD",PEDALCYCLIST,NOT DIVIDED,,STRAIGHT AND LEVEL,SNOW OR SLUSH,UNKNOWN,ON SCENE,INJURY AND / OR TOW DUE TO CRASH,,,,"OVER $1,500",01/25/2022 11:12:00 PM,UNABLE TO DETERMINE,NOT APPLICABLE,3401,N,WESTERN AVE,1921,,,,,,,2,INCAPACITATING INJURY,1,0,1,0,0,1,0,23,3,1,41.943190142,-87.688007996,POINT (-87.688007995585 41.943190141817)