CRASH_RECORD_ID,RD_NO,CRASH_DATE_EST_I,CRASH_DATE,POSTED_SPEED_LIMIT,TRAFFIC_CONTROL_DEVICE,DEVICE_CONDITION,WEATHER_CONDITION,LIGHTING_CONDITION,FIRST_CRASH_TYPE,TRAFFICWAY_TYPE,LANE_CNT,ALIGNMENT,ROADWAY_SURFACE_COND,ROAD_DEFECT,REPORT_TYPE,CRASH_TYPE,INTERSECTION_RELATED_I,NOT_RIGHT_OF_WAY_I,HIT_AND_RUN_I,DAMAGE,DATE_POLICE_NOTIFIED,PRIM_CONTRIBUTORY_CAUSE,SEC_CONTRIBUTORY_CAUSE,STREET_NO,STREET_DIRECTION,STREET_NAME,BEAT_OF_OCCURRENCE,PHOTOS_TAKEN_I,STATEMENTS_TAKEN_I,DOORING_I,WORK_ZONE_I,WORK_ZONE_TYPE,WORKERS_PRESENT_I,NUM_UNITS,MOST_SEVERE_INJURY,INJURIES_TOTAL,INJURIES_FATAL,INJURIES_INCAPACITATING,INJURIES_NON_INCAPACITATING,INJURIES_REPORTED_NOT_EVIDENT,INJURIES_NO_INDICATION,INJURIES_UNKNOWN,CRASH_HOUR,CRASH_DAY_OF_WEEK,CRASH_MONTH,LATITUDE,LONGITUDE,LOCATION
006b3d3709da14906a4bc46c61979e8d562805a5f8830dc3ae7df4213f9d142d88d129914371d9e38b5716176eb7beab1be79ff568af4b0b13b036b3e555c7ff,JE466396,,12/04/2021 10:38:00 PM,30,NO CONTROLS,NO CONTROLS,CLEAR,"DARKNESS, LIGHTED ROAD",PEDALCYCLIST,NOT DIVIDED,,STRAIGHT AND LEVEL,DRY,NO DEFECTS,NOT ON SCENE (DESK REPORT),NO INJURY / DRIVE AWAY,,,Y,"$501 - $1,500",12/04/2021 11:01:00 PM,FOLLOWING TOO CLOSELY,NOT APPLICABLE,1598,N,WELLS ST,1821,,,Y,,,,2,NO INDICATION OF INJURY,0,0,0,0,0,2,0,22,7,12,41.911058705,-87.634854671,POINT (-87.63485467065 41.911058704838)
0139cdd0d4c641d61cfc6156387a648eb99a2a61bd2a6d60910144b09a105adc0fd7249b7e7018f58f4e8cdec70ab367235d8be90ea548c493e62824efdcb287,JF310791,,07/08/2022 02:37:00 PM,30,TRAFFIC SIGNAL,FUNCTIONING PROPERLY,CLEAR,DAYLIGHT,PEDALCYCLIST,NOT DIVIDED,,STRAIGHT AND LEVEL,DRY,NO DEFECTS,,INJURY AND / OR TOW DUE TO CRASH,Y,,,$500 OR LESS,07/09/2022 07:35:00 AM,UNABLE TO DETERMINE,NOT APPLICABLE,2000,N,MILWAUKEE AVE,1431,,,,,,,2,NONINCAPACITATING INJURY,1,0,0,1,0,1,0,14,6,7,41.917496608,-87.688719608,POINT (-87.688719608399 41.917496607937)
006736b788b0c08ab41f8d853dcb0ba26073e49710f4c1cc1bac2461859f9550867f4749297fc351e854dc69862016d51256316340ffe2b28e84bcffd3f7d89d,JF233344,Y,05/07/2022 10:10:00 AM,30,TRAFFIC SIGNAL,FUNCTIONING PROPERLY,CLEAR,DAYLIGHT,PEDALCYCLIST,FOUR WAY,,STRAIGHT AND LEVEL,DRY,NO DEFECTS,ON SCENE,INJURY AND / OR TOW DUE TO CRASH,Y,,,"OVER $1,500",05/07/2022 10:15:00 AM,UNABLE TO DETERMINE,NOT APPLICABLE,3200,W,FOSTER AVE,1712,,,,,,,2,NONINCAPACITATING INJURY,1,0,0,1,0,1,0,10,7,5,41.975856916,-87.708743642,POINT (-87.708743641643 41.975856915535)
027dd8ca7040e9298fd83c1c59ae102c337d945bc4e266f8c0f472d72e4bf12188971d7c7662c4f6cfd04d327a37ac628c21bf3686f69eaf556d674980c39ecf,JE430617,,11/01/2021 06:50:00 PM,30,UNKNOWN,UNKNOWN,CLEAR,"DARKNESS, LIGHTED ROAD",PEDALCYCLIST,DIVIDED - W/MEDIAN (NOT RAISED),,STRAIGHT AND LEVEL,DRY,NO DEFECTS,ON SCENE,INJURY AND / OR TOW DUE TO CRASH,,,Y,$500 OR LESS,11/01/2021 07:24:00 PM,NOT APPLICABLE,NOT APPLICABLE,1,N,CICERO AVE,1113,,,,,,,2,NONINCAPACITATING INJURY,1,0,0,1,0,1,0,18,2,11,41.880566993,-87.745133194,POINT (-87.745133194265 41.880566993238)
046c61c2a892087b99e316aa69a63bc0d06c2b98d23e0ef8a02552820e122f1d93780bdbaa98f7fa9092777eca48cde58cad4ae0049a08a99d306c6a4a6a50d1,JF261603,,05/30/2022 10:10:00 PM,30,NO CONTROLS,NO CONTROLS,CLEAR,"DARKNESS, LIGHTED ROAD",PEDALCYCLIST,DIVIDED - W/MEDIAN (NOT RAISED),,STRAIGHT AND LEVEL,DRY,NO DEFECTS,ON SCENE,INJURY AND / OR TOW DUE TO CRASH,,,Y,$500 OR LESS,05/30/2022 10:15:00 PM,FAILING TO REDUCE SPEED TO AVOID CRASH,DISREGARDING ROAD MARKINGS,3498,N,HALSTED ST,1924,,,,,,,2,NONINCAPACITATING INJURY,1,0,0,1,0,1,0,22,2,5,41.945411604,-87.649575086,POINT (-87.649575086361 41.945411604149)
03dedbbba249951503916676bb42be20472924d2cd54f7ef8e81ba3f9753baf38380ddf8121b8e26b7f74e585ad6021473539dcee038fc80b870ef236ee4760d,JF165550,,03/06/2022 08:40:00 PM,30,NO CONTROLS,UNKNOWN,CLEAR,"DARKNESS, LIGHTED ROAD",PEDALCYCLIST,ONE-WAY,,STRAIGHT AND LEVEL,DRY,UNKNOWN,ON SCENE,INJURY AND / OR TOW DUE TO CRASH,,,,$500 OR LESS,03/06/2022 08:50:00 PM,FAILING TO YIELD RIGHT-OF-WAY,UNABLE TO DETERMINE,33,W,ILLINOIS ST,1831,,,,,,,2,NONINCAPACITATING INJURY,1,0,0,1,0,1,0,20,1,3,41.890728908,-87.629385656,POINT (-87.629385656182 41.89072890813)
035fdd75cf55adf85c24401b8eb5fe03689f56d21a684cdb3db0627af15ec0c23852574e3613f6d32dc4a98f7ff7e3069b76138223caca8b028c364a52e793b7,JF237284,,05/10/2022 05:20:00 PM,30,NO CONTROLS,NO CONTROLS,CLEAR,DAYLIGHT,PEDALCYCLIST,DIVIDED - W/MEDIAN (NOT RAISED),,STRAIGHT AND LEVEL,DRY,NO DEFECTS,ON SCENE,NO INJURY / DRIVE AWAY,,,,"OVER $1,500",05/10/2022 05:57:00 PM,NOT APPLICABLE,NOT APPLICABLE,1871,N,DAMEN AVE,1434,,,,,,,2,NO INDICATION OF INJURY,0,0,0,0,0,2,0,17,3,5,41.915800357,-87.677430356,POINT (-87.677430355505 41.915800356908)
03a836d601c534f8e643bd0d624304006f7d1ab45669f5d05fc92e08dc747bd1f71200706f647b032dff116c180242d5170facec31d2699fb14b822e91820fa8,JE410914,,10/15/2021 05:50:00 PM,30,TRAFFIC SIGNAL,FUNCTIONING PROPERLY,CLEAR,DAYLIGHT,PEDALCYCLIST,FOUR WAY,,STRAIGHT AND LEVEL,DRY,NO DEFECTS,ON SCENE,INJURY AND / OR TOW DUE TO CRASH,Y,,,"$501 - $1,500",10/15/2021 05:54:00 PM,FAILING TO YIELD RIGHT-OF-WAY,IMPROPER TURNING/NO SIGNAL,499,N,WELLS ST,1831,,,,,,,2,NONINCAPACITATING INJURY,1,0,0,1,0,1,0,17,6,10,41.890747588,-87.633901297,POINT (-87.633901297155 41.890747587896)
0504d86f1e8bebf97e30e5616ff7c8f481e514e09902b47bde176589e9ac6103eb7bc38a5fa2840e11de72b23301cbddca46962747c7fc225dc3f8458a39f983,JF242712,,05/15/2022 02:04:00 AM,20,STOP SIGN/FLASHER,FUNCTIONING PROPERLY,CLEAR,"DARKNESS, LIGHTED ROAD",PEDALCYCLIST,DIVIDED - W/MEDIAN (NOT RAISED),,STRAIGHT AND LEVEL,DRY,NO DEFECTS,ON SCENE,INJURY AND / OR TOW DUE TO CRASH,Y,,,$500 OR LESS,05/15/2022 02:12:00 AM,DISREGARDING TRAFFIC SIGNALS,FAILING TO YIELD RIGHT-OF-WAY,1900,W,CORTLAND ST,1434,,Y,,,,,2,NONINCAPACITATING INJURY,1,0,0,1,0,2,0,2,1,5,41.916093427,-87.675214872,POINT (-87.675214871569 41.916093426679)
06297c6a43b493a4130518002fcca75742e54df7d332b54cd21dcd78900beb4ea94e85a1e32f410bb5c7cb4294bb5fa40e915deaf0a5fd5172474160abb79b3b,JF253010,,05/23/2022 05:45:00 PM,30,UNKNOWN,UNKNOWN,CLEAR,DAYLIGHT,PEDALCYCLIST,NOT DIVIDED,,STRAIGHT AND LEVEL,DRY,UNKNOWN,ON SCENE,INJURY AND / OR TOW DUE TO CRASH,Y,,Y,"OVER $1,500",05/23/2022 05:55:00 PM,UNABLE TO DETERMINE,NOT APPLICABLE,4000,W,IRVING PARK RD,1722,,,,,,,2,NONINCAPACITATING INJURY,1,0,0,1,0,1,0,17,2,5,41.953756874,-87.727698513,POINT (-87.727698513129 41.953756874475)
041692bd5799bffa510e3acc198a7f47c467ef9531d3c4a12724d18ad12b6d88409bca7544f33396fddf8d8448e779fd82f6600ed30f8e39b57a1ea9178b6d8e,JF243341,,05/15/2022 03:37:00 PM,30,NO CONTROLS,NO CONTROLS,CLEAR,DAYLIGHT,PEDALCYCLIST,DIVIDED - W/MEDIAN (NOT RAISED),,STRAIGHT AND LEVEL,DRY,NO DEFECTS,ON SCENE,INJURY AND / OR TOW DUE TO CRASH,,,,"OVER $1,500",05/15/2022 03:37:00 PM,UNABLE TO DETERMINE,UNABLE TO DETERMINE,1500,W,WILSON AVE,1912,,,,,,,2,INCAPACITATING INJURY,1,0,1,0,0,1,0,15,1,5,41.965364177,-87.667879518,POINT (-87.667879517599 41.965364176671)
03fa6a0704f0caab24e2d865f1dc9bd7ef11543bd5ea030ef43a0cf1cabcc6f118ce72d0bbe326a815c3325f213b2d55311a434d61c94c32473a1b5b1f44ede5,JE383605,,09/22/2021 06:40:00 PM,30,UNKNOWN,UNKNOWN,CLEAR,DAYLIGHT,PEDALCYCLIST,NOT DIVIDED,,STRAIGHT AND LEVEL,UNKNOWN,UNKNOWN,ON SCENE,INJURY AND / OR TOW DUE TO CRASH,,,,$500 OR LESS,09/22/2021 06:48:00 PM,IMPROPER OVERTAKING/PASSING,IMPROPER OVERTAKING/PASSING,2701,N,CLARK ST,1935,,,,,,,2,INCAPACITATING INJURY,1,0,1,0,0,1,0,18,4,9,41.931407517,-87.644155151,POINT (-87.644155150841 41.931407516695)
03663e88395d26e5e1d15e87a256e6158ee5d632bcdf82d7bceda1693c5a364f7e1d2acc739aae65ca7b5460bc6d48450aa8d7f1b3d5b202e837399648c729a6,JF288969,,06/21/2022 06:42:00 PM,35,NO CONTROLS,NO CONTROLS,CLEAR,DAYLIGHT,PEDALCYCLIST,NOT DIVIDED,,STRAIGHT AND LEVEL,DRY,NO DEFECTS,ON SCENE,INJURY AND / OR TOW DUE TO CRASH,,,Y,$500 OR LESS,06/21/2022 06:42:00 PM,DRIVING SKILLS/KNOWLEDGE/EXPERIENCE,DRIVING SKILLS/KNOWLEDGE/EXPERIENCE,733,W,59TH ST,711,,,,,,,2,"REPORTED, NOT EVIDENT",1,0,0,0,1,1,0,18,3,6,41.786934093,-87.643818498,POINT (-87.643818498212 41.786934092746)
042bb73a5b0a4a1b6879e399d643144e0476d66e733946d62b534b1452d705e302bd7de5d44199c2b84a89b5c3fac6f345e38f30aa2656b431f17cf2aa6b617a,JF191566,,03/30/2022 02:59:00 PM,30,OTHER,NO CONTROLS,RAIN,DAYLIGHT,PEDALCYCLIST,DRIVEWAY,,STRAIGHT AND LEVEL,WET,UNKNOWN,ON SCENE,NO INJURY / DRIVE AWAY,,Y,Y,"OVER $1,500",03/30/2022 03:13:00 PM,UNABLE TO DETERMINE,UNABLE TO DETERMINE,555,W,MADISON ST,121,,,,,,,2,NO INDICATION OF INJURY,0,0,0,0,0,2,0,14,4,3,41.881737516,-87.641808025,POINT (-87.641808025103 41.881737516212)
039c7da61499af7603ca759402a48def5bfbe459a4c769e430dfde0e65657bb2523825c00048801f3e720a47162b554d468f784735fdd75b74e4ba4154a3491a,JF217592,,04/23/2022 08:19:00 PM,30,NO CONTROLS,NO CONTROLS,CLEAR,"DARKNESS, LIGHTED ROAD",PEDALCYCLIST,NOT DIVIDED,,STRAIGHT AND LEVEL,DRY,NO DEFECTS,ON SCENE,INJURY AND / OR TOW DUE TO CRASH,Y,,,"OVER $1,500",04/23/2022 08:19:00 PM,FAILING TO YIELD RIGHT-OF-WAY,UNABLE TO DETERMINE,5824,W,DIVERSEY AVE,2514,,,,,,,2,NONINCAPACITATING INJURY,1,0,0,1,0,1,0,20,7,4,41.931301315,-87.7722616,POINT (-87.772261600145 41.931301314592)
0674f763849af0f4643b7c49bc4a56f852e034421fabb2ad9031503eb8dba73370b0f71fe5affafbb25543a75180337857f6f9d87f6325ba7a4ff49c07d1e9db,JF129525,,01/31/2022 07:45:00 AM,30,TRAFFIC SIGNAL,FUNCTIONING PROPERLY,CLEAR,DAYLIGHT,PEDALCYCLIST,NOT DIVIDED,,STRAIGHT ON GRADE,WET,NO DEFECTS,NOT ON SCENE (DESK REPORT),INJURY AND / OR TOW DUE TO CRASH,,,Y,$500 OR LESS,01/31/2022 11:08:00 AM,FAILING TO YIELD RIGHT-OF-WAY,NOT APPLICABLE,2001,W,MONTROSE AVE,1911,,,,,,,2,NONINCAPACITATING INJURY,1,0,0,1,0,1,0,7,2,1,41.961347299,-87.679038068,POINT (-87.679038067864 41.961347299293)
06194726475bf51e5918745b6d24e8465b6147f958d15a6e0d164dc42da4e69da2d8be4a4bacae5f6cb27a14c08702c329bf3e91d6f440751af977d68b0e94cf,JF297246,,06/28/2022 12:25:00 PM,30,NO CONTROLS,NO CONTROLS,CLEAR,DAYLIGHT,PEDALCYCLIST,NOT DIVIDED,,STRAIGHT AND LEVEL,DRY,NO DEFECTS,ON SCENE,INJURY AND / OR TOW DUE TO CRASH,,,,$500 OR LESS,06/28/2022 12:25:00 PM,NOT APPLICABLE,NOT APPLICABLE,1113,W,WILSON AVE,1913,,,Y,,,,2,NONINCAPACITATING INJURY,1,0,0,1,0,0,0,12,3,6,41.96528258,-87.658008201,POINT (-87.658008200782 41.965282580419)
0496688df8d36b69b2f3a38d36db4e5a613235f989c9040084faf1e7a60a1bd9b4b5f5aacfeda20b01e94c62d8761ddbac3b8ae4e7602523595228d5af52efc4,JE475003,,12/12/2021 01:50:00 PM,30,NO CONTROLS,NO CONTROLS,CLEAR,DAYLIGHT,PEDALCYCLIST,NOT DIVIDED,,STRAIGHT AND LEVEL,DRY,UNKNOWN,ON SCENE,INJURY AND / OR TOW DUE TO CRASH,,,,"OVER $1,500",12/12/2021 01:59:00 PM,UNABLE TO DETERMINE,UNABLE TO DETERMINE,4228,N,CLARENDON AVE,1915,,,Y,,,,2,NONINCAPACITATING INJURY,1,0,0,1,0,1,0,13,1,12,41.959350802,-87.649989013,POINT (-87.649989012756 41.959350802129)
061040c763de875916f5f80afb570b6d2d4b880612f841e18c7c4529c9b8692b115c74aa87cb55167ddccca51f10a54fc61caaeb6f2e90906b898812745dd416,JE426064,,10/28/2021 10:25:00 PM,30,NO CONTROLS,NO CONTROLS,RAIN,"DARKNESS, LIGHTED ROAD",PEDALCYCLIST,DIVIDED - W/MEDIAN BARRIER,,STRAIGHT AND LEVEL,WET,UNKNOWN,ON SCENE,INJURY AND / OR TOW DUE TO CRASH,,,Y,"OVER $1,500",10/28/2021 10:25:00 PM,UNABLE TO DETERMINE,NOT APPLICABLE,4200,N,CLARK ST,1912,,,,,,,2,NONINCAPACITATING INJURY,1,0,0,1,0,1,0,22,5,10,41.95803522,-87.664665176,POINT (-87.664665175592 41.958035219573)
0654bc4ccb3ecdf67142e45feda20ba4084556161906c131c8bde9bcf5ac2bc856cfa7f78bad1948d67bcba178ffb077258f29b4f4b2d6f364b5c349c1b010f3,JE432260,,11/03/2021 08:45:00 AM,30,STOP SIGN/FLASHER,FUNCTIONING PROPERLY,CLEAR,DAYLIGHT,PEDALCYCLIST,FOUR WAY,,STRAIGHT AND LEVEL,DRY,NO DEFECTS,ON SCENE,NO INJURY / DRIVE AWAY,Y,,,$500 OR LESS,11/03/2021 08:53:00 AM,FAILING TO YIELD RIGHT-OF-WAY,DISTRACTION - FROM OUTSIDE VEHICLE,5300,W,SUNNYSIDE AVE,1623,,,,,,,2,NO INDICATION OF INJURY,0,0,0,0,0,2,0,8,4,11,41.962548277,-87.760061109,POINT (-87.760061109016 41.962548276758)
0595e8bb7f52d311a54567a39d4c5fd229024b2504df54a12d6533892541feda28c6b2b86b940799005a17fb58a6e1ea8288968bbe738484d522dabda49da575,JF284880,,06/18/2022 02:00:00 PM,25,STOP SIGN/FLASHER,FUNCTIONING PROPERLY,CLEAR,DAYLIGHT,PEDALCYCLIST,FOUR WAY,,STRAIGHT AND LEVEL,DRY,NO DEFECTS,NOT ON SCENE (DESK REPORT),NO INJURY / DRIVE AWAY,Y,,,"$501 - $1,500",06/18/2022 04:00:00 PM,UNABLE TO DETERMINE,NOT APPLICABLE,2431,W,GRANVILLE AVE,2413,,,,,,,2,NO INDICATION OF INJURY,0,0,0,0,0,2,0,14,7,6,41.993967951,-87.691052763,POINT (-87.691052763285 41.99396795148)
03b909bea694044b20e34061dc1bf7f25b892d34c8da796256b410d0345ef3aa683b4df969bbeb562eaee63d881e5d9abab0692c3260f60541999840c652af66,JF276386,,06/11/2022 10:37:00 PM,30,NO CONTROLS,NO CONTROLS,CLEAR,"DARKNESS, LIGHTED ROAD",PEDALCYCLIST,NOT DIVIDED,,STRAIGHT AND LEVEL,DRY,NO DEFECTS,ON SCENE,INJURY AND / OR TOW DUE TO CRASH,,,Y,"OVER $1,500",06/11/2022 10:43:00 PM,FAILING TO YIELD RIGHT-OF-WAY,FAILING TO YIELD RIGHT-OF-WAY,750,W,83RD ST,622,,,,,,,2,INCAPACITATING INJURY,1,0,1,0,0,1,0,22,7,6,41.743473594,-87.643433989,POINT (-87.643433989318 41.74347359351)
043f79c72f40afacb530702ffb8ddbe96d449041fe0c187df46a1083ea69e19fbc5913f2d4f06101a8a7865207d71b5664754ed45e065b1c728463643d3db6e1,JE415098,,10/19/2021 01:00:00 PM,25,TRAFFIC SIGNAL,FUNCTIONING PROPERLY,CLEAR,DAYLIGHT,PEDALCYCLIST,FOUR WAY,,STRAIGHT AND LEVEL,DRY,NO DEFECTS,ON SCENE,NO INJURY / DRIVE AWAY,Y,,,$500 OR LESS,10/19/2021 01:05:00 PM,IMPROPER OVERTAKING/PASSING,NOT APPLICABLE,2200,S,HALSTED ST,1235,,,,,,,2,NO INDICATION OF INJURY,0,0,0,0,0,2,0,13,3,10,41.852494451,-87.646638241,POINT (-87.646638240616 41.852494450547)
050d8589273eb325bf481c46847615073f7d2656e92c9d70a438c9937588108828caff7328f63440f3cb288fb76ac3e38e90219f607201a5f833e56b8c68f89c,JF253176,,05/23/2022 08:30:00 PM,35,NO CONTROLS,NO CONTROLS,CLEAR,DARKNESS,PEDALCYCLIST,DIVIDED - W/MEDIAN BARRIER,,STRAIGHT AND LEVEL,DRY,UNKNOWN,ON SCENE,INJURY AND / OR TOW DUE TO CRASH,,,,"OVER $1,500",05/23/2022 08:35:00 PM,NOT APPLICABLE,NOT APPLICABLE,8000,S,ANTHONY AVE,411,,,,,,,2,NONINCAPACITATING INJURY,1,0,0,1,0,1,0,20,2,5,41.74957387,-87.586235622,POINT (-87.586235621882 41.749573869773)
06875a76b950602ca8380d41e5cd798c06f49587cc0f6a24152e47ba616e3001f846174cc1bb99b34fcf3004fb2943e1530e537607138e2964569fcefe30bf2c,JE357812,,09/01/2021 01:00:00 PM,30,NO CONTROLS,NO CONTROLS,CLEAR,DAYLIGHT,PEDALCYCLIST,DIVIDED - W/MEDIAN (NOT RAISED),,STRAIGHT AND LEVEL,DRY,NO DEFECTS,ON SCENE,INJURY AND / OR TOW DUE TO CRASH,,,,"OVER $1,500",09/01/2021 01:05:00 PM,UNABLE TO DETERMINE,UNABLE TO DETERMINE,3042,N,MILWAUKEE AVE,2523,,,Y,,,,2,NONINCAPACITATING INJURY,1,0,0,1,0,1,0,13,4,9,41.936398618,-87.719654356,POINT (-87.719654356116 41.936398618499)
094d6bd09777c2897d6caff1f8da501cf07b3e05a3d1d638fb15ca0d36a7e6bba930493df8df28ea54d032e5742e75f5b680478646d21c5b6ffb1602200c51cd,JF307585,,07/06/2022 02:30:00 PM,30,STOP SIGN/FLASHER,NO CONTROLS,CLEAR,DAYLIGHT,PEDALCYCLIST,NOT DIVIDED,,STRAIGHT AND LEVEL,DRY,NO DEFECTS,ON SCENE,INJURY AND / OR TOW DUE TO CRASH,,,,$500 OR LESS,07/06/2022 02:55:00 PM,UNABLE TO DETERMINE,NOT APPLICABLE,5601,W,AINSLIE ST,1622,,,,,,,2,NONINCAPACITATING INJURY,1,0,0,1,0,1,0,14,4,7,41.969489573,-87.767587101,POINT (-87.767587100532 41.969489573328)
08c3ca498b3f66b33b6e91aded9164a699962d3cc15fe136dedc961a7476eb2a4df8ef4c2baf4b47ddd43f70c288441b3bbe543c12d4c3a92ccbc478d6185d81,JF309706,,07/08/2022 09:50:00 AM,30,NO CONTROLS,NO CONTROLS,CLEAR,DAYLIGHT,PEDALCYCLIST,DIVIDED - W/MEDIAN (NOT RAISED),,STRAIGHT AND LEVEL,DRY,NO DEFECTS,ON SCENE,INJURY AND / OR TOW DUE TO CRASH,,,,"OVER $1,500",07/08/2022 09:53:00 AM,FAILING TO YIELD RIGHT-OF-WAY,IMPROPER TURNING/NO SIGNAL,3017,W,FULLERTON AVE,1414,,,,,,,2,NONINCAPACITATING INJURY,1,0,0,1,0,1,0,9,6,7,41.924646142,-87.703010353,POINT (-87.703010353187 41.924646142025)
0836af6fbc2166c9b8d83ff4283ed2699bb45a3a00c3c0474e0c25b2a39c53a54037a02d4e5bc4b88bd8c09aebf608a45fd96a9a74bc6fa92c728556a8324e9b,JE466178,,12/02/2021 12:00:00 PM,30,UNKNOWN,UNKNOWN,CLEAR,DAYLIGHT,PEDALCYCLIST,NOT DIVIDED,,STRAIGHT AND LEVEL,DRY,NO DEFECTS,NOT ON SCENE (DESK REPORT),INJURY AND / OR TOW DUE TO CRASH,,,,"OVER $1,500",12/04/2021 05:10:00 PM,UNABLE TO DETERMINE,UNABLE TO DETERMINE,5645,W,MADISON ST,1513,,,,,,,2,INCAPACITATING INJURY,1,0,1,0,0,2,0,12,5,12,41.88011005,-87.766574801,POINT (-87.766574800896 41.880110050431)
0740fafdfaa1b04a89a437de49dd7218135aeae902b80518b51337d5114d5932a29cee0ef45ce6db1fdfaa4e2c47be545f003a5b9baa493232ee5e9782884465,JE407459,,10/12/2021 05:16:00 PM,30,NO CONTROLS,NO CONTROLS,CLEAR,DAYLIGHT,PEDALCYCLIST,NOT DIVIDED,,STRAIGHT AND LEVEL,DRY,NO DEFECTS,ON SCENE,INJURY AND / OR TOW DUE TO CRASH,,,,"$501 - $1,500",10/12/2021 05:22:00 PM,NOT APPLICABLE,NOT APPLICABLE,8236,W,BELMONT AVE,1631,,,,,,,2,NONINCAPACITATING INJURY,1,0,0,1,0,1,0,17,3,10,41.937737234,-87.832665859,POINT (-87.832665858858 41.937737233993)
07fd2dd99d6eb3c20cbe900dda29e3c6e1ffbcf163d09ee8947fb279dbf29382dacbce77e319f0217f44311468654c35c2db599f2fe78fdf03f598b0ede914b4,JF240588,,05/13/2022 11:13:00 AM,30,NO CONTROLS,NO CONTROLS,CLEAR,DAYLIGHT,PEDALCYCLIST,NOT DIVIDED,,STRAIGHT AND LEVEL,DRY,NO DEFECTS,ON SCENE,INJURY AND / OR TOW DUE TO CRASH,,,,"OVER $1,500",05/13/2022 11:15:00 AM,UNABLE TO DETERMINE,UNABLE TO DETERMINE,5419,N,CLARK ST,2013,,,,,,,2,NONINCAPACITATING INJURY,1,0,0,1,0,1,0,11,6,5,41.980359036,-87.668171243,POINT (-87.668171243138 41.980359035573)
08be6c94048cb84d1019a7e3d9db082b9b28c88649124ff3e6a234e76c71bc4b0b0f3788e6d71d3c794b7162f08ecfa43c59835ae0a42e5c8a4e7c425ba9a0cf,JF213182,,04/19/2022 09:08:00 PM,30,TRAFFIC SIGNAL,FUNCTIONING PROPERLY,CLEAR,"DARKNESS, LIGHTED ROAD",PEDALCYCLIST,NOT DIVIDED,,STRAIGHT AND LEVEL,DRY,NO DEFECTS,ON SCENE,NO INJURY / DRIVE AWAY,,,Y,$500 OR LESS,04/19/2022 09:08:00 PM,UNABLE TO DETERMINE,UNABLE TO DETERMINE,3845,S,WALLACE ST,915,,,,,,,2,NO INDICATION OF INJURY,0,0,0,0,0,2,0,21,3,4,41.824011837,-87.640926473,POINT (-87.640926473128 41.824011836895)
08bcc6f8ed78c27012c187ec4f13371eca3012f27db99918b06a3845e4c440491cec2461a253a9676b2b13f650468025b4fef78c1b1537bfaab11e74b9a5a12e,JE400592,,10/06/2021 06:32:00 PM,30,TRAFFIC SIGNAL,FUNCTIONING PROPERLY,CLEAR,"DARKNESS, LIGHTED ROAD",PEDALCYCLIST,FOUR WAY,,STRAIGHT AND LEVEL,DRY,NO DEFECTS,,INJURY AND / OR TOW DUE TO CRASH,Y,,Y,"OVER $1,500",10/06/2021 06:37:00 PM,UNABLE TO DETERMINE,UNABLE TO DETERMINE,3500,S,ASHLAND AVE,912,,,,,,,2,NONINCAPACITATING INJURY,1,0,0,1,0,1,0,18,4,10,41.830408133,-87.665712758,POINT (-87.66571275812 41.830408132944)
070c71bfc229a6b429868790eb90a890b25941b5ab8396a4b4ffb0992980949dacce76860d9d1f0d8dc41068e471934abcdbc6dc3ea9b312368a8284508fdee5,JE464911,,12/02/2021 05:23:00 PM,30,TRAFFIC SIGNAL,FUNCTIONING PROPERLY,CLEAR,DUSK,PEDALCYCLIST,"FIVE POINT, OR MORE",,STRAIGHT AND LEVEL,DRY,NO DEFECTS,NOT ON SCENE (DESK REPORT),INJURY AND / OR TOW DUE TO CRASH,Y,,Y,"OVER $1,500",12/02/2021 05:23:00 PM,UNABLE TO DETERMINE,UNABLE TO DETERMINE,6400,N,MILWAUKEE AVE,1611,,,,,,,2,INCAPACITATING INJURY,1,0,1,0,0,1,0,17,5,12,41.997382173,-87.788077674,POINT (-87.78807767392 41.997382173454)
078cd0d0a12923303a521a8fd0a04ca5813eb2f3e609d8f14cfcf5736d828db8c532a04aa36b6a79df5220e664b097b7a7b600f0b4b620d27952d6337e9ea2b9,JE468908,,12/07/2021 10:05:00 AM,30,NO CONTROLS,NO CONTROLS,CLEAR,DAYLIGHT,PEDALCYCLIST,NOT DIVIDED,,STRAIGHT AND LEVEL,DRY,NO DEFECTS,ON SCENE,INJURY AND / OR TOW DUE TO CRASH,,,,$500 OR LESS,12/07/2021 10:08:00 AM,UNABLE TO DETERMINE,UNABLE TO DETERMINE,950,W,35TH ST,913,,,,,,,2,NONINCAPACITATING INJURY,1,0,0,1,0,2,0,10,3,12,41.830805987,-87.650184515,POINT (-87.650184514565 41.830805986901)