CRASH_RECORD_ID,RD_NO,CRASH_DATE_EST_I,CRASH_DATE,POSTED_SPEED_LIMIT,TRAFFIC_CONTROL_DEVICE,DEVICE_CONDITION,WEATHER_CONDITION,LIGHTING_CONDITION,FIRST_CRASH_TYPE,TRAFFICWAY_TYPE,LANE_CNT,ALIGNMENT,ROADWAY_SURFACE_COND,ROAD_DEFECT,REPORT_TYPE,CRASH_TYPE,INTERSECTION_RELATED_I,NOT_RIGHT_OF_WAY_I,HIT_AND_RUN_I,DAMAGE,DATE_POLICE_NOTIFIED,PRIM_CONTRIBUTORY_CAUSE,SEC_CONTRIBUTORY_CAUSE,STREET_NO,STREET_DIRECTION,STREET_NAME,BEAT_OF_OCCURRENCE,PHOTOS_TAKEN_I,STATEMENTS_TAKEN_I,DOORING_I,WORK_ZONE_I,WORK_ZONE_TYPE,WORKERS_PRESENT_I,NUM_UNITS,MOST_SEVERE_INJURY,INJURIES_TOTAL,INJURIES_FATAL,INJURIES_INCAPACITATING,INJURIES_NON_INCAPACITATING,INJURIES_REPORTED_NOT_EVIDENT,INJURIES_NO_INDICATION,INJURIES_UNKNOWN,CRASH_HOUR,CRASH_DAY_OF_WEEK,CRASH_MONTH,LATITUDE,LONGITUDE,LOCATION
094600421378cc25fdc173b74f8f62072458b30bda5b90ab3bcc200669d89e86ce5661442dbed50563afb23a6056f377cbe43e069a40e1c3fc93c6682112587c,JF133939,,02/04/2022 05:10:00 PM,30,TRAFFIC SIGNAL,FUNCTIONING PROPERLY,SNOW,DAYLIGHT,PEDALCYCLIST,DIVIDED - W/MEDIAN (NOT RAISED),,STRAIGHT AND LEVEL,SNOW OR SLUSH,NO DEFECTS,ON SCENE,INJURY AND / OR TOW DUE TO CRASH,Y,,,"OVER $1,500",02/04/2022 05:20:00 PM,FAILING TO YIELD RIGHT-OF-WAY,UNABLE TO DETERMINE,2800,N,CLYBOURN AVE,1931,,,,,,,2,NONINCAPACITATING INJURY,1,0,0,1,0,1,0,17,6,2,41.932297011,-87.678361087,POINT (-87.678361087495 41.932297011088)
071d98f39a6fc513aca3e3e8debe6db690de09c28623be10ca66dec62862ecdec786e634a627f8b9a7f2b1fb87cdfab6dfa8affa02438271882bb2cc183de664,JF273611,,06/03/2022 04:30:00 PM,20,NO CONTROLS,NO CONTROLS,RAIN,DUSK,PEDALCYCLIST,NOT DIVIDED,,STRAIGHT AND LEVEL,WET,NO DEFECTS,NOT ON SCENE (DESK REPORT),NO INJURY / DRIVE AWAY,,,,"OVER $1,500",06/09/2022 05:30:00 PM,UNABLE TO DETERMINE,NOT APPLICABLE,6100,S,RACINE AVE,713,,,Y,,,,2,NO INDICATION OF INJURY,0,0,0,0,0,2,0,16,6,6,41.783152353,-87.654738693,POINT (-87.654738693373 41.783152353261)
09051733d2678c610a328a387f22bf8216ccc6459b42fb249716974607f4029bde1e43b6c979e1ff290edf1a7334690023b2970b5d7b3bc05e7112f91876ae7c,JF257965,,05/27/2022 04:53:00 PM,25,STOP SIGN/FLASHER,FUNCTIONING PROPERLY,CLEAR,DAYLIGHT,PEDALCYCLIST,FOUR WAY,,STRAIGHT AND LEVEL,DRY,NO DEFECTS,ON SCENE,NO INJURY / DRIVE AWAY,Y,,,$500 OR LESS,05/27/2022 04:55:00 PM,NOT APPLICABLE,NOT APPLICABLE,2600,W,PRATT BLVD,2411,,,,,,,2,NO INDICATION OF INJURY,0,0,0,0,0,2,0,16,6,5,42.005056119,-87.6950118,POINT (-87.695011799634 42.005056118715)
06fc33abce910391e188612bcd8d166bc9e5070947b52111026ee00109fbe950089a8e88253a814b8b0099671cb02f25f2eb2f41a2f23f78f65c584c2aa2b07a,JF265204,,06/02/2022 04:30:00 PM,30,TRAFFIC SIGNAL,FUNCTIONING PROPERLY,CLEAR,DAYLIGHT,PEDALCYCLIST,FOUR WAY,,STRAIGHT AND LEVEL,DRY,UNKNOWN,ON SCENE,INJURY AND / OR TOW DUE TO CRASH,Y,,,"$501 - $1,500",06/02/2022 04:31:00 PM,UNABLE TO DETERMINE,NOT APPLICABLE,435,W,FULLERTON PKWY,1812,,,Y,,,,2,NONINCAPACITATING INJURY,1,0,0,1,0,2,0,16,5,6,41.925472107,-87.640659155,POINT (-87.640659154707 41.925472106632)
09a0cd9f00bc356aa96792183dc2c5f3b8162958462e85e337dff5f288c26732345529e0c32c63a5dac7a1be81666b009cf7431718554f838977b9ee93576904,JF221688,,04/26/2022 07:50:00 PM,35,OTHER REG. SIGN,FUNCTIONING PROPERLY,CLEAR,"DARKNESS, LIGHTED ROAD",PEDALCYCLIST,DIVIDED - W/MEDIAN (NOT RAISED),,STRAIGHT AND LEVEL,DRY,UNKNOWN,NOT ON SCENE (DESK REPORT),INJURY AND / OR TOW DUE TO CRASH,,,Y,"OVER $1,500",04/27/2022 09:42:00 AM,UNABLE TO DETERMINE,UNABLE TO DETERMINE,2949,W,53RD ST,923,,,,,,,2,NONINCAPACITATING INJURY,1,0,0,1,0,2,0,19,3,4,41.797151452,-87.698295314,POINT (-87.698295313659 41.797151451961)
076a0121ac4f9927dfc384e8c20de1b4530cdbade63adbcbc6d1fdc7c988ebcb27bea3dfd001e914a02bf3ee67937cb7ba218e11a8944c04c89a7422ac8a341e,JE464039,,12/02/2021 07:12:00 PM,30,NO CONTROLS,NO CONTROLS,CLEAR,DARKNESS,PEDALCYCLIST,NOT DIVIDED,,STRAIGHT AND LEVEL,DRY,NO DEFECTS,ON SCENE,INJURY AND / OR TOW DUE TO CRASH,,,Y,$500 OR LESS,12/02/2021 07:37:00 PM,UNABLE TO DETERMINE,UNABLE TO DETERMINE,1932,W,LARCHMONT AVE,1922,,,,,,,2,NONINCAPACITATING INJURY,1,0,0,1,0,1,0,19,5,12,41.953350359,-87.67763778,POINT (-87.677637779978 41.953350358947)
09823639299b746a243b9b85da4e3a9013f78213eee0db22dc0831bfa89d3b7feb8d2d2f6676c38e97692d2d9e76e4fb9afaa079d98dcf5f6bb06d4b3c8d5407,JE386094,,09/24/2021 06:00:00 PM,30,TRAFFIC SIGNAL,FUNCTIONING PROPERLY,CLEAR,DAYLIGHT,PEDALCYCLIST,NOT DIVIDED,,STRAIGHT AND LEVEL,DRY,NO DEFECTS,NOT ON SCENE (DESK REPORT),INJURY AND / OR TOW DUE TO CRASH,,,N,"OVER $1,500",09/24/2021 06:50:00 PM,UNABLE TO DETERMINE,NOT APPLICABLE,2400,N,SACRAMENTO AVE,1414,,,,,,,2,"REPORTED, NOT EVIDENT",1,0,0,0,1,1,0,18,6,9,41.924808124,-87.702466615,POINT (-87.70246661536 41.924808124238)
09b1ea5aa26f1080d61698158f3f92cce849fdf74ac38b7b7ad6fd82d097845b3029709fd759a05c99c4c60b63ec199c1dd8e17fb36a2ed4daf5caa489745ed5,JF201549,,04/08/2022 02:10:00 PM,20,STOP SIGN/FLASHER,FUNCTIONING PROPERLY,RAIN,DAYLIGHT,PEDALCYCLIST,NOT DIVIDED,,STRAIGHT AND LEVEL,WET,NO DEFECTS,ON SCENE,INJURY AND / OR TOW DUE TO CRASH,Y,,,$500 OR LESS,04/08/2022 02:15:00 PM,UNABLE TO DETERMINE,NOT APPLICABLE,1500,W,ESTES AVE,2423,,,,,,,2,NONINCAPACITATING INJURY,1,0,0,1,0,1,0,14,6,4,42.01163596,-87.668099088,POINT (-87.668099087818 42.011635959539)
0745ffbdc2f64e6e34f33bf29a768650ccec261b82aa6d838f71c697e439b1e5e61ff3045dbce0b418c53fe8f693ef009b57f90cf7d06bf1b7606455cc7d1f42,JE411010,,10/15/2021 06:58:00 PM,30,NO CONTROLS,NO CONTROLS,CLEAR,DAWN,PEDALCYCLIST,DIVIDED - W/MEDIAN BARRIER,,STRAIGHT AND LEVEL,DRY,UNKNOWN,ON SCENE,INJURY AND / OR TOW DUE TO CRASH,,,,$500 OR LESS,10/15/2021 07:16:00 PM,FAILING TO YIELD RIGHT-OF-WAY,FAILING TO YIELD RIGHT-OF-WAY,1928,W,IRVING PARK RD,1912,,,,,,,2,NONINCAPACITATING INJURY,1,0,0,1,0,1,0,18,6,10,41.954282814,-87.677506317,POINT (-87.677506317247 41.954282814192)
06f51e5024d4ddca8339cd907cbdb73ea2a96bbb2da384cd1ba8511235ae190a0747d7466ad35becaa86080e0db5d839fcc2f79af27998cab8d388af58002223,JF314350,,07/12/2022 07:10:00 AM,30,TRAFFIC SIGNAL,FUNCTIONING PROPERLY,CLEAR,DAYLIGHT,PEDALCYCLIST,FOUR WAY,,STRAIGHT AND LEVEL,DRY,NO DEFECTS,ON SCENE,INJURY AND / OR TOW DUE TO CRASH,Y,,,"OVER $1,500",07/12/2022 07:14:00 AM,DISREGARDING TRAFFIC SIGNALS,UNABLE TO DETERMINE,4800,N,LONG AVE,1623,,,,,,,2,NONINCAPACITATING INJURY,1,0,0,1,0,1,0,7,3,7,41.967723277,-87.762772945,POINT (-87.76277294453 41.967723276744)
0804b68e5290792cf81df2a9227dccfc5429634459d4e852193e27db2015d205300e7d9c1d22eea8d8ed51be05348b9bd857be3d8610431dd85de3290ed21267,JE416468,,10/20/2021 03:00:00 PM,30,NO CONTROLS,NO CONTROLS,CLEAR,DAYLIGHT,PEDALCYCLIST,NOT DIVIDED,,STRAIGHT AND LEVEL,DRY,UNKNOWN,,INJURY AND / OR TOW DUE TO CRASH,,,Y,$500 OR LESS,10/20/2021 03:00:00 PM,UNABLE TO DETERMINE,NOT APPLICABLE,6619,N,CLARK ST,2432,,,Y,,,,2,NONINCAPACITATING INJURY,1,0,0,1,0,1,0,15,4,10,42.002341697,-87.671925122,POINT (-87.671925121808 42.002341696614)
08f5f44880bbdb1e79f504b883fc736f7d40045edcaef44a587195aa9f8a646e7caf03856f41edf7f8cd304ffe23cbc063f52bcdc4ceb542ad158555a96b6c08,JE373686,,09/14/2021 04:00:00 PM,30,PEDESTRIAN CROSSING SIGN,FUNCTIONING PROPERLY,CLEAR,DAYLIGHT,PEDALCYCLIST,NOT DIVIDED,,STRAIGHT AND LEVEL,UNKNOWN,UNKNOWN,NOT ON SCENE (DESK REPORT),NO INJURY / DRIVE AWAY,Y,,Y,$500 OR LESS,09/14/2021 06:39:00 PM,IMPROPER OVERTAKING/PASSING,UNABLE TO DETERMINE,1434,W,ADDISON ST,1922,,,,,,,2,NO INDICATION OF INJURY,0,0,0,0,0,2,0,16,3,9,41.947156188,-87.665376923,POINT (-87.665376923357 41.947156187784)
082f134828b31e5291e353eda59fb6ba33b91d26083d1e70d7144d07801131805a60887f8eb4dad2eda7fe666e0fa5ec28392644bf879f1d3981aea9327795a9,JE471560,Y,12/09/2021 08:35:00 AM,30,TRAFFIC SIGNAL,FUNCTIONING PROPERLY,CLEAR,DAYLIGHT,PEDALCYCLIST,ONE-WAY,,STRAIGHT AND LEVEL,DRY,UNKNOWN,,INJURY AND / OR TOW DUE TO CRASH,Y,,Y,"OVER $1,500",12/09/2021 03:00:00 PM,IMPROPER TURNING/NO SIGNAL,NOT APPLICABLE,101,N,CLINTON ST,121,,,,,,,2,"REPORTED, NOT EVIDENT",1,0,0,0,1,1,0,8,5,12,41.883242163,-87.641087929,POINT (-87.641087928583 41.883242162688)
085138fda7318eb90b104b91a576271225bdcb16f4eedcbe430c2447087f6961fdd69e75a963183c40330e26e386f3c16579bfc2a96a33a3d6bf981d0126c282,JF332531,,07/26/2022 04:44:00 PM,30,TRAFFIC SIGNAL,FUNCTIONING PROPERLY,CLEAR,DAYLIGHT,PEDALCYCLIST,NOT DIVIDED,,STRAIGHT AND LEVEL,DRY,NO DEFECTS,ON SCENE,NO INJURY / DRIVE AWAY,,,Y,$500 OR LESS,07/26/2022 04:44:00 PM,UNABLE TO DETERMINE,DRIVING SKILLS/KNOWLEDGE/EXPERIENCE,5215,W,IRVING PARK RD,1634,,,,,,,2,NO INDICATION OF INJURY,0,0,0,0,0,2,0,16,3,7,41.95317844,-87.757804419,POINT (-87.757804418785 41.953178439692)
0a1604fbb138e9ca2f3d30d6d4ba87e7cbf91ea52fdce78ab85ac8e21d29c672d4a2179f4383b5abcd8ed1e1f97cd62ba952f6720901f118b06c75c28ec30ac2,JE385070,,09/23/2021 10:04:00 PM,25,TRAFFIC SIGNAL,FUNCTIONING PROPERLY,CLEAR,"DARKNESS, LIGHTED ROAD",PEDALCYCLIST,NOT DIVIDED,,STRAIGHT AND LEVEL,DRY,NO DEFECTS,ON SCENE,INJURY AND / OR TOW DUE TO CRASH,Y,,,"$501 - $1,500",09/23/2021 10:04:00 PM,DRIVING SKILLS/KNOWLEDGE/EXPERIENCE,NOT APPLICABLE,2177,W,TOUHY AVE,2411,,Y,Y,,,,2,NONINCAPACITATING INJURY,1,0,0,1,0,1,0,22,5,9,42.012128472,-87.686031748,POINT (-87.68603174753 42.012128472046)
092529503f0f72098dc7add39e60d8c4f33c32541edd9d1d7c25ed119e3d0f6e3db1a47bc255f96dcc2eae83287b750363d5d28775cf1176ea907a808cb812f4,JE426061,,10/28/2021 07:30:00 PM,30,UNKNOWN,UNKNOWN,RAIN,DUSK,PEDALCYCLIST,FOUR WAY,,STRAIGHT AND LEVEL,WET,UNKNOWN,NOT ON SCENE (DESK REPORT),NO INJURY / DRIVE AWAY,,,,$500 OR LESS,10/28/2021 11:00:00 PM,NOT APPLICABLE,UNABLE TO DETERMINE,731,W,GRAND AVE,1214,,,,,,,2,NO INDICATION OF INJURY,0,0,0,0,0,2,0,19,5,10,41.891076051,-87.647426791,POINT (-87.647426790715 41.891076051371)
0d72483d5ff52ce2df5fab5431cc9e54661260c2fcf9754c8253881c5e92cf4ec356444dd01dd8d29d7bc187970f9d9ff0ba87e47c4c6a5bb38bdc55581f6664,JF110191,,01/12/2022 07:30:00 AM,35,NO CONTROLS,NO CONTROLS,CLEAR,DAYLIGHT,PEDALCYCLIST,NOT DIVIDED,,STRAIGHT AND LEVEL,DRY,NO DEFECTS,ON SCENE,INJURY AND / OR TOW DUE TO CRASH,,,Y,"OVER $1,500",01/12/2022 07:30:00 AM,FOLLOWING TOO CLOSELY,FOLLOWING TOO CLOSELY,5308,W,GRAND AVE,2515,,,,,,,2,NONINCAPACITATING INJURY,1,0,0,1,0,2,0,7,4,1,41.917593752,-87.758877455,POINT (-87.758877455337 41.917593752451)
0a2d9b8d5208fce2335f13d268c761c5d20b537257d84b89dcd0492d9d60b87ce9903abe624af5ecbd1e57aee357d350f4044599405ba756a06ef9285e0acf75,JF129829,,01/31/2022 03:29:00 PM,30,NO CONTROLS,NO CONTROLS,CLEAR,DAYLIGHT,PEDALCYCLIST,NOT DIVIDED,,STRAIGHT AND LEVEL,DRY,NO DEFECTS,ON SCENE,INJURY AND / OR TOW DUE TO CRASH,Y,,,"$501 - $1,500",01/31/2022 04:07:00 PM,UNABLE TO DETERMINE,UNABLE TO DETERMINE,800,N,WINCHESTER AVE,1212,,,,,,,2,NONINCAPACITATING INJURY,1,0,0,1,0,2,0,15,2,1,41.895953028,-87.675979493,POINT (-87.675979493454 41.895953027849)
0b7fc7d9daa6c2e5abc557c53cfc40068a90138661a2c61d21023b6060e97cad3d4d9faaf16431466798558666267d999ce357b9ac9af6653b61d75eb42bd371,JE441618,Y,11/11/2021 12:20:00 PM,35,TRAFFIC SIGNAL,FUNCTIONING PROPERLY,RAIN,DAYLIGHT,PEDALCYCLIST,FOUR WAY,,STRAIGHT AND LEVEL,WET,UNKNOWN,ON SCENE,INJURY AND / OR TOW DUE TO CRASH,,,Y,"OVER $1,500",11/11/2021 12:30:00 PM,IMPROPER TURNING/NO SIGNAL,UNABLE TO DETERMINE,99,N,JEFFERSON ST,121,,,,,,,2,NONINCAPACITATING INJURY,1,0,0,1,0,1,0,12,5,11,41.883107233,-87.642551396,POINT (-87.642551395723 41.883107233251)
0d3d98dfffa3f96f150688ce3cad1b4c8e2bd66d6f4061236ec23beb9eeee5e13cd311d8a4ad242431bb4d661a1961bb902bf4945740f557ada212487149bc0b,JF264771,,06/02/2022 07:20:00 AM,20,NO CONTROLS,NO CONTROLS,CLEAR,DAYLIGHT,PEDALCYCLIST,ALLEY,,STRAIGHT AND LEVEL,DRY,NO DEFECTS,NOT ON SCENE (DESK REPORT),INJURY AND / OR TOW DUE TO CRASH,,,,$500 OR LESS,06/02/2022 11:01:00 AM,UNABLE TO DETERMINE,UNABLE TO DETERMINE,3730,W,ARGYLE ST,1712,,,Y,,,,2,NONINCAPACITATING INJURY,1,0,0,1,0,1,0,7,5,6,41.972063048,-87.721957206,POINT (-87.721957205784 41.972063048462)
0a7b4b5795235447e40424ee1667b8501239995312bbbabd15eead05dea3c1fa9b5ea682b318bd48e408bf3a7e56df6348ccd5db46b40bcdfbfe07a52b07f497,JF299151,,06/29/2022 07:07:00 PM,15,NO CONTROLS,NO CONTROLS,CLEAR,DAYLIGHT,PEDALCYCLIST,ALLEY,,STRAIGHT AND LEVEL,DRY,NO DEFECTS,ON SCENE,INJURY AND / OR TOW DUE TO CRASH,,,,$500 OR LESS,06/29/2022 07:07:00 PM,FAILING TO YIELD RIGHT-OF-WAY,NOT APPLICABLE,2100,N,TRIPP AVE,2522,,,,,,,2,"REPORTED, NOT EVIDENT",1,0,0,0,1,1,0,19,4,6,41.919002393,-87.732881779,POINT (-87.73288177898 41.919002393131)
0b65b1fce344e18279a0b36f89609b2ad6f0b6cfd85bd7b3516c4758157e961244569c4fcb12026ba1d9eb63a13534a718eb6d6f716f751b5564a6a55bbcd47a,JF281057,,06/15/2022 06:26:00 PM,30,NO CONTROLS,NO CONTROLS,CLEAR,DAYLIGHT,PEDALCYCLIST,DIVIDED - W/MEDIAN BARRIER,,STRAIGHT AND LEVEL,DRY,NO DEFECTS,ON SCENE,INJURY AND / OR TOW DUE TO CRASH,,,Y,"OVER $1,500",06/15/2022 06:30:00 PM,FAILING TO YIELD RIGHT-OF-WAY,NOT APPLICABLE,800,E,80TH ST,624,,,,,,,2,NONINCAPACITATING INJURY,1,0,0,1,0,1,0,18,4,6,41.749567128,-87.605127845,POINT (-87.605127844827 41.749567127561)
0bb24850259b37caf43763b9eb6fdec5ecda1325b4036db1549102f3bc31ea2b1678281d4071a796191f40e9662a5a0c4474f14f56ee3335c10b14b93236b8cb,JF250767,,05/21/2022 04:52:00 PM,30,TRAFFIC SIGNAL,FUNCTIONING PROPERLY,CLEAR,DAYLIGHT,PEDALCYCLIST,NOT DIVIDED,,STRAIGHT AND LEVEL,WET,NO DEFECTS,ON SCENE,INJURY AND / OR TOW DUE TO CRASH,Y,,Y,"OVER $1,500",05/21/2022 04:56:00 PM,UNABLE TO DETERMINE,NOT APPLICABLE,1397,N,MILWAUKEE AVE,1424,,,,,,,2,NONINCAPACITATING INJURY,1,0,0,1,0,1,0,16,7,5,41.907284115,-87.672400315,POINT (-87.67240031524 41.907284115186)
0ac6cde9083d373ce89a58ee88cb7d7fb6c1cfea151ad6f590d37f5976e2cd255a220bf09663d63bcc92b914b4faacc6f9aacb2dfbb77fe8675093817a9bee17,JF224793,,04/28/2022 03:20:00 PM,35,STOP SIGN/FLASHER,NO CONTROLS,CLEAR,DAYLIGHT,PEDALCYCLIST,NOT DIVIDED,,STRAIGHT AND LEVEL,DRY,UNKNOWN,NOT ON SCENE (DESK REPORT),INJURY AND / OR TOW DUE TO CRASH,,,Y,$500 OR LESS,04/29/2022 09:15:00 PM,UNABLE TO DETERMINE,UNABLE TO DETERMINE,322,S,PULASKI RD,1132,,,,,,,2,NONINCAPACITATING INJURY,1,0,0,1,0,2,0,15,5,4,41.876289423,-87.725665833,POINT (-87.725665832622 41.876289422976)
0d018b89067a46dc500cc2f25acd2f2e461756aa3c03911f08bc3d5ae21fd04e3019e72d6d3b1fda18303d0bba25a7f61b0ea4299df92186f9df8490d1d7db79,JF304404,,07/03/2022 04:00:00 PM,30,UNKNOWN,UNKNOWN,CLEAR,DAYLIGHT,PEDALCYCLIST,UNKNOWN,,STRAIGHT AND LEVEL,UNKNOWN,UNKNOWN,NOT ON SCENE (DESK REPORT),INJURY AND / OR TOW DUE TO CRASH,,,Y,$500 OR LESS,07/03/2022 11:11:00 PM,UNABLE TO DETERMINE,NOT APPLICABLE,3741,W,WABANSIA AVE,2535,,,,,,,2,NONINCAPACITATING INJURY,1,0,0,1,0,1,0,16,1,7,41.911661637,-87.720667156,POINT (-87.720667156294 41.91166163709)
0d7b7078e6e715d4007928772e3931eadfcb20c856465534d5a1e45adda02913601ca11a6e63691815cc1b8131aea063d463cef428ce23f295f6b30def1ef1c7,JF171532,,03/12/2022 01:40:00 PM,20,STOP SIGN/FLASHER,UNKNOWN,CLEAR,DAYLIGHT,PEDALCYCLIST,DIVIDED - W/MEDIAN (NOT RAISED),,STRAIGHT AND LEVEL,UNKNOWN,UNKNOWN,ON SCENE,INJURY AND / OR TOW DUE TO CRASH,,,Y,"OVER $1,500",03/12/2022 01:53:00 PM,IMPROPER OVERTAKING/PASSING,NOT APPLICABLE,2202,N,CLYBOURN AVE,1811,,,,,,,2,"REPORTED, NOT EVIDENT",1,0,0,0,1,1,0,13,7,3,41.921628736,-87.664631101,POINT (-87.664631101058 41.921628736435)
0bdc051932c44038c1813fc9f218b09645adb1981c5efdf3dde54ea5602616210675153178baf9b180af3e0a101151979c8413f9e7f475d42bbe1fb7f39f7d4c,JE463458,,12/02/2021 07:30:00 AM,30,NO CONTROLS,NO CONTROLS,CLEAR,DAYLIGHT,PEDALCYCLIST,NOT DIVIDED,,STRAIGHT AND LEVEL,DRY,NO DEFECTS,NOT ON SCENE (DESK REPORT),NO INJURY / DRIVE AWAY,,,,$500 OR LESS,12/02/2021 11:40:00 AM,UNABLE TO DETERMINE,NOT APPLICABLE,2507,W,ARMITAGE AVE,1434,,,,,,,2,NO INDICATION OF INJURY,0,0,0,0,0,2,0,7,5,12,41.917441715,-87.690195495,POINT (-87.69019549535 41.917441715239)
0b4273722a1d2fcc16a650a797033b0e37264885e301a24f6f6ddd274b2a0821c39c809905318be42c7671130790ff5164f25f96f4b7572e64f32913ebcb9670,JF298484,,06/29/2022 10:30:00 AM,20,NO CONTROLS,NO CONTROLS,CLEAR,DAYLIGHT,PEDALCYCLIST,ONE-WAY,,STRAIGHT AND LEVEL,DRY,NO DEFECTS,ON SCENE,INJURY AND / OR TOW DUE TO CRASH,,,Y,$500 OR LESS,06/29/2022 11:06:00 AM,UNABLE TO DETERMINE,NOT APPLICABLE,915,N,MENARD AVE,1511,,,,,,,3,NONINCAPACITATING INJURY,1,0,0,1,0,1,0,10,4,6,41.897059062,-87.770190842,POINT (-87.770190841871 41.897059061808)
0bf563fe27001adebd1e73aacf2f758fd0f2f7af5df862a4ebe35bcffedff9b3d5c0e4a8e9067b656ebbd657f99728c33dabf664ac9c0631e3056b0123b9cc82,JF271198,,06/01/2022 07:00:00 PM,30,TRAFFIC SIGNAL,FUNCTIONING PROPERLY,CLEAR,DAYLIGHT,PEDALCYCLIST,ONE-WAY,,STRAIGHT AND LEVEL,DRY,NO DEFECTS,NOT ON SCENE (DESK REPORT),INJURY AND / OR TOW DUE TO CRASH,,,,$500 OR LESS,06/07/2022 06:05:00 PM,UNABLE TO DETERMINE,NOT APPLICABLE,798,S,CLINTON ST,124,,,,,,,2,"REPORTED, NOT EVIDENT",1,0,0,0,1,1,0,19,4,6,41.872046267,-87.641024705,POINT (-87.641024705305 41.872046266583)
0c62018300ae0169d3e1d0808a08240f53df8b7ac6a7006a883eae4257f52f2362fb82d9d9e217d50db235b2785342fde6f65555b14e40e561155f160162a312,JF179766,,03/19/2022 08:39:00 PM,30,NO CONTROLS,NO CONTROLS,RAIN,"DARKNESS, LIGHTED ROAD",PEDALCYCLIST,PARKING LOT,,STRAIGHT AND LEVEL,WET,NO DEFECTS,ON SCENE,INJURY AND / OR TOW DUE TO CRASH,,,,$500 OR LESS,03/19/2022 08:40:00 PM,UNABLE TO DETERMINE,UNABLE TO DETERMINE,6709,W,ARCHER AVE,811,,,,,,,2,"REPORTED, NOT EVIDENT",1,0,0,0,1,1,0,20,7,3,41.7920854,-87.789527516,POINT (-87.789527516182 41.792085400173)
0ae25f5348afdb9f62804c99be4083296067f971e443db1e157d11b703066f573416ab2af0deaa7a65a7d58e0d89b9d60d6eaa4f5f6033cd7c36b32f7d6c361c,JF205189,Y,04/12/2022 12:12:00 AM,30,UNKNOWN,UNKNOWN,CLEAR,UNKNOWN,PEDALCYCLIST,UNKNOWN INTERSECTION TYPE,,STRAIGHT AND LEVEL,DRY,UNKNOWN,ON SCENE,INJURY AND / OR TOW DUE TO CRASH,,,Y,"$501 - $1,500",04/12/2022 12:12:00 AM,FAILING TO REDUCE SPEED TO AVOID CRASH,NOT APPLICABLE,9361,S,COTTAGE GROVE AVE,633,,,,,,,2,NONINCAPACITATING INJURY,1,0,0,1,0,1,0,0,3,4,41.723860289,-87.604364721,POINT (-87.604364720842 41.72386028931)
0c8942fac79f73ac4a06b81966f53ad3ddfab30d5665a96e6beea7eaec1fc6478a5dc383179840d1f2864fc3d392ffccf1bc4a4c9007959bcba2cf997d76dfa1,JE389489,,09/27/2021 05:47:00 PM,30,TRAFFIC SIGNAL,UNKNOWN,CLEAR,DAYLIGHT,PEDALCYCLIST,FOUR WAY,,STRAIGHT AND LEVEL,DRY,UNKNOWN,ON SCENE,INJURY AND / OR TOW DUE TO CRASH,Y,,Y,"OVER $1,500",09/27/2021 06:07:00 PM,DISREGARDING TRAFFIC SIGNALS,NOT APPLICABLE,3400,W,DIVISION ST,1422,,,,,,,2,NONINCAPACITATING INJURY,1,0,0,1,0,2,0,17,2,9,41.902896105,-87.711806443,POINT (-87.711806442708 41.902896105393)
0b42caf020d58e1c872b27911bfe663f88c9c0b674f91ffab75a3392f7ca9592dc356fe65b72e030cd77c97e187307f22af1943d8a5d1d685f8e5f6e771e19e3,JE391420,,09/29/2021 08:39:00 AM,20,NO CONTROLS,NO CONTROLS,CLEAR,DAYLIGHT,PEDALCYCLIST,NOT DIVIDED,,STRAIGHT AND LEVEL,DRY,NO DEFECTS,NOT ON SCENE (DESK REPORT),NO INJURY / DRIVE AWAY,,,,"$501 - $1,500",09/29/2021 10:15:00 AM,UNABLE TO DETERMINE,UNABLE TO DETERMINE,11121,S,MAPLEWOOD AVE,2212,,,,,,,2,NO INDICATION OF INJURY,0,0,0,0,0,2,0,8,4,9,41.691101225,-87.684696581,POINT (-87.684696580511 41.691101224507)
95d4fbe95c1ee20f03da483d6d5136623b87a05bafc4264a210e6d13a736a5bca344d46ffc36db61ba108ec2bf2ddfdfbc2212b9d9d92ce37c8a2fa93ea8d053,JF261397,,05/30/2022 06:25:00 PM,30,NO CONTROLS,NO CONTROLS,CLEAR,DAYLIGHT,PEDALCYCLIST,NOT DIVIDED,,STRAIGHT AND LEVEL,DRY,NO DEFECTS,ON SCENE,INJURY AND / OR TOW DUE TO CRASH,,,Y,"OVER $1,500",05/30/2022 06:26:00 PM,FOLLOWING TOO CLOSELY,IMPROPER OVERTAKING/PASSING,2898,E,87TH ST,423,,,,,,,2,NONINCAPACITATING INJURY,1,0,0,1,0,1,0,18,2,5,41.73746059,-87.553888951,POINT (-87.553888950952 41.737460590287)
0bacdf67e4e6c97f143de43ee66d6412bc8e35407e365cfe75c51f839b208ebd4602f649f28e114f840c32b7919fe9273c17eb3256999fa4ffcf896a88a05553,JF231272,Y,05/04/2022 12:30:00 PM,30,UNKNOWN,UNKNOWN,UNKNOWN,UNKNOWN,PEDALCYCLIST,NOT DIVIDED,,STRAIGHT AND LEVEL,UNKNOWN,UNKNOWN,NOT ON SCENE (DESK REPORT),INJURY AND / OR TOW DUE TO CRASH,,,,"$501 - $1,500",05/05/2022 01:40:00 PM,UNABLE TO DETERMINE,NOT APPLICABLE,3230,N,ELSTON AVE,1733,,,,,,,2,NONINCAPACITATING INJURY,1,0,0,1,0,1,0,12,4,5,41.940021521,-87.699452916,POINT (-87.699452916203 41.940021521379)