CRASH_RECORD_ID,RD_NO,CRASH_DATE_EST_I,CRASH_DATE,POSTED_SPEED_LIMIT,TRAFFIC_CONTROL_DEVICE,DEVICE_CONDITION,WEATHER_CONDITION,LIGHTING_CONDITION,FIRST_CRASH_TYPE,TRAFFICWAY_TYPE,LANE_CNT,ALIGNMENT,ROADWAY_SURFACE_COND,ROAD_DEFECT,REPORT_TYPE,CRASH_TYPE,INTERSECTION_RELATED_I,NOT_RIGHT_OF_WAY_I,HIT_AND_RUN_I,DAMAGE,DATE_POLICE_NOTIFIED,PRIM_CONTRIBUTORY_CAUSE,SEC_CONTRIBUTORY_CAUSE,STREET_NO,STREET_DIRECTION,STREET_NAME,BEAT_OF_OCCURRENCE,PHOTOS_TAKEN_I,STATEMENTS_TAKEN_I,DOORING_I,WORK_ZONE_I,WORK_ZONE_TYPE,WORKERS_PRESENT_I,NUM_UNITS,MOST_SEVERE_INJURY,INJURIES_TOTAL,INJURIES_FATAL,INJURIES_INCAPACITATING,INJURIES_NON_INCAPACITATING,INJURIES_REPORTED_NOT_EVIDENT,INJURIES_NO_INDICATION,INJURIES_UNKNOWN,CRASH_HOUR,CRASH_DAY_OF_WEEK,CRASH_MONTH,LATITUDE,LONGITUDE,LOCATION
0b82a50a8e783f982fa6459de042a43b06cd42bf49b92dcac38d5205063e33e676deab1f788f1478c9e0b374c616ebd636104945a2985105627d4a36b28c0f7f,JE393757,,10/01/2021 08:30:00 AM,30,NO CONTROLS,NO CONTROLS,CLEAR,DAYLIGHT,PEDALCYCLIST,NOT DIVIDED,,STRAIGHT AND LEVEL,DRY,NO DEFECTS,ON SCENE,INJURY AND / OR TOW DUE TO CRASH,,,,$500 OR LESS,10/01/2021 08:34:00 AM,DISTRACTION - FROM OUTSIDE VEHICLE,UNABLE TO DETERMINE,2828,N,PULASKI RD,2523,,,,,,,2,"REPORTED, NOT EVIDENT",1,0,0,0,1,1,0,8,6,10,41.932604222,-87.727148226,POINT (-87.727148226037 41.932604221966)
0aab9ce1c6d054a9c3089f7be18a9b744274f229e180612c0f5ffd44beae630c7f235fe53a5af7441b8ce1cc95b155f7f123634d1e93d7aba5d440342ebc9fe7,JE479427,,12/16/2021 11:45:00 AM,25,TRAFFIC SIGNAL,FUNCTIONING PROPERLY,CLEAR,DAYLIGHT,PEDALCYCLIST,NOT DIVIDED,,STRAIGHT AND LEVEL,DRY,NO DEFECTS,ON SCENE,NO INJURY / DRIVE AWAY,,,,$500 OR LESS,12/16/2021 11:55:00 AM,"VISION OBSCURED (SIGNS, TREE LIMBS, BUILDINGS, ETC.)",UNABLE TO DETERMINE,959,W,WEBSTER AVE,1812,,,,,,,2,NO INDICATION OF INJURY,0,0,0,0,0,2,0,11,5,12,41.921629709,-87.653423974,POINT (-87.653423973533 41.921629709113)
0d90be51a8245f7427d6935beb2c24ce60b41038bdf11589f7ad47b8009d42b6cf35fecbcb4b58e5c853717d02d43185d812a0b345a0a6d6ef726de7a1b77e51,JF305063,,07/04/2022 01:42:00 PM,30,NO CONTROLS,NO CONTROLS,CLEAR,DAYLIGHT,PEDALCYCLIST,NOT DIVIDED,,STRAIGHT AND LEVEL,DRY,NO DEFECTS,ON SCENE,INJURY AND / OR TOW DUE TO CRASH,,,Y,"OVER $1,500",07/04/2022 01:46:00 PM,IMPROPER OVERTAKING/PASSING,IMPROPER LANE USAGE,416,N,LARAMIE AVE,1523,,,,,,,2,NONINCAPACITATING INJURY,1,0,0,1,0,1,0,13,2,7,41.888251786,-87.755501071,POINT (-87.755501070753 41.888251786153)
0e2abe258d5c0ed9c54bb48fbc12ee78c095f56b068ef48918d5e57404c5a01b3287203c5b25c15b129fa8e5124da79176a3be37fe7a95c157fd67ebfbb570dc,JE484607,,12/21/2021 09:51:00 AM,25,STOP SIGN/FLASHER,FUNCTIONING PROPERLY,CLEAR,DAYLIGHT,PEDALCYCLIST,FOUR WAY,,STRAIGHT AND LEVEL,DRY,NO DEFECTS,ON SCENE,INJURY AND / OR TOW DUE TO CRASH,Y,,,$500 OR LESS,12/21/2021 09:51:00 AM,DISTRACTION - FROM OUTSIDE VEHICLE,FAILING TO YIELD RIGHT-OF-WAY,5400,N,DAMEN AVE,2012,,,,,,,2,NONINCAPACITATING INJURY,1,0,0,1,0,1,0,9,3,12,41.979712752,-87.679663434,POINT (-87.679663433548 41.979712751935)
0f18fdc253d55284d52020b64d712655551ebc187cbf6cb438e1b6bf12f7ede6c292c6c194f41d81af26fa966a06f352dd111e4f4e80079e10ccf1dcdf89dbac,JF121269,,01/22/2022 05:25:00 PM,30,TRAFFIC SIGNAL,FUNCTIONING PROPERLY,CLEAR,DAYLIGHT,PEDALCYCLIST,DIVIDED - W/MEDIAN (NOT RAISED),,STRAIGHT AND LEVEL,DRY,NO DEFECTS,ON SCENE,INJURY AND / OR TOW DUE TO CRASH,,,Y,"OVER $1,500",01/22/2022 09:42:00 PM,FAILING TO YIELD RIGHT-OF-WAY,UNABLE TO DETERMINE,2800,N,CALIFORNIA AVE,1411,,,,,,,2,NONINCAPACITATING INJURY,1,0,0,1,0,1,0,17,7,1,41.932120719,-87.6977653,POINT (-87.697765300365 41.932120719106)
0ec647e56d943aef741690534aab72569196b6bd2921b1f933948ba16da8626f6017b563c5e6fc03904e55ab25397cd624937f798164fdf16939af58fcd28543,JE429040,,10/31/2021 12:34:00 PM,30,NO CONTROLS,NO CONTROLS,CLEAR,DAYLIGHT,PEDALCYCLIST,DIVIDED - W/MEDIAN (NOT RAISED),,STRAIGHT AND LEVEL,DRY,NO DEFECTS,ON SCENE,INJURY AND / OR TOW DUE TO CRASH,,,,$500 OR LESS,10/31/2021 12:38:00 PM,FAILING TO YIELD RIGHT-OF-WAY,NOT APPLICABLE,1500,N,HALSTED ST,1822,,,,,,,2,NONINCAPACITATING INJURY,1,0,0,1,0,1,0,12,1,10,41.908639592,-87.648360153,POINT (-87.648360152682 41.908639591728)
1071f25892e61cc5288f0362c2ef1a67d898369bc34c43d6c2fe36381ada202362af97fbca38b27bab56b609ab8ca9ed77b82339080861c70fe1fbd9fc228ff1,JF164543,Y,03/05/2022 06:50:00 PM,30,TRAFFIC SIGNAL,FUNCTIONING PROPERLY,CLEAR,"DARKNESS, LIGHTED ROAD",PEDALCYCLIST,T-INTERSECTION,,STRAIGHT AND LEVEL,DRY,NO DEFECTS,ON SCENE,INJURY AND / OR TOW DUE TO CRASH,Y,,Y,"OVER $1,500",03/05/2022 07:32:00 PM,FAILING TO YIELD RIGHT-OF-WAY,UNABLE TO DETERMINE,3458,W,MARQUETTE RD,831,,,,,,,2,NONINCAPACITATING INJURY,1,0,0,1,0,1,0,18,7,3,41.771670068,-87.710119859,POINT (-87.710119859114 41.771670068353)
0fb9260f7f17054050e673642dded6f9ee691835ca628a16f3833a1806eb9c40db09cff5cd013fc1de99c473f0c629376d47a7c1051bae80ca5c362f54559e8f,JF317669,,07/14/2022 05:30:00 PM,30,NO CONTROLS,UNKNOWN,CLEAR,DAYLIGHT,PEDALCYCLIST,OTHER,,STRAIGHT AND LEVEL,DRY,NO DEFECTS,ON SCENE,INJURY AND / OR TOW DUE TO CRASH,,,,$500 OR LESS,07/14/2022 05:44:00 PM,NOT APPLICABLE,NOT APPLICABLE,200,N,FRANKLIN ST,122,,,,,,,2,NONINCAPACITATING INJURY,1,0,0,1,0,1,0,17,5,7,41.885784672,-87.635556924,POINT (-87.635556924462 41.885784672133)
0f1f25344dc01444c9aa64d3860197d5ab6af8ff610cba0ceac25831ecc08193fd5199b7f00132e9bdfa32fc18ab96410e55a6121a721fc1fb1e8a76e226e825,JE446220,,11/15/2021 01:30:00 PM,30,NO CONTROLS,NO CONTROLS,RAIN,DAYLIGHT,PEDALCYCLIST,UNKNOWN,,STRAIGHT AND LEVEL,WET,NO DEFECTS,ON SCENE,INJURY AND / OR TOW DUE TO CRASH,,,Y,"$501 - $1,500",11/15/2021 03:30:00 PM,UNABLE TO DETERMINE,NOT APPLICABLE,2899,S,LOOMIS ST,913,,,Y,,,,2,NONINCAPACITATING INJURY,1,0,0,1,0,1,0,13,2,11,41.84193259,-87.657631202,POINT (-87.65763120228 41.841932590431)
0e4c74d2e8c1723a3f07d7eae43c32df3ad641d711ff9be4497a3e98d43c64661fc113febb78e3bf4f736bdebc9c170159740eb82b6759c8130d997e7fab4311,JE366858,,09/09/2021 06:45:00 AM,30,NO CONTROLS,NO CONTROLS,CLEAR,DAYLIGHT,PEDALCYCLIST,DIVIDED - W/MEDIAN (NOT RAISED),,STRAIGHT AND LEVEL,DRY,WORN SURFACE,ON SCENE,INJURY AND / OR TOW DUE TO CRASH,,,Y,"$501 - $1,500",09/09/2021 06:46:00 AM,DRIVING SKILLS/KNOWLEDGE/EXPERIENCE,UNABLE TO DETERMINE,6241,N,BROADWAY,2433,,,,,,,2,INCAPACITATING INJURY,1,0,1,0,0,1,0,6,5,9,41.995776977,-87.660295053,POINT (-87.660295053059 41.995776976972)
0fef1f5134da62f91f481d594b8814312698abaaf0fe24c69b9b7221046210dd62dfd35e92a8d1720f8070184a153fa06cb34c2541c768b542d6d736602957d8,JF296677,,06/27/2022 09:00:00 PM,30,NO CONTROLS,NOT FUNCTIONING,CLEAR,"DARKNESS, LIGHTED ROAD",PEDALCYCLIST,ALLEY,,STRAIGHT AND LEVEL,DRY,NO DEFECTS,NOT ON SCENE (DESK REPORT),INJURY AND / OR TOW DUE TO CRASH,,,,$500 OR LESS,06/27/2022 10:20:00 PM,UNABLE TO DETERMINE,UNABLE TO DETERMINE,2901,N,NATCHEZ AVE,2511,,,,,,,2,"REPORTED, NOT EVIDENT",1,0,0,0,1,1,0,21,2,6,41.932892418,-87.788049481,POINT (-87.788049481112 41.93289241804)
0ee18d13dfcd5d09e35be73fb5e070ba623d33355224fbb23fef590805a57653372bb79ac7be359e273d69cf66af591941e70ad2751e35d106759eba9a5f92bf,JE477739,,12/14/2021 09:00:00 PM,20,STOP SIGN/FLASHER,FUNCTIONING PROPERLY,RAIN,"DARKNESS, LIGHTED ROAD",PEDALCYCLIST,NOT DIVIDED,,STRAIGHT AND LEVEL,WET,NO DEFECTS,NOT ON SCENE (DESK REPORT),NO INJURY / DRIVE AWAY,,,,$500 OR LESS,12/14/2021 09:05:00 PM,DRIVING ON WRONG SIDE/WRONG WAY,UNABLE TO DETERMINE,2127,N,PARKSIDE AVE,2515,,,,,,,2,NO INDICATION OF INJURY,0,0,0,0,0,2,0,21,3,12,41.918941942,-87.766869742,POINT (-87.766869741854 41.918941942487)
0d8b634022c744dce59023e5e72957e7ecd86280abdf708874275a83334386814e14c6ef5bd2249922266dffd38f7aed76576a529c72220dee69d5997750008a,JF167616,,03/08/2022 06:58:00 PM,30,STOP SIGN/FLASHER,FUNCTIONING PROPERLY,CLEAR,"DARKNESS, LIGHTED ROAD",PEDALCYCLIST,FOUR WAY,,STRAIGHT AND LEVEL,DRY,NO DEFECTS,ON SCENE,INJURY AND / OR TOW DUE TO CRASH,Y,,,$500 OR LESS,03/08/2022 06:59:00 PM,UNABLE TO DETERMINE,NOT APPLICABLE,4659,N,HAMLIN AVE,1723,,,,,,,2,NONINCAPACITATING INJURY,1,0,0,1,0,1,0,18,3,3,41.966430317,-87.722942034,POINT (-87.722942033539 41.966430317009)
0da49b054370c433c8a910655fef6138c8b700c1a20b350b6d915687f39847a6b8f58e91bd3fd68cd728901f53e16ff102cc82c8f31bab44fb6dc8fac487835d,JF286760,,06/19/2022 09:30:00 PM,30,STOP SIGN/FLASHER,OTHER,CLEAR,"DARKNESS, LIGHTED ROAD",PEDALCYCLIST,DIVIDED - W/MEDIAN (NOT RAISED),,STRAIGHT ON GRADE,DRY,NO DEFECTS,ON SCENE,INJURY AND / OR TOW DUE TO CRASH,,,Y,"OVER $1,500",06/20/2022 07:15:00 AM,FAILING TO YIELD RIGHT-OF-WAY,NOT APPLICABLE,4500,S,CALIFORNIA AVE,922,,,,,,,2,NONINCAPACITATING INJURY,1,0,0,1,0,1,0,21,1,6,41.811818878,-87.694458628,POINT (-87.694458628094 41.811818877708)
0ff03ea05a02fa874f7157e2a27697ed1b7f96bfc287ce998606cc14f44f3402acf0273afed2699f4ebd4fbaaf29c51dd4f604b931c38e5abf3fcb77ce0b16a9,JF243448,,05/15/2022 04:27:00 PM,30,NO CONTROLS,NO CONTROLS,CLEAR,DAYLIGHT,PEDALCYCLIST,TRAFFIC ROUTE,,STRAIGHT AND LEVEL,DRY,NO DEFECTS,ON SCENE,INJURY AND / OR TOW DUE TO CRASH,Y,,,"$501 - $1,500",05/15/2022 04:48:00 PM,FAILING TO YIELD RIGHT-OF-WAY,UNABLE TO DETERMINE,3859,W,ADDISON ST,1732,,N,,,,,2,NONINCAPACITATING INJURY,1,0,0,1,0,1,0,16,1,5,41.946295988,-87.724895415,POINT (-87.724895415248 41.946295987833)
0dcd7e3590ada25c118f73c72259ef18263ff5c860a8daada22500cf6e0195cefe34307da72efb4b4b0166e42f54a926e9647f02e04ba1b88b77919d097368de,JF317891,,07/14/2022 08:25:00 PM,30,NO CONTROLS,NO CONTROLS,CLEAR,DARKNESS,PEDALCYCLIST,DIVIDED - W/MEDIAN (NOT RAISED),,STRAIGHT AND LEVEL,DRY,UNKNOWN,ON SCENE,INJURY AND / OR TOW DUE TO CRASH,,,Y,"OVER $1,500",07/14/2022 08:29:00 PM,FOLLOWING TOO CLOSELY,FOLLOWING TOO CLOSELY,3126,N,ELSTON AVE,1411,,,,,,,2,NONINCAPACITATING INJURY,1,0,0,1,0,1,0,20,5,7,41.937781109,-87.696203324,POINT (-87.69620332401 41.937781108638)
0f8dc8784e5f7672d8f758e3753d4a69bf69085e5b4b86658d1811103b429e83859d78e710a800eb1a2f54042ae5c4dc03cb7e8f7032a5f896aa05f8bc00fc0d,JE378854,,09/18/2021 07:10:00 PM,30,NO CONTROLS,NO CONTROLS,CLEAR,DUSK,PEDALCYCLIST,NOT DIVIDED,,STRAIGHT AND LEVEL,DRY,UNKNOWN,NOT ON SCENE (DESK REPORT),NO INJURY / DRIVE AWAY,,,,"OVER $1,500",09/18/2021 08:10:00 PM,UNABLE TO DETERMINE,UNABLE TO DETERMINE,5940,N,BROADWAY,2013,,,,,,,2,NO INDICATION OF INJURY,0,0,0,0,0,2,0,19,7,9,41.990221082,-87.660420043,POINT (-87.660420043479 41.990221081871)
0f32079b7ff7c4c1dc5f56aa8c9fa69faaf926098e7a92902e3b4262c31845ff734be57ff4b4151819b5505d6960a71e81d20920e1d5398a47de9ec20bd6ca33,JE407627,,10/12/2021 07:35:00 PM,30,TRAFFIC SIGNAL,FUNCTIONING PROPERLY,CLEAR,"DARKNESS, LIGHTED ROAD",PEDALCYCLIST,"FIVE POINT, OR MORE",,STRAIGHT AND LEVEL,DRY,NO DEFECTS,ON SCENE,INJURY AND / OR TOW DUE TO CRASH,Y,,,"OVER $1,500",10/12/2021 07:38:00 PM,FAILING TO YIELD RIGHT-OF-WAY,UNABLE TO DETERMINE,2400,N,HALSTED ST,1935,,,,,,,2,NONINCAPACITATING INJURY,1,0,0,1,0,1,0,19,3,10,41.925540315,-87.648912156,POINT (-87.648912155512 41.925540315432)
0fab3e6679cb997db16a004d95c66a2fd218b33416e04926104279b6cad7aa60b92df307aefb69a65525ff24a64dcd085d82e0326afc046bdba72b22954c5861,JF282090,,06/16/2022 12:55:00 PM,30,TRAFFIC SIGNAL,FUNCTIONING PROPERLY,CLEAR,DAYLIGHT,PEDALCYCLIST,NOT DIVIDED,,STRAIGHT AND LEVEL,UNKNOWN,UNKNOWN,NOT ON SCENE (DESK REPORT),INJURY AND / OR TOW DUE TO CRASH,Y,,,$500 OR LESS,06/16/2022 02:34:00 PM,IMPROPER OVERTAKING/PASSING,UNABLE TO DETERMINE,1100,W,ADDISON ST,1923,,,,,,,2,NONINCAPACITATING INJURY,1,0,0,1,0,2,0,12,5,6,41.947304287,-87.656659322,POINT (-87.656659322373 41.947304287172)
0dbdaf87633efd7fbe92e4d48869ab9f9c8a13d5a52b78f1c6c276a29cae1df893cc60f40caee74c5d08c3845c2199ef32b2e64350d41bc764f053a263151a6a,JE482650,,12/19/2021 11:30:00 AM,30,NO CONTROLS,NO CONTROLS,CLEAR,DAYLIGHT,PEDALCYCLIST,DIVIDED - W/MEDIAN (NOT RAISED),,STRAIGHT AND LEVEL,DRY,NO DEFECTS,NOT ON SCENE (DESK REPORT),NO INJURY / DRIVE AWAY,,,,"$501 - $1,500",12/19/2021 12:20:00 PM,UNABLE TO DETERMINE,UNABLE TO DETERMINE,3200,W,GRAND AVE,1121,,,,,,,2,NO INDICATION OF INJURY,0,0,0,0,0,3,0,11,1,12,41.898423122,-87.706616405,POINT (-87.706616405026 41.898423122275)
117de7c34dca19806ca1ac4dcfbcd645ba1254296eeb8cebecc415341292a1eeaf0af6bf42f3c77ab700ac8c7c844531cadc3da13600b7263dbd1b5f172cd7a8,JF213164,,04/19/2022 08:26:00 PM,30,STOP SIGN/FLASHER,FUNCTIONING PROPERLY,CLEAR,"DARKNESS, LIGHTED ROAD",PEDALCYCLIST,NOT DIVIDED,,STRAIGHT AND LEVEL,DRY,NO DEFECTS,ON SCENE,INJURY AND / OR TOW DUE TO CRASH,Y,,Y,$500 OR LESS,04/19/2022 08:27:00 PM,DISREGARDING STOP SIGN,UNABLE TO DETERMINE,357,W,63RD ST,722,,Y,,,,,2,INCAPACITATING INJURY,1,0,1,0,0,1,0,20,3,4,41.779802687,-87.634793081,POINT (-87.634793081001 41.779802686696)
112cc24a76424714bdb309f752953790836879ae27ad0be3aee398a0ae1f8860c01d1d1d7f5c9f261eca964440dddde8bdac5e6c19d71257838c9a967e70ada2,JE415879,N,10/20/2021 06:46:00 AM,30,STOP SIGN/FLASHER,FUNCTIONING PROPERLY,CLEAR,DAYLIGHT,PEDALCYCLIST,ONE-WAY,,STRAIGHT AND LEVEL,DRY,NO DEFECTS,,NO INJURY / DRIVE AWAY,,,,"$501 - $1,500",10/20/2021 06:46:00 AM,UNABLE TO DETERMINE,UNABLE TO DETERMINE,5308,W,GRAND AVE,2515,,,,,,,2,NO INDICATION OF INJURY,0,0,0,0,0,2,0,6,4,10,41.917593752,-87.758877455,POINT (-87.758877455337 41.917593752451)
136c8f35158f1a865132051d4cc4ecc3866f03bc9689c544bae206f8b700fc42c2fcb44ad9a76f39f61dd6b85954cd62df1051d7a1d5627a5ab6c3eca10b930a,JF306188,,07/05/2022 01:00:00 PM,30,OTHER,NO CONTROLS,CLEAR,DAYLIGHT,PEDALCYCLIST,ONE-WAY,,STRAIGHT AND LEVEL,DRY,NO DEFECTS,ON SCENE,INJURY AND / OR TOW DUE TO CRASH,N,,,$500 OR LESS,07/05/2022 01:05:00 PM,FAILING TO YIELD RIGHT-OF-WAY,NOT APPLICABLE,2343,N,GREENVIEW AVE,1811,,,,,,,2,NONINCAPACITATING INJURY,1,0,0,1,0,1,0,13,3,7,41.92465106,-87.665631394,POINT (-87.665631393577 41.924651059876)
133d07337d546bf80fcb780bb1580fc1ae336987e4de7f3a0e7d2ee496e8f0be879aa66bde2ad36a765e89a240e90a48ef70e611d2f61ea4e04965944a57bd2e,JF242545,,05/14/2022 08:10:00 PM,35,TRAFFIC SIGNAL,FUNCTIONING PROPERLY,CLEAR,"DARKNESS, LIGHTED ROAD",PEDALCYCLIST,CENTER TURN LANE,,STRAIGHT AND LEVEL,DRY,NO DEFECTS,ON SCENE,INJURY AND / OR TOW DUE TO CRASH,Y,,,"OVER $1,500",05/14/2022 09:36:00 PM,FOLLOWING TOO CLOSELY,NOT APPLICABLE,1999,W,ARMITAGE AVE,1434,,,,,,,2,NONINCAPACITATING INJURY,1,0,0,1,0,1,0,20,7,5,41.917649426,-87.677556283,POINT (-87.677556283487 41.917649426029)
1252f85a2d2fbf08dec553d74fd5ee99812f5ce2b54db394250923fe4f95e9a4453f36bbb4709b48cab11c9d9f3ee16b65f2c4b9b5780206b548e73109342457,JF306475,,07/05/2022 04:30:00 PM,30,NO CONTROLS,NO CONTROLS,RAIN,DAYLIGHT,PEDALCYCLIST,ONE-WAY,,STRAIGHT AND LEVEL,UNKNOWN,UNKNOWN,ON SCENE,INJURY AND / OR TOW DUE TO CRASH,,,,"OVER $1,500",07/05/2022 05:19:00 PM,UNABLE TO DETERMINE,NOT APPLICABLE,1544,E,67TH PL,332,,,,,,,2,"REPORTED, NOT EVIDENT",1,0,0,0,1,1,0,16,3,7,41.772529407,-87.586952398,POINT (-87.586952397987 41.772529406944)
1159a9163091ace3f98cc858257e10ea6b9917681f00dcf27b26bf4f98a65295a3eab49bd49eab247eb1f5d600313c61e90d50fb8117ecfa03b0c7414ef5b96c,JF218512,,04/23/2022 01:00:00 PM,30,STOP SIGN/FLASHER,FUNCTIONING PROPERLY,CLEAR,DAYLIGHT,PEDALCYCLIST,T-INTERSECTION,,STRAIGHT AND LEVEL,DRY,NO DEFECTS,NOT ON SCENE (DESK REPORT),INJURY AND / OR TOW DUE TO CRASH,Y,,,"OVER $1,500",04/24/2022 03:00:00 PM,IMPROPER TURNING/NO SIGNAL,NOT APPLICABLE,1350,N,SEDGWICK ST,1821,,,,,,,2,NONINCAPACITATING INJURY,1,0,0,1,0,1,0,13,7,4,41.906935777,-87.63861007,POINT (-87.638610070297 41.906935777038)
11622325f38fb388adf5b8d23b357c6c05c3c09b00b231a39f66ffaf7e7401d6359b4ea52e1b5f4c3b0cb5c0c74ae17626dc1c18f42e9050a4a8bc519d79ecf1,JE477815,,12/14/2021 05:00:00 PM,30,NO CONTROLS,NO CONTROLS,UNKNOWN,UNKNOWN,PEDALCYCLIST,UNKNOWN INTERSECTION TYPE,,STRAIGHT AND LEVEL,UNKNOWN,UNKNOWN,NOT ON SCENE (DESK REPORT),INJURY AND / OR TOW DUE TO CRASH,Y,,,$500 OR LESS,12/14/2021 10:50:00 PM,FAILING TO YIELD RIGHT-OF-WAY,NOT APPLICABLE,6501,N,WESTERN AVE,2412,,,,,,,2,"REPORTED, NOT EVIDENT",1,0,0,0,1,1,0,17,3,12,41.999637101,-87.689786683,POINT (-87.689786683086 41.999637100537)
12b958df68e9ec8fd2d6655e7c7d7d075769378d995047eddbe6b1da1bb00e14777e6bdf2cbe7909d914a2f57743a4a839cdf6e333f1886195af4c50e5aa8b6c,JF116602,,01/18/2022 12:15:00 PM,30,TRAFFIC SIGNAL,FUNCTIONING PROPERLY,CLEAR,DAYLIGHT,PEDALCYCLIST,DIVIDED - W/MEDIAN (NOT RAISED),,STRAIGHT AND LEVEL,DRY,UNKNOWN,ON SCENE,NO INJURY / DRIVE AWAY,Y,,,$500 OR LESS,01/18/2022 12:15:00 PM,DISREGARDING TRAFFIC SIGNALS,UNABLE TO DETERMINE,798,W,CHICAGO AVE,1213,,,,,,,2,NO INDICATION OF INJURY,0,0,0,0,0,2,0,12,3,1,41.896505647,-87.647654579,POINT (-87.647654579153 41.896505646882)
133ac59184ffb63f82881dc9507d7ddf2ac1c13c85012646cc1a5c66e0eb9504b0c263924c7f8e2d43298ad580a5d8776f270b2342e99e82dbe154f41c369337,JF240591,,05/12/2022 06:45:00 PM,30,NO CONTROLS,NO CONTROLS,CLEAR,UNKNOWN,PEDALCYCLIST,DIVIDED - W/MEDIAN (NOT RAISED),,STRAIGHT AND LEVEL,UNKNOWN,UNKNOWN,NOT ON SCENE (DESK REPORT),NO INJURY / DRIVE AWAY,,,N,$500 OR LESS,05/13/2022 11:45:00 AM,UNABLE TO DETERMINE,NOT APPLICABLE,2345,N,CLARK ST,1814,,,Y,,,,2,NO INDICATION OF INJURY,0,0,0,0,0,2,0,18,5,5,41.924966179,-87.639926019,POINT (-87.639926018966 41.924966179088)
1249b061f83993d6ba2716c98200548eaa28548a1f869af765defb7942a39cb239cc4d13f3dfcd3707da73e4e29740d80f82a0e01ff4554fc5c2faf0a912c9d3,JE413193,,10/17/2021 07:43:00 PM,30,STOP SIGN/FLASHER,FUNCTIONING PROPERLY,CLEAR,"DARKNESS, LIGHTED ROAD",PEDALCYCLIST,DIVIDED - W/MEDIAN (NOT RAISED),,STRAIGHT AND LEVEL,DRY,NO DEFECTS,,INJURY AND / OR TOW DUE TO CRASH,Y,,Y,"$501 - $1,500",10/17/2021 09:05:00 PM,DISREGARDING STOP SIGN,FAILING TO YIELD RIGHT-OF-WAY,5455,N,SHERIDAN RD,2023,Y,,,,,,2,NONINCAPACITATING INJURY,1,0,0,1,0,1,0,19,1,10,41.981546975,-87.654983482,POINT (-87.654983481614 41.981546974875)
139919906bbf3cbb7df5fae23abf03bcbe9bb7a1d5c57e57326d261950e721e545bc2c93c9f77d700e209e9e7990a65d34c5df480da9435f2ba49546eb482cfa,JE402721,,10/08/2021 02:07:00 PM,35,TRAFFIC SIGNAL,FUNCTIONING PROPERLY,CLEAR,DAYLIGHT,PEDALCYCLIST,FOUR WAY,,STRAIGHT AND LEVEL,DRY,NO DEFECTS,ON SCENE,INJURY AND / OR TOW DUE TO CRASH,Y,,,"OVER $1,500",10/08/2021 02:09:00 PM,DISREGARDING TRAFFIC SIGNALS,FAILING TO YIELD RIGHT-OF-WAY,1400,N,CLYBOURN AVE,1822,,,,,,,2,NONINCAPACITATING INJURY,1,0,0,1,0,1,0,14,6,10,41.906397073,-87.643441487,POINT (-87.643441486874 41.90639707325)
1162bb012825c08d27d7f5ed11868130a6aba73d73f347dfdfbe93d36b4f1786306b5c92c385330a2a433230ad88897e32987c294e3482a5bac644f4cba97e3a,JF205140,,04/11/2022 10:48:00 PM,30,TRAFFIC SIGNAL,FUNCTIONING PROPERLY,CLEAR,"DARKNESS, LIGHTED ROAD",PEDALCYCLIST,DIVIDED - W/MEDIAN BARRIER,,STRAIGHT AND LEVEL,DRY,NO DEFECTS,ON SCENE,INJURY AND / OR TOW DUE TO CRASH,,,Y,"$501 - $1,500",04/11/2022 10:48:00 PM,FAILING TO REDUCE SPEED TO AVOID CRASH,NOT APPLICABLE,2368,W,OGDEN AVE,1233,,,,,,,2,NONINCAPACITATING INJURY,1,0,0,1,0,1,0,22,2,4,41.865086677,-87.685810861,POINT (-87.685810860514 41.865086677009)
138e5bd1fbbbdeaf5ea0b131d1067142eb7d2bba93c931f896711e6fdf59d27d113205e6850efc22a59a5a3eefc9059fe0cb3e3c28e66a32689d6ca7250815c7,JF316407,,07/13/2022 05:12:00 PM,30,STOP SIGN/FLASHER,FUNCTIONING PROPERLY,CLEAR,DAYLIGHT,PEDALCYCLIST,NOT DIVIDED,,STRAIGHT AND LEVEL,DRY,NO DEFECTS,ON SCENE,INJURY AND / OR TOW DUE TO CRASH,Y,,Y,$500 OR LESS,07/13/2022 05:13:00 PM,NOT APPLICABLE,NOT APPLICABLE,400,N,CLINTON ST,1214,,,,,,,2,NONINCAPACITATING INJURY,1,0,0,1,0,1,0,17,4,7,41.889348869,-87.64067013,POINT (-87.640670130114 41.889348868832)
1385e21d1a4b27fe240b57de13c2f9edca97190d6357e5b77b268a44b4d82980b94f5d8cc499207b052dc2b2f6eb07cc652d345a896b5223bf840587deca36f5,JE368226,,09/10/2021 10:05:00 AM,30,TRAFFIC SIGNAL,UNKNOWN,CLEAR,DAYLIGHT,PEDALCYCLIST,NOT DIVIDED,,STRAIGHT AND LEVEL,UNKNOWN,UNKNOWN,NOT ON SCENE (DESK REPORT),INJURY AND / OR TOW DUE TO CRASH,,,Y,$500 OR LESS,09/10/2021 11:00:00 AM,UNABLE TO DETERMINE,UNABLE TO DETERMINE,1559,W,LAWRENCE AVE,1912,,,,,,,2,NONINCAPACITATING INJURY,1,0,0,1,0,1,0,10,6,9,41.968766339,-87.669343749,POINT (-87.669343748957 41.968766338776)