CRASH_RECORD_ID,RD_NO,CRASH_DATE_EST_I,CRASH_DATE,POSTED_SPEED_LIMIT,TRAFFIC_CONTROL_DEVICE,DEVICE_CONDITION,WEATHER_CONDITION,LIGHTING_CONDITION,FIRST_CRASH_TYPE,TRAFFICWAY_TYPE,LANE_CNT,ALIGNMENT,ROADWAY_SURFACE_COND,ROAD_DEFECT,REPORT_TYPE,CRASH_TYPE,INTERSECTION_RELATED_I,NOT_RIGHT_OF_WAY_I,HIT_AND_RUN_I,DAMAGE,DATE_POLICE_NOTIFIED,PRIM_CONTRIBUTORY_CAUSE,SEC_CONTRIBUTORY_CAUSE,STREET_NO,STREET_DIRECTION,STREET_NAME,BEAT_OF_OCCURRENCE,PHOTOS_TAKEN_I,STATEMENTS_TAKEN_I,DOORING_I,WORK_ZONE_I,WORK_ZONE_TYPE,WORKERS_PRESENT_I,NUM_UNITS,MOST_SEVERE_INJURY,INJURIES_TOTAL,INJURIES_FATAL,INJURIES_INCAPACITATING,INJURIES_NON_INCAPACITATING,INJURIES_REPORTED_NOT_EVIDENT,INJURIES_NO_INDICATION,INJURIES_UNKNOWN,CRASH_HOUR,CRASH_DAY_OF_WEEK,CRASH_MONTH,LATITUDE,LONGITUDE,LOCATION
128110d6e67ceae3fcbc44354732dc9dc5687d414be6e5b47ae27e95559bb31ee5c5af62c5dbf1ae84680983dc8780b7c04fbc9fef375a21f8a8dd983490469b,JE360875,,09/04/2021 12:10:00 AM,25,STOP SIGN/FLASHER,FUNCTIONING PROPERLY,CLEAR,"DARKNESS, LIGHTED ROAD",PEDALCYCLIST,NOT DIVIDED,,STRAIGHT AND LEVEL,DRY,NO DEFECTS,ON SCENE,INJURY AND / OR TOW DUE TO CRASH,Y,,Y,$500 OR LESS,09/04/2021 12:13:00 AM,DISREGARDING STOP SIGN,FAILING TO YIELD RIGHT-OF-WAY,1559,E,64TH ST,314,,,,,,,2,NONINCAPACITATING INJURY,1,0,0,1,0,1,0,0,7,9,41.778658494,-87.58658241,POINT (-87.586582409744 41.778658493643)
1642f8606983bb48bb79f88abb831f0dfa738161222e7a17817301e5de828f163afde95ee74985aa84476421c51429f09987424c3938743765f02561631724c6,JE385610,,09/24/2021 12:22:00 PM,30,NO CONTROLS,NO CONTROLS,CLEAR,DAYLIGHT,PEDALCYCLIST,NOT DIVIDED,,STRAIGHT AND LEVEL,DRY,NO DEFECTS,,INJURY AND / OR TOW DUE TO CRASH,Y,,Y,"OVER $1,500",09/24/2021 12:25:00 PM,DRIVING ON WRONG SIDE/WRONG WAY,UNABLE TO DETERMINE,2323,S,DAMEN AVE,1034,,Y,,,,,2,INCAPACITATING INJURY,1,0,1,0,0,1,0,12,6,9,41.849673956,-87.675628858,POINT (-87.67562885757 41.849673956282)
15c2f1c839e768f78f7536a8d9892822ee96efc83f0e410837584a1cb7a205a9ee90b76776393649b144d8437a044c3782c109703f00e3299ee3ed2837f1f7c3,JE454596,,11/16/2021 08:30:00 PM,30,TRAFFIC SIGNAL,FUNCTIONING PROPERLY,CLEAR,"DARKNESS, LIGHTED ROAD",PEDALCYCLIST,NOT DIVIDED,,STRAIGHT AND LEVEL,DRY,NO DEFECTS,NOT ON SCENE (DESK REPORT),INJURY AND / OR TOW DUE TO CRASH,Y,,,$500 OR LESS,11/23/2021 12:50:00 PM,FAILING TO YIELD RIGHT-OF-WAY,NOT APPLICABLE,1900,N,LINCOLN AVE,1814,,,,,,,2,"REPORTED, NOT EVIDENT",1,0,0,0,1,1,0,20,3,11,41.916504441,-87.636466203,POINT (-87.636466202887 41.916504440658)
158cd4c6063d428cc8364eee3596be124fbb98eb7d1329f811d9af8e291562ffc6c9b5a3c3d20f87118e795344e15e066fd439cfba0e15d1de42541441bcfacd,JE429431,,10/31/2021 07:45:00 PM,30,TRAFFIC SIGNAL,FUNCTIONING PROPERLY,CLEAR,"DARKNESS, LIGHTED ROAD",PEDALCYCLIST,NOT DIVIDED,,STRAIGHT ON HILLCREST,DRY,NO DEFECTS,ON SCENE,INJURY AND / OR TOW DUE TO CRASH,Y,,,$500 OR LESS,10/31/2021 07:48:00 PM,"VISION OBSCURED (SIGNS, TREE LIMBS, BUILDINGS, ETC.)",UNABLE TO DETERMINE,637,W,KINZIE ST,1214,,,,,,,2,NONINCAPACITATING INJURY,1,0,0,1,0,1,0,19,1,10,41.888924509,-87.644259085,POINT (-87.644259085327 41.88892450931)
14402a96701e49a7fae3827509b1a16844b57764796bcb6305a09769aab0ed2f22c3fe5cf2e79d24556201b78bbcaf338c8c55805891e4a3c79d4797767f14c7,JE409687,,10/14/2021 03:40:00 PM,35,TRAFFIC SIGNAL,FUNCTIONING PROPERLY,CLEAR,DAYLIGHT,PEDALCYCLIST,DIVIDED - W/MEDIAN (NOT RAISED),,STRAIGHT AND LEVEL,DRY,NO DEFECTS,NOT ON SCENE (DESK REPORT),NO INJURY / DRIVE AWAY,,,N,"OVER $1,500",10/14/2021 04:25:00 PM,FAILING TO YIELD RIGHT-OF-WAY,FAILING TO REDUCE SPEED TO AVOID CRASH,3998,W,BRYN MAWR AVE,1711,,,,,,,2,NO INDICATION OF INJURY,0,0,0,0,0,2,0,15,5,10,41.982939813,-87.728289229,POINT (-87.728289228895 41.98293981257)
150e63f76b79a2c40dbde06b7480a513d692ce860665b19cf18bc92cb630e33a335b9b27b1b37ba5f923561c17cc9489a72f0f3fa53b8ab84bef49930dfbd640,JE359311,,09/02/2021 04:40:00 PM,30,TRAFFIC SIGNAL,FUNCTIONING PROPERLY,CLEAR,DAYLIGHT,PEDALCYCLIST,"FIVE POINT, OR MORE",,STRAIGHT AND LEVEL,DRY,NO DEFECTS,,INJURY AND / OR TOW DUE TO CRASH,N,,,"$501 - $1,500",09/02/2021 06:40:00 PM,"VISION OBSCURED (SIGNS, TREE LIMBS, BUILDINGS, ETC.)",NOT APPLICABLE,1901,N,LINCOLN PARK WEST,1814,,,,,,,2,NONINCAPACITATING INJURY,1,0,0,1,0,1,0,16,5,9,41.916607039,-87.636172573,POINT (-87.636172573171 41.916607038578)
15c4660e78c3b8da1b3a690bdbe63810cee38c7d93b166cb613027fd325cbd34deb920075482edf92bdb77a7e9aca0a1a43a668ad09ac86cf5a268a32f82491b,JF290320,,06/21/2022 09:30:00 AM,30,TRAFFIC SIGNAL,FUNCTIONING PROPERLY,CLEAR,DAYLIGHT,PEDALCYCLIST,NOT DIVIDED,,STRAIGHT AND LEVEL,DRY,NO DEFECTS,NOT ON SCENE (DESK REPORT),INJURY AND / OR TOW DUE TO CRASH,,,Y,$500 OR LESS,06/22/2022 08:05:00 PM,UNABLE TO DETERMINE,NOT APPLICABLE,1793,N,MILWAUKEE AVE,1434,,,,,,,2,"REPORTED, NOT EVIDENT",1,0,0,0,1,1,0,9,3,6,41.913997149,-87.682838254,POINT (-87.682838253585 41.913997149099)
14bcb29902c5d2fb5f08f68bf849c21b41934fd31a3d314aef03857ba75d3f0306334c459a8607a145fdaa86a15666ad644a29c7c627c7348977fd250063aac9,JE435947,,11/06/2021 11:50:00 AM,30,NO CONTROLS,NO CONTROLS,CLEAR,DAYLIGHT,PEDALCYCLIST,DIVIDED - W/MEDIAN (NOT RAISED),,STRAIGHT AND LEVEL,DRY,NO DEFECTS,ON SCENE,INJURY AND / OR TOW DUE TO CRASH,,,,$500 OR LESS,11/06/2021 11:50:00 AM,DRIVING SKILLS/KNOWLEDGE/EXPERIENCE,DRIVING SKILLS/KNOWLEDGE/EXPERIENCE,6818,W,DEVON AVE,1611,,,Y,,,,2,NONINCAPACITATING INJURY,1,0,0,1,0,0,0,11,7,11,41.9969223,-87.798010725,POINT (-87.798010725129 41.996922299992)
1480c5446bd704e06b8a20095bf6d43881ad93d32dd1ebc1196ef73df46e5af34ce071d65c9e0c7666d9c6d90756cf06244d51eefcc3f4fa05edb6258b6a381e,JF217624,,04/23/2022 08:35:00 PM,30,TRAFFIC SIGNAL,FUNCTIONING PROPERLY,CLEAR,"DARKNESS, LIGHTED ROAD",PEDALCYCLIST,DIVIDED - W/MEDIAN BARRIER,,STRAIGHT AND LEVEL,DRY,NO DEFECTS,ON SCENE,INJURY AND / OR TOW DUE TO CRASH,Y,,Y,$500 OR LESS,04/23/2022 08:48:00 PM,UNABLE TO DETERMINE,NOT APPLICABLE,800,S,HALSTED ST,1232,,,Y,,,,2,INCAPACITATING INJURY,1,0,1,0,0,1,0,20,7,4,41.871850375,-87.647166465,POINT (-87.647166465184 41.871850374852)
14f4d3d9b776ebe0e31718a4cc4b1d18880b064e4c4d8551923cddd5e8ae454a2f58442e085bdd87108ce7e50200ed6bff9e27f83f5c615c704becbb516dd3b4,JF169671,,03/10/2022 05:45:00 PM,35,NO CONTROLS,NO CONTROLS,CLEAR,"DARKNESS, LIGHTED ROAD",PEDALCYCLIST,ALLEY,,STRAIGHT AND LEVEL,DRY,NO DEFECTS,NOT ON SCENE (DESK REPORT),INJURY AND / OR TOW DUE TO CRASH,,,,"$501 - $1,500",03/10/2022 06:00:00 PM,UNABLE TO DETERMINE,UNABLE TO DETERMINE,140,S,DEARBORN ST,112,,,N,,,,2,"REPORTED, NOT EVIDENT",1,0,0,0,1,1,0,17,5,3,41.87967604,-87.629502283,POINT (-87.629502282668 41.879676040117)
171c4d7e2684c743b01addc86c88727576d72a38b5fc1ee423fd44b1c67d6aaea321eee90668fb0220236d2671e246755ea2cf6900ae39fa8a11ea6aa03db7e8,JF236172,,05/09/2022 07:44:00 PM,30,TRAFFIC SIGNAL,FUNCTIONING PROPERLY,CLEAR,DAYLIGHT,PEDALCYCLIST,FOUR WAY,,STRAIGHT AND LEVEL,DRY,NO DEFECTS,ON SCENE,INJURY AND / OR TOW DUE TO CRASH,Y,,,$500 OR LESS,05/09/2022 07:46:00 PM,FAILING TO YIELD RIGHT-OF-WAY,FAILING TO YIELD RIGHT-OF-WAY,780,N,MILWAUKEE AVE,1215,,,,,,,2,INCAPACITATING INJURY,1,0,1,0,0,1,0,19,2,5,41.895796244,-87.654953596,POINT (-87.654953595644 41.895796244484)
15d15a0aefbed7339d8ec10e1512bd5cdadf46b50aac4e748ad4125059cfbb327174be8aced302c97be0d97da8fee451ac115ac10be6c2a14cf806ef6274fedb,JE395111,,10/02/2021 09:10:00 AM,30,NO CONTROLS,NO CONTROLS,CLEAR,DAYLIGHT,PEDALCYCLIST,DIVIDED - W/MEDIAN (NOT RAISED),,STRAIGHT AND LEVEL,DRY,NO DEFECTS,ON SCENE,INJURY AND / OR TOW DUE TO CRASH,Y,,,$500 OR LESS,10/02/2021 09:12:00 AM,FAILING TO YIELD RIGHT-OF-WAY,NOT APPLICABLE,7800,S,SOUTH SHORE DR,421,,,,,,,2,NONINCAPACITATING INJURY,1,0,0,1,0,2,0,9,7,10,41.755114991,-87.551594178,POINT (-87.551594177984 41.755114990763)
16f7770fc1af3ccc21b54d61c88ac26da33697d9dad5c7e622948663dd848bf14d798232d4f28bc0e78371eb93fd920a27155b8519f3f8525229977449fc194a,JF239957,,05/12/2022 05:30:00 PM,30,STOP SIGN/FLASHER,FUNCTIONING PROPERLY,CLEAR,DAYLIGHT,PEDALCYCLIST,OTHER,,STRAIGHT AND LEVEL,DRY,UNKNOWN,NOT ON SCENE (DESK REPORT),NO INJURY / DRIVE AWAY,,,Y,"OVER $1,500",05/12/2022 08:30:00 PM,FOLLOWING TOO CLOSELY,UNABLE TO DETERMINE,654,W,LAWRENCE DR,2024,,,,,,,2,NO INDICATION OF INJURY,0,0,0,0,0,2,0,17,5,5,41.969494726,-87.64794721,POINT (-87.647947210086 41.96949472586)
152244930e4b43b183cb4dcdca09cbc49b02bae2367f6c408ca7148e17dbbdad0f01a5fa0a5f25f94dc50354c043da45cc7d98bac38589e03dcbbe4dfaa6ed17,JF131141,,02/01/2022 05:16:00 PM,30,NO CONTROLS,NO CONTROLS,CLEAR,"DARKNESS, LIGHTED ROAD",PEDALCYCLIST,NOT DIVIDED,,STRAIGHT AND LEVEL,WET,UNKNOWN,ON SCENE,INJURY AND / OR TOW DUE TO CRASH,,,,"$501 - $1,500",02/01/2022 05:19:00 PM,NOT APPLICABLE,NOT APPLICABLE,1732,W,FOSTER AVE,2012,,,Y,,,,2,NONINCAPACITATING INJURY,1,0,0,1,0,0,0,17,3,2,41.976227237,-87.6734381,POINT (-87.673438099607 41.976227237114)
16257afbffc9afa6d4220fb29b6ed6c76d5623e50abc2f93f5f294eb864ea1c89c8fe0f03a9eec0cb2ff1fbd35233f7d9a6c3285e26462139ad50a148013478d,JF291750,,06/23/2022 09:41:00 PM,35,NO CONTROLS,NO CONTROLS,CLEAR,"DARKNESS, LIGHTED ROAD",PEDALCYCLIST,NOT DIVIDED,,STRAIGHT AND LEVEL,DRY,NO DEFECTS,ON SCENE,INJURY AND / OR TOW DUE TO CRASH,,,,"OVER $1,500",06/23/2022 11:47:00 PM,UNABLE TO DETERMINE,UNABLE TO DETERMINE,2719,N,CENTRAL AVE,2514,,,Y,,,,2,NONINCAPACITATING INJURY,1,0,0,1,0,1,0,21,5,6,41.930028941,-87.766054805,POINT (-87.76605480481 41.930028941456)
1634432c3f12a03b45f3b68f0c14b4c71c83ea2cf94912a373288b85737d880dc2e50fb4ea95d5b571808dd881e0b87f4befe44e441ac5530b3d23209b189012,JF290414,,06/22/2022 05:46:00 PM,30,TRAFFIC SIGNAL,FUNCTIONING PROPERLY,CLEAR,DAYLIGHT,PEDALCYCLIST,"FIVE POINT, OR MORE",,STRAIGHT AND LEVEL,DRY,NO DEFECTS,NOT ON SCENE (DESK REPORT),INJURY AND / OR TOW DUE TO CRASH,,,,"OVER $1,500",06/22/2022 05:52:00 PM,DISREGARDING TRAFFIC SIGNALS,FAILING TO REDUCE SPEED TO AVOID CRASH,511,N,HALSTED ST,1214,,,,,,,2,NONINCAPACITATING INJURY,1,0,0,1,0,1,0,17,4,6,41.891559024,-87.647479813,POINT (-87.647479813164 41.891559024296)
177fe6aab0f03cbe08edb77751e875ce0df1b27e17e167ff7dab863793f2f3736bf5e294e3cde114b4cd14b2f626994724e929db28debe5db703f0e3ab137487,JE360558,,09/03/2021 05:30:00 PM,25,STOP SIGN/FLASHER,FUNCTIONING PROPERLY,CLEAR,DAYLIGHT,PEDALCYCLIST,NOT DIVIDED,,STRAIGHT AND LEVEL,DRY,NO DEFECTS,ON SCENE,INJURY AND / OR TOW DUE TO CRASH,,,,"OVER $1,500",09/03/2021 05:37:00 PM,FAILING TO YIELD RIGHT-OF-WAY,UNABLE TO DETERMINE,7200,N,WASHTENAW AVE,2411,,,Y,,,,2,NONINCAPACITATING INJURY,1,0,0,1,0,1,0,17,6,9,42.012169211,-87.697497859,POINT (-87.697497859432 42.012169211345)
1554427d42d15a0ec30f51c61a61ff95f82d17396093824f6ad6160bf09cd5b6b30b77b6c93a81a7c13a088b635ad18fbd5319154282a8ef8f29358b9388e25a,JF250770,,05/21/2022 05:10:00 PM,30,PEDESTRIAN CROSSING SIGN,FUNCTIONING PROPERLY,CLOUDY/OVERCAST,DAYLIGHT,PEDALCYCLIST,NOT DIVIDED,,STRAIGHT AND LEVEL,DRY,NO DEFECTS,ON SCENE,NO INJURY / DRIVE AWAY,,,Y,$500 OR LESS,05/21/2022 05:15:00 PM,UNABLE TO DETERMINE,NOT APPLICABLE,1400,N,HUMBOLDT DR,1423,,,,,,,2,NO INDICATION OF INJURY,0,0,0,0,0,2,0,17,7,5,41.906618575,-87.701501458,POINT (-87.701501457835 41.906618575041)
155b1a3a1d33e1f5f659ed0dacdc2213ec7528443c755aa844c278422f88581124c48198a5dd9e5e64f14ffe591fd58ff5c3d5ad9c09d499bc121fcad968c433,JF313842,,07/11/2022 06:00:00 PM,30,TRAFFIC SIGNAL,FUNCTIONING PROPERLY,CLEAR,DAYLIGHT,PEDALCYCLIST,DIVIDED - W/MEDIAN (NOT RAISED),,STRAIGHT AND LEVEL,DRY,NO DEFECTS,ON SCENE,NO INJURY / DRIVE AWAY,,,,"OVER $1,500",07/11/2022 06:00:00 PM,FAILING TO REDUCE SPEED TO AVOID CRASH,FAILING TO YIELD RIGHT-OF-WAY,430,W,CHICAGO AVE,1823,,,,,,,2,NO INDICATION OF INJURY,0,0,0,0,0,2,0,18,2,7,41.896625965,-87.639829077,POINT (-87.639829076953 41.89662596489)
14d35edb72d4b67cc614d92408bc2f7e6163d6d163a9830c9ce35c845759f56199ba19a2b4f50c5973c540443d85c40a46a84393c98b109de325cf67722382f2,JE477340,,12/14/2021 03:00:00 PM,30,NO CONTROLS,NO CONTROLS,CLEAR,DAYLIGHT,PEDALCYCLIST,NOT DIVIDED,,STRAIGHT AND LEVEL,DRY,NO DEFECTS,ON SCENE,INJURY AND / OR TOW DUE TO CRASH,,,Y,"OVER $1,500",12/14/2021 03:00:00 PM,NOT APPLICABLE,NOT APPLICABLE,2854,W,FULLERTON AVE,1414,,,,,,,2,NONINCAPACITATING INJURY,1,0,0,1,0,2,0,15,3,12,41.924897682,-87.699635198,POINT (-87.699635197863 41.924897681818)
1a2b8811491c8c99d81192eaaa8206de4c1c45dcc2f26a652fbe3e525ac0e0f08c686e56c75ca6ed50c86edc8b8b08af123e7963a82fd58f7ff12299d89e845d,JF202171,,04/09/2022 01:44:00 AM,30,NO CONTROLS,NO CONTROLS,RAIN,"DARKNESS, LIGHTED ROAD",PEDALCYCLIST,FOUR WAY,,STRAIGHT AND LEVEL,WET,NO DEFECTS,ON SCENE,INJURY AND / OR TOW DUE TO CRASH,Y,,Y,"$501 - $1,500",04/09/2022 01:44:00 AM,UNABLE TO DETERMINE,NOT APPLICABLE,5204,S,WESTERN AVE,923,,,,,,,2,NONINCAPACITATING INJURY,1,0,0,1,0,1,0,1,7,4,41.79912739,-87.684318673,POINT (-87.68431867338 41.799127389719)
17aa39b890a4a12691365ffefbe31b5c4f9bf80e6253a3bcd4bed68658efbddc3dd54764e7194be9999f05dd6366e1fd168b1f1771f70a7073f980939f46259b,JF285905,,06/18/2022 07:12:00 PM,30,NO CONTROLS,NO CONTROLS,CLEAR,DAYLIGHT,PEDALCYCLIST,DIVIDED - W/MEDIAN (NOT RAISED),,STRAIGHT AND LEVEL,DRY,NO DEFECTS,NOT ON SCENE (DESK REPORT),INJURY AND / OR TOW DUE TO CRASH,,,Y,"OVER $1,500",06/19/2022 02:00:00 PM,FAILING TO YIELD RIGHT-OF-WAY,NOT APPLICABLE,772,N,OGDEN AVE,1215,,,,,,,2,"REPORTED, NOT EVIDENT",1,0,0,0,1,1,0,19,7,6,41.896064488,-87.654975906,POINT (-87.654975906216 41.896064487553)
19109e3385291ff05427450b7471a9d362d4e095bf61d6f9a232d79623f8aaf4c6e86769003310dffdad5d466f650fb91adf65646a010bd66af6c89f48ac3250,JF236001,,05/09/2022 05:25:00 PM,30,TRAFFIC SIGNAL,FUNCTIONING PROPERLY,CLEAR,DAYLIGHT,PEDALCYCLIST,DIVIDED - W/MEDIAN (NOT RAISED),,STRAIGHT AND LEVEL,DRY,NO DEFECTS,ON SCENE,INJURY AND / OR TOW DUE TO CRASH,Y,,,"OVER $1,500",05/09/2022 05:29:00 PM,BICYCLE ADVANCING LEGALLY ON RED LIGHT,DISREGARDING TRAFFIC SIGNALS,7800,S,COTTAGE GROVE AVE,624,,,,,,,2,INCAPACITATING INJURY,1,0,1,0,0,1,0,17,2,5,41.753013127,-87.605393045,POINT (-87.605393044674 41.753013126846)
17b7a252e81f6e7199861a7875d4e51d1a1d74929fa6ef09b9e86aa04ea06d3ebabff0a86c11f19b5010da98eaa7664e361e6800e0e589d90078d1302b0d71ec,JF228540,,05/02/2022 12:30:00 PM,30,NO CONTROLS,NO CONTROLS,CLEAR,DAYLIGHT,PEDALCYCLIST,NOT DIVIDED,,STRAIGHT AND LEVEL,DRY,NO DEFECTS,,INJURY AND / OR TOW DUE TO CRASH,,,,"OVER $1,500",05/03/2022 10:50:00 AM,UNABLE TO DETERMINE,UNABLE TO DETERMINE,4550,N,BROADWAY,1913,,,,,,,2,NONINCAPACITATING INJURY,1,0,0,1,0,2,0,12,2,5,41.964946214,-87.657347068,POINT (-87.657347067992 41.964946214061)
19a8a15067ff0bc9db95d777d596a148b6de88b5ebdeb99dd4d815fd9e08862b271cc09ef734badb94cd9329965b22ba2a4cd2e231e0abea582cadd2350b6b75,JE421964,,10/25/2021 02:10:00 PM,30,TRAFFIC SIGNAL,FUNCTIONING PROPERLY,RAIN,DAYLIGHT,PEDALCYCLIST,NOT DIVIDED,,STRAIGHT AND LEVEL,WET,UNKNOWN,ON SCENE,NO INJURY / DRIVE AWAY,,,Y,$500 OR LESS,10/25/2021 02:20:00 PM,NOT APPLICABLE,NOT APPLICABLE,3723,N,ELSTON AVE,1733,,,,,,,2,NO INDICATION OF INJURY,0,0,0,0,0,2,0,14,2,10,41.949095368,-87.712234506,POINT (-87.71223450647 41.94909536789)
1912c782d30ca2146cdd0d85de46df7f92b393be34c8856a419cae070fb2e554000c0bec400f65e53d19653b275b6582518d2e0ca2c2a4e94bcb6918e680f85d,JE403661,,10/09/2021 09:40:00 AM,30,NO CONTROLS,NO CONTROLS,CLEAR,DAYLIGHT,PEDALCYCLIST,DIVIDED - W/MEDIAN (NOT RAISED),,STRAIGHT AND LEVEL,DRY,NO DEFECTS,ON SCENE,INJURY AND / OR TOW DUE TO CRASH,,,,"OVER $1,500",10/09/2021 09:46:00 AM,UNABLE TO DETERMINE,UNABLE TO DETERMINE,4220,N,CLARK ST,1912,,,Y,,,,2,INCAPACITATING INJURY,1,0,1,0,0,0,0,9,7,10,41.958615415,-87.664920244,POINT (-87.664920243865 41.958615414553)
18bf4a260bcf600fdf3dab47d85476226da99018c4eae152346657ca0884648cad375d7ac0e321c00bfe06c86bad4fb875daec0e24d7e4361f85ee449f9bb681,JE360408,,09/03/2021 03:27:00 PM,30,NO CONTROLS,NO CONTROLS,CLEAR,DAYLIGHT,PEDALCYCLIST,DIVIDED - W/MEDIAN (NOT RAISED),,STRAIGHT AND LEVEL,DRY,NO DEFECTS,ON SCENE,INJURY AND / OR TOW DUE TO CRASH,Y,,Y,$500 OR LESS,09/03/2021 03:37:00 PM,UNABLE TO DETERMINE,UNABLE TO DETERMINE,4301,N,BROADWAY,1915,,,,,,,2,NONINCAPACITATING INJURY,1,0,0,1,0,1,0,15,6,9,41.96017961,-87.653973999,POINT (-87.653973998661 41.960179610052)
1a9b911b05723919e1d40e60414fe7d4f25c0058e36a416d7199f2a90f2d0d6443bdafb12b2f0aebd51bac40790b62cc1854d989e7d0e0e76527b868cfc94bbe,JE377190,,09/17/2021 02:05:00 PM,30,NO CONTROLS,NO CONTROLS,CLEAR,DAYLIGHT,PEDALCYCLIST,NOT DIVIDED,,STRAIGHT AND LEVEL,DRY,NO DEFECTS,ON SCENE,INJURY AND / OR TOW DUE TO CRASH,,,Y,$500 OR LESS,09/17/2021 02:08:00 PM,UNABLE TO DETERMINE,UNABLE TO DETERMINE,3912,W,CHICAGO AVE,1112,,,,,,,2,NONINCAPACITATING INJURY,1,0,0,1,0,1,0,14,6,9,41.895495656,-87.724253105,POINT (-87.724253105405 41.895495656364)
19174b6beb2c491263fe2cba9837170996f88ab4e6bea874c78466c34e085b10325f97f143258d68ccb691e8cc89115f1173df978fb78d13f9d6f9342d4ccbaf,JF237941,,05/11/2022 09:50:00 AM,30,NO CONTROLS,NO CONTROLS,CLEAR,DAYLIGHT,PEDALCYCLIST,NOT DIVIDED,,STRAIGHT AND LEVEL,DRY,NO DEFECTS,ON SCENE,NO INJURY / DRIVE AWAY,,,Y,$500 OR LESS,05/11/2022 09:52:00 AM,FAILING TO YIELD RIGHT-OF-WAY,FAILING TO REDUCE SPEED TO AVOID CRASH,10650,S,BELL AVE,2212,,,,,,,2,NO INDICATION OF INJURY,0,0,0,0,0,2,0,9,4,5,41.6994174,-87.67791275,POINT (-87.677912750346 41.699417399941)
198b463abb29868a70a88088f3ada8a04ad0d545a6b5ef0078811241ca7875f5373d77b5c25fe0d99b7407afd711820c1b33aecee7dc14a4ecca23f758573ec0,JF176062,,03/16/2022 03:40:00 PM,20,NO CONTROLS,NO CONTROLS,CLEAR,DAYLIGHT,PEDALCYCLIST,ALLEY,,STRAIGHT AND LEVEL,DRY,NO DEFECTS,NOT ON SCENE (DESK REPORT),NO INJURY / DRIVE AWAY,,,,$500 OR LESS,03/16/2022 04:20:00 PM,UNABLE TO DETERMINE,NOT APPLICABLE,4200,N,ASHLAND AVE,1912,,,,,,,2,NO INDICATION OF INJURY,0,0,0,0,0,3,0,15,4,3,41.958038774,-87.669301674,POINT (-87.669301674261 41.958038773675)
1986662ce9f9f547676f77a945a87fae08b27934e6055be388192743cf5e7e58978bba288f3b97a4fb1884ec8adc6123f3feac885a973b4dc60eb1f83204a61a,JE433804,,11/03/2021 07:55:00 PM,30,UNKNOWN,NO CONTROLS,CLEAR,DARKNESS,PEDALCYCLIST,NOT DIVIDED,,STRAIGHT AND LEVEL,DRY,NO DEFECTS,NOT ON SCENE (DESK REPORT),INJURY AND / OR TOW DUE TO CRASH,,,Y,"OVER $1,500",11/04/2021 02:18:00 PM,IMPROPER OVERTAKING/PASSING,IMPROPER LANE USAGE,849,S,SACRAMENTO BLVD,1135,,,,,,,2,NONINCAPACITATING INJURY,1,0,0,1,0,1,0,19,4,11,41.870145405,-87.700750971,POINT (-87.700750971426 41.870145404966)
188f8cd2c821787ea0376e93cfd323018f7e92a7190354574012706edc09ffec9cbda4738733a355104b8b3816f1ef593c10a2883a9b573d39309b97d799891a,JF236287,,05/06/2022 08:15:00 PM,30,TRAFFIC SIGNAL,FUNCTIONING PROPERLY,CLEAR,"DARKNESS, LIGHTED ROAD",PEDALCYCLIST,FOUR WAY,,STRAIGHT AND LEVEL,DRY,NO DEFECTS,NOT ON SCENE (DESK REPORT),INJURY AND / OR TOW DUE TO CRASH,Y,,,$500 OR LESS,05/09/2022 10:00:00 PM,IMPROPER TURNING/NO SIGNAL,UNABLE TO DETERMINE,759,W,ROOSEVELT RD,1232,,,,,,,2,"REPORTED, NOT EVIDENT",1,0,0,0,1,1,0,20,6,5,41.867045582,-87.6468275,POINT (-87.646827500037 41.867045581518)
19ab8d09a2ea6f5d0289458cdb7b732047db4d5ffbdd4cfaf2ea129bfde5c669216a833d945b971905731bf47f4165ff82e8d1aa8462f209cbeb61c403dfb028,JF313914,,07/11/2022 06:54:00 PM,30,NO CONTROLS,UNKNOWN,CLEAR,DAYLIGHT,PEDALCYCLIST,ONE-WAY,,STRAIGHT AND LEVEL,DRY,NO DEFECTS,ON SCENE,INJURY AND / OR TOW DUE TO CRASH,Y,,,"OVER $1,500",07/11/2022 06:54:00 PM,FOLLOWING TOO CLOSELY,UNABLE TO DETERMINE,2899,W,ARTHUR AVE,2412,,Y,,,,,2,NONINCAPACITATING INJURY,1,0,0,1,0,1,0,18,2,7,41.999234582,-87.702071883,POINT (-87.7020718832 41.999234581784)