CRASH_RECORD_ID,RD_NO,CRASH_DATE_EST_I,CRASH_DATE,POSTED_SPEED_LIMIT,TRAFFIC_CONTROL_DEVICE,DEVICE_CONDITION,WEATHER_CONDITION,LIGHTING_CONDITION,FIRST_CRASH_TYPE,TRAFFICWAY_TYPE,LANE_CNT,ALIGNMENT,ROADWAY_SURFACE_COND,ROAD_DEFECT,REPORT_TYPE,CRASH_TYPE,INTERSECTION_RELATED_I,NOT_RIGHT_OF_WAY_I,HIT_AND_RUN_I,DAMAGE,DATE_POLICE_NOTIFIED,PRIM_CONTRIBUTORY_CAUSE,SEC_CONTRIBUTORY_CAUSE,STREET_NO,STREET_DIRECTION,STREET_NAME,BEAT_OF_OCCURRENCE,PHOTOS_TAKEN_I,STATEMENTS_TAKEN_I,DOORING_I,WORK_ZONE_I,WORK_ZONE_TYPE,WORKERS_PRESENT_I,NUM_UNITS,MOST_SEVERE_INJURY,INJURIES_TOTAL,INJURIES_FATAL,INJURIES_INCAPACITATING,INJURIES_NON_INCAPACITATING,INJURIES_REPORTED_NOT_EVIDENT,INJURIES_NO_INDICATION,INJURIES_UNKNOWN,CRASH_HOUR,CRASH_DAY_OF_WEEK,CRASH_MONTH,LATITUDE,LONGITUDE,LOCATION
1b3bd6cd24c7439bd8103889afad3d67311040b4d865042aaddbe9c2a6f2025ab06113caff260843b9304291d2b34d585f757559062f56afbea693e3eb471741,JE377637,Y,09/17/2021 07:35:00 PM,30,NO CONTROLS,NO CONTROLS,CLEAR,"DARKNESS, LIGHTED ROAD",PEDALCYCLIST,NOT DIVIDED,,STRAIGHT AND LEVEL,DRY,NO DEFECTS,ON SCENE,NO INJURY / DRIVE AWAY,Y,,,$500 OR LESS,09/17/2021 07:37:00 PM,UNABLE TO DETERMINE,UNABLE TO DETERMINE,4664,W,IRVING PARK RD,1722,,,,,,,2,NO INDICATION OF INJURY,0,0,0,0,0,2,0,19,6,9,41.953556372,-87.745213133,POINT (-87.745213133279 41.953556371592)
1cd1a93c059797910661fa53c99510a55f67cb53d9ba7cb319ca64796f0c7d041f6c150877817765887ddc8cefc347e99dfad02a9a05034bdef101e497589b0f,JE462069,,12/01/2021 07:30:00 AM,30,NO CONTROLS,FUNCTIONING PROPERLY,CLEAR,DAYLIGHT,PEDALCYCLIST,NOT DIVIDED,,STRAIGHT AND LEVEL,WET,NO DEFECTS,ON SCENE,INJURY AND / OR TOW DUE TO CRASH,,,,"OVER $1,500",12/01/2021 07:30:00 AM,FAILING TO YIELD RIGHT-OF-WAY,NOT APPLICABLE,1700,S,CLARK ST,131,,,,,,,2,NONINCAPACITATING INJURY,1,0,0,1,0,3,0,7,4,12,41.858894801,-87.6304005,POINT (-87.630400499587 41.858894801344)
1c51c340ff780cb700895649f175a749c32eab69fa9bb803fac69e81c0cad0569d271e4554483c74f543f04dd29f1aecbba911dde50e1e16d09f81d7bde649cc,JF241017,,05/13/2022 04:40:00 PM,30,NO CONTROLS,NO CONTROLS,CLEAR,DAYLIGHT,PEDALCYCLIST,NOT DIVIDED,,STRAIGHT AND LEVEL,DRY,NO DEFECTS,ON SCENE,INJURY AND / OR TOW DUE TO CRASH,,,,"OVER $1,500",05/13/2022 04:50:00 PM,FAILING TO YIELD RIGHT-OF-WAY,NOT APPLICABLE,1150,W,FULLERTON AVE,1932,,,,,,,2,NONINCAPACITATING INJURY,1,0,0,1,0,2,0,16,6,5,41.925406636,-87.658062184,POINT (-87.658062183857 41.92540663614)
1b325ff78cd20169e5f7f41bac415bcd98721417c292b6d78c33a790071ac02c0439f8df005da127210123c595987544d346e2ae7158a9b37d99acb5cbf62675,JE369672,,09/11/2021 12:33:00 PM,30,NO CONTROLS,NO CONTROLS,CLEAR,DAYLIGHT,PEDALCYCLIST,NOT DIVIDED,,STRAIGHT AND LEVEL,DRY,NO DEFECTS,ON SCENE,NO INJURY / DRIVE AWAY,,,Y,"OVER $1,500",09/11/2021 12:50:00 PM,UNABLE TO DETERMINE,UNABLE TO DETERMINE,1941,N,HALSTED ST,1813,,,,,,,3,NO INDICATION OF INJURY,0,0,0,0,0,3,0,12,7,9,41.917181253,-87.648315951,POINT (-87.648315951147 41.917181253367)
1d7551df17fd2cbea06e8e5ca44c7de9efaec5ad3f95e2f94473cfa42496f30d17e171dd198d8c8ce760a57de80408590c994d3a07b2154906bfac643fa7c51b,JF289122,,06/21/2022 09:22:00 PM,30,NO CONTROLS,NO CONTROLS,CLEAR,"DARKNESS, LIGHTED ROAD",PEDALCYCLIST,DIVIDED - W/MEDIAN (NOT RAISED),,STRAIGHT AND LEVEL,DRY,NO DEFECTS,ON SCENE,INJURY AND / OR TOW DUE TO CRASH,,,,"OVER $1,500",06/21/2022 09:22:00 PM,IMPROPER LANE USAGE,UNABLE TO DETERMINE,3413,N,HARLEM AVE,1632,,,,,,,2,INCAPACITATING INJURY,1,0,1,0,0,2,0,21,3,6,41.942060674,-87.806745052,POINT (-87.80674505152 41.942060673639)
1dfad2d3de7bf5d07ab0e96aff0af50f75a4ab6ab6cf7d569a64eea3ab1f6d6ad407f1465674a7446181caf4d5210a364fd7e18468abc4e04921dcef38878374,JE389495,,09/27/2021 06:00:00 PM,30,TRAFFIC SIGNAL,FUNCTIONING PROPERLY,CLEAR,DAYLIGHT,PEDALCYCLIST,Y-INTERSECTION,,STRAIGHT AND LEVEL,DRY,UNKNOWN,ON SCENE,NO INJURY / DRIVE AWAY,Y,,,"OVER $1,500",09/27/2021 06:10:00 PM,UNABLE TO DETERMINE,NOT APPLICABLE,500,W,DICKENS AVE,1812,,,,,,,2,NO INDICATION OF INJURY,0,0,0,0,0,2,0,18,2,9,41.920218391,-87.641368193,POINT (-87.641368192783 41.920218391071)
1e59125a8f19658db610f7ba928b437df09da4d641495adad629da404d7ce7c1781352ffcedbd2ff56be99126ab4bac1fe35bd67976e75f8a86767abc61e6750,JE393143,,09/30/2021 04:35:00 PM,30,STOP SIGN/FLASHER,FUNCTIONING PROPERLY,CLEAR,DAYLIGHT,PEDALCYCLIST,T-INTERSECTION,,STRAIGHT AND LEVEL,DRY,UNKNOWN,ON SCENE,INJURY AND / OR TOW DUE TO CRASH,Y,,Y,"OVER $1,500",09/30/2021 04:38:00 PM,UNABLE TO DETERMINE,NOT APPLICABLE,1001,S,CICERO AVE,1131,,,,,,,2,NONINCAPACITATING INJURY,1,0,0,1,0,1,0,16,5,9,41.868505893,-87.744688538,POINT (-87.744688537963 41.868505892977)
1c4a9a6b94c09345c8a5faee6176199d7b2d0aba8585a21f45b958f119229f101c11710a3fc46c23f637a5c082a21ea0aa2f2b5bab19755df1f3361072942ebc,JF222437,,04/27/2022 08:49:00 PM,30,TRAFFIC SIGNAL,FUNCTIONING PROPERLY,CLEAR,"DARKNESS, LIGHTED ROAD",PEDALCYCLIST,FOUR WAY,,STRAIGHT AND LEVEL,DRY,NO DEFECTS,ON SCENE,NO INJURY / DRIVE AWAY,,,,$500 OR LESS,04/27/2022 08:51:00 PM,FAILING TO YIELD RIGHT-OF-WAY,UNABLE TO DETERMINE,4001,N,CLARENDON AVE,1915,,,Y,,,,2,NO INDICATION OF INJURY,0,0,0,0,0,3,0,20,4,4,41.954618558,-87.649554643,POINT (-87.649554642815 41.954618557684)
1ce6aa185829cbd8c1a7663751762905710a89dacd6bba15b0d19b160b8e7dfe20a62d468aec84f759a22ff3676b5cd72604113972eb9c364fad4a44f15e2c88,JF240152,,05/13/2022 12:59:00 AM,35,NO CONTROLS,NO CONTROLS,CLEAR,"DARKNESS, LIGHTED ROAD",PEDALCYCLIST,NOT DIVIDED,,STRAIGHT AND LEVEL,DRY,NO DEFECTS,ON SCENE,NO INJURY / DRIVE AWAY,,,,$500 OR LESS,05/13/2022 01:02:00 AM,IMPROPER TURNING/NO SIGNAL,NOT APPLICABLE,2419,N,MILWAUKEE AVE,1414,,Y,N,,,,2,NO INDICATION OF INJURY,0,0,0,0,0,3,0,0,6,5,41.925237082,-87.700922742,POINT (-87.7009227423 41.925237082233)
1e5280859855f68ae9ae2c543b72205869f8646f7f0aa52f63f2198faa8f810ff05c9da6eeae40b90c6f1b8628ac2d6d798cf0f23363eb2c58590f06c43cace8,JE366998,,09/09/2021 09:55:00 AM,30,NO CONTROLS,NO CONTROLS,CLEAR,DAYLIGHT,PEDALCYCLIST,NOT DIVIDED,,STRAIGHT AND LEVEL,DRY,NO DEFECTS,NOT ON SCENE (DESK REPORT),INJURY AND / OR TOW DUE TO CRASH,,,,"$501 - $1,500",09/09/2021 09:59:00 AM,UNABLE TO DETERMINE,UNABLE TO DETERMINE,79,E,MONROE ST,112,,Y,Y,,,,2,NONINCAPACITATING INJURY,1,0,0,1,0,1,0,9,5,9,41.880707733,-87.624781971,POINT (-87.624781971293 41.880707732589)
1cf2050ed0f0704554f273f68d5b85c761c89fd858b98765e2c4717124f1ead3742c0dd82c742dcb8cdb1521c139998c3ad94bd096605252e405f9191432c97c,JF194051,,04/01/2022 06:20:00 PM,30,NO CONTROLS,NO CONTROLS,CLEAR,DAYLIGHT,PEDALCYCLIST,NOT DIVIDED,,STRAIGHT AND LEVEL,DRY,NO DEFECTS,ON SCENE,INJURY AND / OR TOW DUE TO CRASH,,,,"$501 - $1,500",04/01/2022 06:22:00 PM,UNABLE TO DETERMINE,NOT APPLICABLE,4731,S,PULASKI RD,821,,,,,,,2,NONINCAPACITATING INJURY,1,0,0,1,0,0,0,18,6,4,41.806935601,-87.723409932,POINT (-87.723409931895 41.806935601048)
1d3b8a12c39e6cef19880def42d69ec8a9cde3fb661e2df4a8993f362f80f71ef5b65daef20a07f49617f096890dbf472a5a0b73dd323d17208469f1420ff101,JF258903,,05/28/2022 02:32:00 PM,30,TRAFFIC SIGNAL,FUNCTIONING PROPERLY,CLEAR,DAYLIGHT,PEDALCYCLIST,DIVIDED - W/MEDIAN (NOT RAISED),,STRAIGHT AND LEVEL,DRY,NO DEFECTS,ON SCENE,INJURY AND / OR TOW DUE TO CRASH,,,,"$501 - $1,500",05/28/2022 02:35:00 PM,FAILING TO YIELD RIGHT-OF-WAY,NOT APPLICABLE,3500,W,63RD ST,823,,,,,,,2,INCAPACITATING INJURY,1,0,1,0,0,1,0,14,7,5,41.778961599,-87.710528949,POINT (-87.710528948795 41.778961598969)
1b6118fbdf368fcd8e53dd632508a0247e42b12a43452bbc68ea0447e86658b30059fe43e4451ee2c5c3b2d4553292d5b791a5023370b3ccef7461e8d4fd4115,JE361665,,09/04/2021 05:30:00 PM,30,TRAFFIC SIGNAL,FUNCTIONING PROPERLY,CLEAR,DAYLIGHT,PEDALCYCLIST,NOT DIVIDED,,STRAIGHT AND LEVEL,DRY,UNKNOWN,ON SCENE,NO INJURY / DRIVE AWAY,Y,,,"OVER $1,500",09/04/2021 05:38:00 PM,TURNING RIGHT ON RED,FAILING TO REDUCE SPEED TO AVOID CRASH,1982,N,CLYBOURN AVE,1811,,,,,,,2,NO INDICATION OF INJURY,0,0,0,0,0,2,0,17,7,9,41.917167001,-87.658453226,POINT (-87.65845322644 41.917167000959)
1e02470d2f1ce54f8c551a7644af4809813e31cbed2f3e841a110357eb3c989138f446e020cd892ce1ad5d330fcf90a8f05cdc3c88fdfb6818968326f9e879ef,JF133753,,02/04/2022 01:55:00 PM,30,NO CONTROLS,NO CONTROLS,CLEAR,DAYLIGHT,PEDALCYCLIST,NOT DIVIDED,,STRAIGHT AND LEVEL,SNOW OR SLUSH,NO DEFECTS,ON SCENE,INJURY AND / OR TOW DUE TO CRASH,,,Y,$500 OR LESS,02/04/2022 01:55:00 PM,FAILING TO YIELD RIGHT-OF-WAY,UNABLE TO DETERMINE,4002,W,MAYPOLE AVE,1114,,,,,,,2,INCAPACITATING INJURY,1,0,1,0,0,1,0,13,6,2,41.884786444,-87.725930377,POINT (-87.72593037678 41.884786444484)
1b5dbc30f48bcc370ba416c6f2f77475b65c0694af13fb2c5fa6ce4af253e63bd79746346688b10d1e05043e312a078dcdee39983a65a3f1c1eca7ecd4b5fb90,JE436449,,11/06/2021 07:30:00 PM,20,STOP SIGN/FLASHER,FUNCTIONING PROPERLY,CLEAR,"DARKNESS, LIGHTED ROAD",PEDALCYCLIST,NOT DIVIDED,,STRAIGHT AND LEVEL,DRY,UNKNOWN,ON SCENE,INJURY AND / OR TOW DUE TO CRASH,Y,,,"$501 - $1,500",11/06/2021 08:46:00 PM,UNABLE TO DETERMINE,NOT APPLICABLE,6000,S,PRAIRIE AVE,311,,,,,,,2,"REPORTED, NOT EVIDENT",1,0,0,0,1,1,0,19,7,11,41.785556255,-87.619138714,POINT (-87.619138713501 41.785556254912)
1d4537543d507285df612f18ebf2be7729b54b04820ccced76cccf7e52ec28c9876ccf1980e681847f0df9a5269019473823b2628714617f520e50deee218308,JF243507,,05/24/2022 07:27:00 AM,30,OTHER,FUNCTIONING PROPERLY,CLEAR,DAYLIGHT,PEDALCYCLIST,ALLEY,,STRAIGHT AND LEVEL,DRY,NO DEFECTS,ON SCENE,INJURY AND / OR TOW DUE TO CRASH,,,Y,"OVER $1,500",05/24/2022 07:49:00 AM,FAILING TO YIELD RIGHT-OF-WAY,FAILING TO YIELD RIGHT-OF-WAY,1383,W,FULTON ST,1215,,,,,,,2,NONINCAPACITATING INJURY,1,0,0,1,0,1,0,7,3,5,41.886484937,-87.661987355,POINT (-87.661987355107 41.886484936789)
1d9193ab67d993189e86f3d6ae1ab35201c164f5e3416e21a2f32a605c940d9af32d1c45a4a1cb92c56b8da30d9fd147128979998c80ce3b3faa0ab2264f644f,JF277021,,06/12/2022 02:20:00 PM,30,NO CONTROLS,NO CONTROLS,CLEAR,DAYLIGHT,PEDALCYCLIST,NOT DIVIDED,,STRAIGHT AND LEVEL,DRY,NO DEFECTS,ON SCENE,INJURY AND / OR TOW DUE TO CRASH,,,,"OVER $1,500",06/12/2022 03:24:00 PM,UNABLE TO DETERMINE,NOT APPLICABLE,3411,W,PALMER ST,1413,,,Y,,,,2,NONINCAPACITATING INJURY,1,0,0,1,0,0,0,14,1,6,41.920887706,-87.712478431,POINT (-87.71247843105 41.920887705665)
1b114f5877b79c77a1acbdbab86d6da5bba60debd73949b2272b13e612e5cb3ba4c62ed3074803d480c729183bbaca5c8c8660b3b8469989b4df716ff70fa53d,JF297127,,06/28/2022 11:03:00 AM,35,NO CONTROLS,NO CONTROLS,CLEAR,DAYLIGHT,PEDALCYCLIST,T-INTERSECTION,,STRAIGHT AND LEVEL,DRY,NO DEFECTS,ON SCENE,NO INJURY / DRIVE AWAY,Y,,Y,$500 OR LESS,06/28/2022 11:03:00 AM,RELATED TO BUS STOP,FAILING TO YIELD RIGHT-OF-WAY,428,W,95TH ST,2223,,,,,,,2,NO INDICATION OF INJURY,0,0,0,0,0,2,0,11,3,6,41.721686304,-87.634708233,POINT (-87.634708233448 41.721686304073)
1dcfbffed362f449bfc772f55eb130cf496a5371c7001f79ee874e64064429d439f649fac4ba3ea932c571e9bb242b2a0a3d870cfe6b0643032098ea1ee994ca,JE359024,,09/02/2021 12:50:00 PM,30,TRAFFIC SIGNAL,FUNCTIONING PROPERLY,CLEAR,DAYLIGHT,PEDALCYCLIST,NOT DIVIDED,,STRAIGHT AND LEVEL,DRY,NO DEFECTS,ON SCENE,INJURY AND / OR TOW DUE TO CRASH,,,Y,"$501 - $1,500",09/02/2021 12:51:00 PM,UNABLE TO DETERMINE,NOT APPLICABLE,2605,W,NORTH AVE,1423,,,,,,,2,INCAPACITATING INJURY,1,0,1,0,0,1,0,12,5,9,41.910153707,-87.692325217,POINT (-87.692325216814 41.91015370682)
1d79255ba3f3872517a86a9edd93dd5c8b4495260ed2b15c1e60a9f4e21dffa13ceabd5a0300103d224353bb0391b063f7804c9c96fde41b6a21b31a5c917805,JF229547,,05/04/2022 07:30:00 AM,25,TRAFFIC SIGNAL,FUNCTIONING PROPERLY,CLEAR,DAYLIGHT,PEDALCYCLIST,NOT DIVIDED,,STRAIGHT AND LEVEL,DRY,NO DEFECTS,ON SCENE,INJURY AND / OR TOW DUE TO CRASH,,,,$500 OR LESS,05/04/2022 07:33:00 AM,FAILING TO REDUCE SPEED TO AVOID CRASH,UNABLE TO DETERMINE,201,N,WESTERN AVE,1223,,Y,,,,,2,NONINCAPACITATING INJURY,1,0,0,1,0,1,0,7,4,5,41.884690567,-87.686382935,POINT (-87.686382934508 41.884690566545)
1bb1bd27d9a9a6baed410bd07569e0593866d3f21836062423caa465a70883b88406b1b567e78013eb51ced0c400dba836ec9b0086712530f2352c71661e0880,JE394552,,10/01/2021 06:55:00 PM,30,NO CONTROLS,NO CONTROLS,CLEAR,"DARKNESS, LIGHTED ROAD",PEDALCYCLIST,ONE-WAY,,STRAIGHT AND LEVEL,DRY,NO DEFECTS,ON SCENE,INJURY AND / OR TOW DUE TO CRASH,,,,"OVER $1,500",10/01/2021 06:55:00 PM,UNABLE TO DETERMINE,UNABLE TO DETERMINE,5467,S,UNIVERSITY AVE,233,,,Y,,,,2,NO INDICATION OF INJURY,0,0,0,0,0,3,0,18,6,10,41.796129954,-87.597957623,POINT (-87.597957623321 41.796129954426)
1ff7abf7b467953b25fb7a358b63c2d8ab1d66e9916d7d5fa9e91110133e9f02a6d4e1f4274ae2f9349a88707297b62bb93c44bc8b2b992e5d04735985d6b7d3,JF215996,,04/22/2022 12:43:00 PM,30,TRAFFIC SIGNAL,FUNCTIONING PROPERLY,RAIN,DAYLIGHT,PEDALCYCLIST,DIVIDED - W/MEDIAN (NOT RAISED),,STRAIGHT AND LEVEL,WET,NO DEFECTS,ON SCENE,INJURY AND / OR TOW DUE TO CRASH,Y,,Y,$500 OR LESS,04/22/2022 12:46:00 PM,FAILING TO YIELD RIGHT-OF-WAY,IMPROPER LANE USAGE,2787,N,MILWAUKEE AVE,1412,,,,,,,2,NONINCAPACITATING INJURY,1,0,0,1,0,1,0,12,6,4,41.931921424,-87.711880014,POINT (-87.711880013814 41.931921423662)
1fb4d18e6781e028ca3399b85ddf1d61b39362600f1f124c1ff39965dea4db988674e2a83823b129b3cd3a2a7969f1ad4f4e997f46beae9d2bf7b73e0ae820a2,JF238384,,05/11/2022 04:00:00 PM,30,STOP SIGN/FLASHER,FUNCTIONING PROPERLY,CLEAR,DAYLIGHT,PEDALCYCLIST,UNKNOWN INTERSECTION TYPE,,STRAIGHT AND LEVEL,DRY,NO DEFECTS,ON SCENE,INJURY AND / OR TOW DUE TO CRASH,Y,,,"OVER $1,500",05/11/2022 04:02:00 PM,FAILING TO YIELD RIGHT-OF-WAY,IMPROPER TURNING/NO SIGNAL,3000,W,111TH ST,2211,,,,,,,2,NONINCAPACITATING INJURY,1,0,0,1,0,1,0,16,4,5,41.691731492,-87.696211721,POINT (-87.696211720636 41.691731492068)
1f8d442ddd4891b19bcf1288be292ed2cf3b2ade7af955fdcfe4436f123773fd1e2c03bd8c6c21611ab548fa2ab535573ce3698a9dcc1bdf27b6f7a71641d0a4,JF281745,Y,06/16/2022 09:00:00 AM,25,NO CONTROLS,NO CONTROLS,UNKNOWN,UNKNOWN,PEDALCYCLIST,NOT DIVIDED,,STRAIGHT AND LEVEL,UNKNOWN,UNKNOWN,ON SCENE,NO INJURY / DRIVE AWAY,,,Y,"$501 - $1,500",06/16/2022 10:02:00 AM,UNABLE TO DETERMINE,UNABLE TO DETERMINE,804,W,LELAND AVE,1914,,,,,,,2,NO INDICATION OF INJURY,0,0,0,0,0,1,0,9,5,6,41.967457429,-87.65030806,POINT (-87.650308060157 41.96745742876)
1e980548c53f3f3fa5b2b6a5758382a169287c6d2ac874025c4b3246294bf0a70919bc05b9afd79b449d240140eec7f5ba30e0341ecaf7fd47cf88ea3e1c5dce,JF290394,,06/22/2022 05:00:00 PM,30,STOP SIGN/FLASHER,UNKNOWN,UNKNOWN,DAYLIGHT,PEDALCYCLIST,NOT DIVIDED,,STRAIGHT AND LEVEL,UNKNOWN,UNKNOWN,,INJURY AND / OR TOW DUE TO CRASH,,,Y,$500 OR LESS,06/22/2022 09:30:00 PM,UNABLE TO DETERMINE,NOT APPLICABLE,7902,W,BELMONT AVE,1631,,,,,,,2,NONINCAPACITATING INJURY,1,0,0,1,0,1,0,17,4,6,41.937898609,-87.823996857,POINT (-87.823996857335 41.937898609146)
1f6ddbd4b12f68eaebff4ac91ad5b4bae67b5ed58dfb8a0eaa8696103551089b9178d2c121395bae9e947e4a26a5370448eb2325e196c297812e58b8cc103235,JE422004,,10/25/2021 02:50:00 PM,30,TRAFFIC SIGNAL,FUNCTIONING PROPERLY,RAIN,DAYLIGHT,PEDALCYCLIST,FOUR WAY,,STRAIGHT AND LEVEL,WET,NO DEFECTS,NOT ON SCENE (DESK REPORT),NO INJURY / DRIVE AWAY,Y,,Y,"$501 - $1,500",10/25/2021 03:00:00 PM,FAILING TO YIELD RIGHT-OF-WAY,NOT APPLICABLE,2600,N,SACRAMENTO AVE,1411,,,,,,,2,NO INDICATION OF INJURY,0,0,0,0,0,2,0,14,2,10,41.928744078,-87.702575302,POINT (-87.702575302053 41.928744078365)
20610d132f5b8d0690393d9f0b270b2ae42a8461e4bcc320ce44b82302755dd7e16e57f52a06e6484679222f8f094e0d8dac149f8ac442cff37744c1747007e3,JF287732,,06/20/2022 08:31:00 PM,30,UNKNOWN,UNKNOWN,CLEAR,DAYLIGHT,PEDALCYCLIST,FOUR WAY,,STRAIGHT AND LEVEL,DRY,NO DEFECTS,ON SCENE,NO INJURY / DRIVE AWAY,,,Y,"OVER $1,500",06/20/2022 08:31:00 PM,NOT APPLICABLE,NOT APPLICABLE,1614,W,DEVON AVE,2432,,,,,,,2,NO INDICATION OF INJURY,0,0,0,0,0,2,0,20,2,6,41.998175682,-87.671253023,POINT (-87.671253022747 41.998175681568)
1e9aec27bbfa38a0eb7956d77385ded870517e8f6a1b7b3d6271e6536a9d989e034d81e888ebdb2a1ed48bae9be82b7cba7c150f6e2f119e7015fced464af9ce,JE472481,,12/09/2021 03:45:00 PM,30,NO CONTROLS,NO CONTROLS,CLEAR,DAYLIGHT,PEDALCYCLIST,NOT DIVIDED,,STRAIGHT AND LEVEL,DRY,NO DEFECTS,ON SCENE,INJURY AND / OR TOW DUE TO CRASH,,,Y,"OVER $1,500",12/10/2021 11:55:00 AM,IMPROPER OVERTAKING/PASSING,NOT APPLICABLE,6600,S,DR MARTIN LUTHER KING JR DR,312,,,,,,,2,"REPORTED, NOT EVIDENT",1,0,0,0,1,1,0,15,5,12,41.774693459,-87.615636822,POINT (-87.615636821647 41.774693459289)
20265c41f6ec37a4b0bb2467a03b11e9aea2350b937f7a5c3c4d81f57553e9a6a2c37e27de11e0cd5a7ce3bf3b74a16d79bdc44c01cc2d44ddd60b29bc7f3f2e,JF309044,,07/07/2022 04:30:00 PM,25,TRAFFIC SIGNAL,FUNCTIONING PROPERLY,UNKNOWN,UNKNOWN,PEDALCYCLIST,NOT DIVIDED,,STRAIGHT AND LEVEL,UNKNOWN,UNKNOWN,NOT ON SCENE (DESK REPORT),NO INJURY / DRIVE AWAY,Y,,,"$501 - $1,500",07/07/2022 05:40:00 PM,UNABLE TO DETERMINE,NOT APPLICABLE,5200,W,DIVERSEY AVE,2514,,,,,,,2,NO INDICATION OF INJURY,0,0,0,0,0,2,0,16,5,7,41.931507483,-87.756545646,POINT (-87.756545646123 41.931507482859)
20847b142162e386ee36c688cef55eab20316f5d38424e560a3dd1ed844af1d6a148f7955612bae1b94b91ebd45e53659a1a03ddf329d8f9ad09ab85aeae1370,JE454419,,11/23/2021 08:45:00 AM,30,UNKNOWN,UNKNOWN,CLEAR,DAYLIGHT,PEDALCYCLIST,NOT DIVIDED,,STRAIGHT AND LEVEL,UNKNOWN,UNKNOWN,ON SCENE,INJURY AND / OR TOW DUE TO CRASH,,,,"$501 - $1,500",11/23/2021 09:45:00 AM,UNABLE TO DETERMINE,NOT APPLICABLE,1460,N,HALSTED ST,1822,,,Y,,,,2,NONINCAPACITATING INJURY,1,0,0,1,0,1,0,8,3,11,41.90816932,-87.64834802,POINT (-87.648348020104 41.908169320053)
21973d95c13788e36768be19a9cd41a2f1b9fc1f783e3af4c8e52c6541fd73c42605355497103c059d43d27d4c38440f797a18aad7b08f924700981774210874,JE365607,,09/08/2021 07:50:00 AM,20,TRAFFIC SIGNAL,UNKNOWN,CLEAR,DAYLIGHT,PEDALCYCLIST,ONE-WAY,,STRAIGHT AND LEVEL,DRY,UNKNOWN,,NO INJURY / DRIVE AWAY,,,,$500 OR LESS,09/08/2021 08:04:00 AM,UNABLE TO DETERMINE,UNABLE TO DETERMINE,5499,S,HOMAN AVE,822,,,,,,,2,NO INDICATION OF INJURY,0,0,0,0,0,2,0,7,4,9,41.793488666,-87.708311652,POINT (-87.708311652095 41.79348866616)
1f9b3e0608243db4514ffc7d24cda124a592af09f0dc5e9c3c285f7c8cd380aace366e34a656abc98bd419abe5b84e64e6824f1b8f725db33d44f9970df8446f,JF281089,,06/15/2022 06:48:00 PM,30,NO CONTROLS,NO CONTROLS,CLEAR,DAYLIGHT,PEDALCYCLIST,ALLEY,,STRAIGHT AND LEVEL,DRY,NO DEFECTS,ON SCENE,INJURY AND / OR TOW DUE TO CRASH,,,,$500 OR LESS,06/15/2022 06:48:00 PM,UNABLE TO DETERMINE,UNABLE TO DETERMINE,3150,W,27TH ST,1033,,,,,,,2,NONINCAPACITATING INJURY,1,0,0,1,0,1,0,18,4,6,41.842812279,-87.704587127,POINT (-87.70458712669 41.842812278585)
20445bf88ddd983c9579a8b67d3206d16166b2b71f748699dc5a2e5cabee0bf0980497e74667ea132e5770dce146c96304ff23264096186afa8c1cb3ada1bed2,JE368017,,09/10/2021 07:10:00 AM,35,TRAFFIC SIGNAL,FUNCTIONING PROPERLY,CLEAR,DAYLIGHT,PEDALCYCLIST,NOT DIVIDED,,STRAIGHT AND LEVEL,DRY,NO DEFECTS,NOT ON SCENE (DESK REPORT),NO INJURY / DRIVE AWAY,Y,,,"OVER $1,500",09/10/2021 07:40:00 AM,UNABLE TO DETERMINE,UNABLE TO DETERMINE,5521,W,DEVON AVE,1621,,,,,,,2,NO INDICATION OF INJURY,0,0,0,0,0,2,0,7,6,9,41.997196148,-87.766632847,POINT (-87.766632847015 41.997196147514)
1fcde8739d7452d9d739803dea94754881db1ce4801feb50e2b4859954eb5a4ab074cb2e3fc0d7c4fa5dc930d056df0a7c61f8bb1401df1fc6bd870e400c5187,JE425913,,10/28/2021 06:35:00 PM,30,TRAFFIC SIGNAL,FUNCTIONING IMPROPERLY,RAIN,"DARKNESS, LIGHTED ROAD",PEDALCYCLIST,T-INTERSECTION,,STRAIGHT AND LEVEL,WET,NO DEFECTS,NOT ON SCENE (DESK REPORT),INJURY AND / OR TOW DUE TO CRASH,,,Y,"OVER $1,500",10/28/2021 07:45:00 PM,FAILING TO REDUCE SPEED TO AVOID CRASH,NOT APPLICABLE,1100,S,CANAL ST,124,,,,,,,2,"REPORTED, NOT EVIDENT",1,0,0,0,1,1,0,18,5,10,41.86888416,-87.63939254,POINT (-87.639392540279 41.868884160018)
1e9a6f7592b8ed109991642805f93e778e2bdb9f1bc8f8004428defa048bad173ad1cee35d336c38bfb24bf92fac5676ac3c9bfd164458d11f18f1685b82adbf,JE414324,,10/18/2021 05:55:00 PM,30,TRAFFIC SIGNAL,FUNCTIONING PROPERLY,CLEAR,DAYLIGHT,PEDALCYCLIST,NOT DIVIDED,,STRAIGHT AND LEVEL,DRY,NO DEFECTS,ON SCENE,INJURY AND / OR TOW DUE TO CRASH,Y,,N,$500 OR LESS,10/18/2021 05:55:00 PM,"VISION OBSCURED (SIGNS, TREE LIMBS, BUILDINGS, ETC.)","VISION OBSCURED (SIGNS, TREE LIMBS, BUILDINGS, ETC.)",1550,E,55TH ST,234,,,,,,,2,NONINCAPACITATING INJURY,1,0,0,1,0,1,0,17,2,10,41.795297878,-87.587880176,POINT (-87.58788017605 41.795297878365)