CRASH_RECORD_ID,RD_NO,CRASH_DATE_EST_I,CRASH_DATE,POSTED_SPEED_LIMIT,TRAFFIC_CONTROL_DEVICE,DEVICE_CONDITION,WEATHER_CONDITION,LIGHTING_CONDITION,FIRST_CRASH_TYPE,TRAFFICWAY_TYPE,LANE_CNT,ALIGNMENT,ROADWAY_SURFACE_COND,ROAD_DEFECT,REPORT_TYPE,CRASH_TYPE,INTERSECTION_RELATED_I,NOT_RIGHT_OF_WAY_I,HIT_AND_RUN_I,DAMAGE,DATE_POLICE_NOTIFIED,PRIM_CONTRIBUTORY_CAUSE,SEC_CONTRIBUTORY_CAUSE,STREET_NO,STREET_DIRECTION,STREET_NAME,BEAT_OF_OCCURRENCE,PHOTOS_TAKEN_I,STATEMENTS_TAKEN_I,DOORING_I,WORK_ZONE_I,WORK_ZONE_TYPE,WORKERS_PRESENT_I,NUM_UNITS,MOST_SEVERE_INJURY,INJURIES_TOTAL,INJURIES_FATAL,INJURIES_INCAPACITATING,INJURIES_NON_INCAPACITATING,INJURIES_REPORTED_NOT_EVIDENT,INJURIES_NO_INDICATION,INJURIES_UNKNOWN,CRASH_HOUR,CRASH_DAY_OF_WEEK,CRASH_MONTH,LATITUDE,LONGITUDE,LOCATION
1ec1af68bafc2ba36522e019fab34419fbc10c1c5fc29822b417101e37661f9d8cba7497a382219a487fc094f7f6e3a651cb256ffbe3ebd8f19d8a3d1d87f7b4,JF229101,,05/03/2022 05:28:00 PM,30,STOP SIGN/FLASHER,FUNCTIONING PROPERLY,RAIN,DAYLIGHT,PEDALCYCLIST,DIVIDED - W/MEDIAN (NOT RAISED),,STRAIGHT AND LEVEL,WET,NO DEFECTS,ON SCENE,INJURY AND / OR TOW DUE TO CRASH,Y,,,$500 OR LESS,05/03/2022 05:45:00 PM,FAILING TO YIELD RIGHT-OF-WAY,UNABLE TO DETERMINE,1499,W,HENDERSON ST,1922,,,,,,,2,NONINCAPACITATING INJURY,1,0,0,1,0,1,0,17,3,5,41.942358266,-87.666191993,POINT (-87.666191992933 41.94235826607)
238e990c6eb0b63e3a2630c96703db6e54217d40da7a8197d52d52d8c306341893420011fc6b847b60dd9367c1b5853464bdd38003a1719c5cf7f1dc9455ed26,JF158586,,02/28/2022 12:00:00 PM,30,NO CONTROLS,NO CONTROLS,CLEAR,DAYLIGHT,PEDALCYCLIST,T-INTERSECTION,,STRAIGHT AND LEVEL,DRY,NO DEFECTS,ON SCENE,INJURY AND / OR TOW DUE TO CRASH,Y,,,$500 OR LESS,02/28/2022 12:00:00 PM,UNABLE TO DETERMINE,UNABLE TO DETERMINE,2079,N,CLYBOURN AVE,1811,,,,,,,2,NONINCAPACITATING INJURY,1,0,0,1,0,1,0,12,2,2,41.919301642,-87.660981282,POINT (-87.660981281557 41.919301642249)
235eef3c6a448f4e7e4ee1691749a7c4279ff6a063a88db7080dd02bbaa1032da1076e856b35e2d14e54454c65a8e93ed0653984bcf4891e40c8118a7b089909,JF228581,,05/03/2022 10:30:00 AM,15,NO CONTROLS,NO CONTROLS,RAIN,DAYLIGHT,PEDALCYCLIST,PARKING LOT,,STRAIGHT AND LEVEL,WET,NO DEFECTS,ON SCENE,NO INJURY / DRIVE AWAY,,,Y,$500 OR LESS,05/03/2022 10:40:00 AM,FAILING TO YIELD RIGHT-OF-WAY,UNABLE TO DETERMINE,10900,S,DOTY AVE E,513,,,,,,,2,NO INDICATION OF INJURY,0,0,0,0,0,2,0,10,3,5,41.696232528,-87.595806197,POINT (-87.59580619714 41.696232527674)
24495018211e52925e4bd71aa09b9532ed583a8cc7f5291ea72104169ff09a1caa868daf82df55d7375a29e331a9ea7c98503096bb9e09ee56f23d6f1deb212d,JE367411,,09/09/2021 03:50:00 PM,35,PEDESTRIAN CROSSING SIGN,FUNCTIONING PROPERLY,CLEAR,DAYLIGHT,PEDALCYCLIST,NOT DIVIDED,,STRAIGHT AND LEVEL,DRY,UNKNOWN,ON SCENE,INJURY AND / OR TOW DUE TO CRASH,Y,,Y,$500 OR LESS,09/09/2021 03:55:00 PM,UNABLE TO DETERMINE,UNABLE TO DETERMINE,4800,W,GLADYS AVE,1533,,,,,,,2,"REPORTED, NOT EVIDENT",1,0,0,0,1,1,0,15,5,9,41.876000307,-87.74517574,POINT (-87.745175740063 41.876000307017)
24d7fba268893c43f2cbc23f252e0fe489a15efe911776be0014bb1cb1dfd4d8c36ecb04bd265eb48a5eef9df6c4ddf3ba6a21deecf79b6e86a16a9e6ad136d2,JF313885,,07/11/2022 06:15:00 PM,30,TRAFFIC SIGNAL,FUNCTIONING PROPERLY,CLEAR,DAYLIGHT,PEDALCYCLIST,DIVIDED - W/MEDIAN (NOT RAISED),,STRAIGHT AND LEVEL,DRY,NO DEFECTS,ON SCENE,INJURY AND / OR TOW DUE TO CRASH,Y,,,"$501 - $1,500",07/11/2022 06:19:00 PM,FAILING TO YIELD RIGHT-OF-WAY,UNABLE TO DETERMINE,301,E,BALBO DR,114,,,,,,,2,NONINCAPACITATING INJURY,1,0,0,1,0,1,0,18,2,7,41.87310624,-87.620425629,POINT (-87.620425628917 41.873106240083)
24d7f96a835af59e0c8eebbb8af75947d6f582e3d7008ca3fc0013f829962d06a45712e931b9ae0491ba036b45d65ae46aae3207336ad9d80a8c27f042bbaa1a,JE404100,,10/09/2021 11:32:00 AM,30,NO CONTROLS,NO CONTROLS,CLEAR,DAYLIGHT,PEDALCYCLIST,DIVIDED - W/MEDIAN (NOT RAISED),,STRAIGHT AND LEVEL,DRY,NO DEFECTS,ON SCENE,INJURY AND / OR TOW DUE TO CRASH,,,,$500 OR LESS,10/09/2021 04:50:00 PM,UNABLE TO DETERMINE,NOT APPLICABLE,1890,N,MILWAUKEE AVE,1434,,,Y,,,,2,NONINCAPACITATING INJURY,1,0,0,1,0,0,0,11,7,10,41.91570892,-87.685923852,POINT (-87.685923852088 41.91570892011)
2408ab9920f3e54b138683977b91d49ebf6ac2035fe3e357e2444b7188a5fe577eba25b32916c6395ed207cfbd09943ff72122755b7e6add5b0d06493a7e2faf,JF262592,,05/31/2022 03:44:00 PM,35,STOP SIGN/FLASHER,FUNCTIONING PROPERLY,CLEAR,DAYLIGHT,PEDALCYCLIST,T-INTERSECTION,,STRAIGHT AND LEVEL,DRY,NO DEFECTS,ON SCENE,INJURY AND / OR TOW DUE TO CRASH,Y,,,"OVER $1,500",05/31/2022 03:58:00 PM,UNABLE TO DETERMINE,UNABLE TO DETERMINE,7345,S,STATE ST,323,,Y,,,,,2,NONINCAPACITATING INJURY,1,0,0,1,0,2,0,15,3,5,41.760541966,-87.624659064,POINT (-87.6246590645 41.760541965645)
230285def32c8bb24f669d31eb9cee5b43ac59c62223a52ee95fd2834390d102ae20c9b1191730f8c5d59cc1214aead5432b1877158c0cee17a47c728176abf0,JF295138,,06/26/2022 07:15:00 PM,30,TRAFFIC SIGNAL,FUNCTIONING IMPROPERLY,CLEAR,DAYLIGHT,PEDALCYCLIST,FOUR WAY,,STRAIGHT AND LEVEL,DRY,NO DEFECTS,ON SCENE,INJURY AND / OR TOW DUE TO CRASH,Y,,,"OVER $1,500",06/26/2022 07:17:00 PM,FAILING TO YIELD RIGHT-OF-WAY,FAILING TO REDUCE SPEED TO AVOID CRASH,5522,W,DEVON AVE,1621,,,,,,,2,INCAPACITATING INJURY,1,0,1,0,0,2,0,19,1,6,41.997414621,-87.766661691,POINT (-87.766661691409 41.99741462138)
2229bbf2b57f0cb09a95d655767fce2be6379c5b6adb85b15dd9d66e2e1bb721385b25a628121acb553e93b4e7daf056b3c87aa62071b938df8b648b677522f9,JE376433,,09/16/2021 09:30:00 PM,35,TRAFFIC SIGNAL,FUNCTIONING PROPERLY,CLEAR,"DARKNESS, LIGHTED ROAD",PEDALCYCLIST,FOUR WAY,,STRAIGHT AND LEVEL,DRY,NO DEFECTS,ON SCENE,INJURY AND / OR TOW DUE TO CRASH,,,Y,"OVER $1,500",09/16/2021 10:32:00 PM,DISREGARDING TRAFFIC SIGNALS,NOT APPLICABLE,3200,W,NORTH AVE,1421,,,,,,,2,NONINCAPACITATING INJURY,1,0,0,1,0,1,0,21,5,9,41.910224299,-87.707036506,POINT (-87.707036505555 41.910224298601)
22da42f423904b8f756d70b1896195f6548e8ff91dd41ec8739c4e94e7f9ccf6f26c670c0a8714c2dcc2e2daa3276ab13e7e3cb53d81fa54b5e16aa16973a75e,JF160921,,03/02/2022 01:20:00 PM,30,NO CONTROLS,NO CONTROLS,CLEAR,DAYLIGHT,PEDALCYCLIST,DIVIDED - W/MEDIAN (NOT RAISED),,STRAIGHT AND LEVEL,WET,UNKNOWN,ON SCENE,INJURY AND / OR TOW DUE TO CRASH,,,,"OVER $1,500",03/02/2022 01:26:00 PM,UNABLE TO DETERMINE,NOT APPLICABLE,5721,W,DIVERSEY AVE,2514,,,,,,,2,NONINCAPACITATING INJURY,1,0,0,1,0,1,0,13,4,3,41.93111988,-87.769645185,POINT (-87.769645185269 41.931119879768)
23eb24b29c277441fc67f4a4a386225e8ee66b7c1d4d2a26025fcbc4506a5aeae5c263831cffa9ca2c8488e1201fb5e625ce7fd8f1097ab557d375d5b45ba63d,JE479845,,12/16/2021 04:57:00 PM,30,TRAFFIC SIGNAL,FUNCTIONING PROPERLY,CLEAR,"DARKNESS, LIGHTED ROAD",PEDALCYCLIST,FOUR WAY,,STRAIGHT AND LEVEL,DRY,NO DEFECTS,ON SCENE,INJURY AND / OR TOW DUE TO CRASH,Y,,Y,"OVER $1,500",12/16/2021 05:06:00 PM,FAILING TO YIELD RIGHT-OF-WAY,DRIVING SKILLS/KNOWLEDGE/EXPERIENCE,1400,S,MICHIGAN AVE,131,,,,,,,2,NONINCAPACITATING INJURY,1,0,0,1,0,1,0,16,5,12,41.864001544,-87.624225729,POINT (-87.62422572914 41.86400154355)
23c251bdb7866730a86ca0ebd015ae841249288e28fea5d90ead7fac78a17b0b9adba7081939b09924e71c5bdb9fdf052b056b2a8f2896630d45fc7257f1dd51,JE374203,,09/15/2021 08:47:00 AM,30,NO CONTROLS,NO CONTROLS,CLEAR,DAYLIGHT,PEDALCYCLIST,NOT DIVIDED,,STRAIGHT AND LEVEL,DRY,NO DEFECTS,ON SCENE,INJURY AND / OR TOW DUE TO CRASH,,,,"OVER $1,500",09/15/2021 09:05:00 AM,FAILING TO YIELD RIGHT-OF-WAY,IMPROPER TURNING/NO SIGNAL,425,W,HARRISON ST,124,,,,,,,2,NONINCAPACITATING INJURY,1,0,0,1,0,1,0,8,4,9,41.874304241,-87.638820001,POINT (-87.638820000702 41.874304241238)
21c2c3e4aa0984647b28d3d6baeb026de70cf3c2f91253c3d490bb3e025120728edbbf72f3987354ac34be043accc131e4eeed729ae275ba5d150f034ed4c8c2,JE386639,,09/25/2021 09:44:00 AM,30,TRAFFIC SIGNAL,FUNCTIONING PROPERLY,CLEAR,DAYLIGHT,PEDALCYCLIST,FOUR WAY,,STRAIGHT AND LEVEL,DRY,NO DEFECTS,NOT ON SCENE (DESK REPORT),NO INJURY / DRIVE AWAY,Y,,,$500 OR LESS,09/25/2021 10:20:00 AM,UNABLE TO DETERMINE,UNABLE TO DETERMINE,3030,N,MELVINA AVE,2511,,,,,,,2,NO INDICATION OF INJURY,0,0,0,0,0,2,0,9,7,9,41.935683075,-87.781129297,POINT (-87.781129296507 41.935683074537)
228e0e60cb0ac16abac506e596c4e796572a7226d04308d832b6241ab340f8f2794f93563f4943ba32f5b1a1de447930ce0e09fb34c3554315ca2696e938d15d,JF242630,,05/14/2022 10:55:00 PM,30,NO CONTROLS,NO CONTROLS,CLEAR,"DARKNESS, LIGHTED ROAD",PEDALCYCLIST,DIVIDED - W/MEDIAN (NOT RAISED),,STRAIGHT AND LEVEL,DRY,NO DEFECTS,ON SCENE,INJURY AND / OR TOW DUE TO CRASH,,,Y,$500 OR LESS,05/14/2022 10:55:00 PM,UNABLE TO DETERMINE,UNABLE TO DETERMINE,336,E,87TH ST,632,,,,,,,2,NONINCAPACITATING INJURY,1,0,0,1,0,1,0,22,7,5,41.736588905,-87.616221991,POINT (-87.616221991176 41.736588905238)
21be89c8ddcb8b94b45f7ab2d705774ad424816e9e2345d818e3dfd664439608836645cf40c4c44351852deaeafa9db25c85dc8ae1198a760c918b175e9cfc00,JF257612,,06/11/2022 11:21:00 AM,30,TRAFFIC SIGNAL,FUNCTIONING PROPERLY,CLEAR,DAYLIGHT,PEDALCYCLIST,FOUR WAY,,STRAIGHT AND LEVEL,DRY,NO DEFECTS,ON SCENE,NO INJURY / DRIVE AWAY,Y,,,"OVER $1,500",06/11/2022 11:23:00 AM,IMPROPER LANE USAGE,DRIVING SKILLS/KNOWLEDGE/EXPERIENCE,2431,N,DAMEN AVE,1432,,,,,,,2,NO INDICATION OF INJURY,0,0,0,0,0,4,0,11,7,6,41.925948251,-87.677807649,POINT (-87.67780764947 41.925948250534)
285fa0d8bb87c852d474d385c96f15ab52218029a2ef1dcb46236692cf6688b7883251cb6615c97d9d34eb6c220da297ae4158d6fc31bd9907a5ea3ed403447d,JF241735,,05/14/2022 08:44:00 AM,30,TRAFFIC SIGNAL,FUNCTIONING PROPERLY,CLEAR,DAYLIGHT,PEDALCYCLIST,FOUR WAY,,STRAIGHT AND LEVEL,DRY,UNKNOWN,ON SCENE,INJURY AND / OR TOW DUE TO CRASH,Y,,,"$501 - $1,500",05/14/2022 08:47:00 AM,UNABLE TO DETERMINE,UNABLE TO DETERMINE,1600,E,75TH ST,324,,,,,,,2,INCAPACITATING INJURY,1,0,1,0,0,1,0,8,7,5,41.758877741,-87.585682441,POINT (-87.585682440932 41.758877741252)
25fa42b7c526d4f8abfa74bd6fcb7e590a48945337921c9cf0b5ad969b0d457a209bb94a72eb3b3fb6b7fa8fdbdb523cb6d1fce01dcca74fa2463a6365c875c9,JE389491,,09/22/2021 05:20:00 PM,30,NO CONTROLS,NO CONTROLS,CLOUDY/OVERCAST,DAYLIGHT,PEDALCYCLIST,NOT DIVIDED,,STRAIGHT AND LEVEL,DRY,NO DEFECTS,NOT ON SCENE (DESK REPORT),INJURY AND / OR TOW DUE TO CRASH,,,,"OVER $1,500",09/27/2021 06:30:00 PM,UNABLE TO DETERMINE,NOT APPLICABLE,1528,W,21ST ST,1235,,,Y,,,,2,NONINCAPACITATING INJURY,1,0,0,1,0,0,0,17,4,9,41.854303915,-87.664789815,POINT (-87.664789814742 41.854303914578)
27bf6299cb6ab46ba833e844134484f2ceffeff9fe54d9b36f782c4df20164fce2c6ae3b25e1eabd667ae0ffcc848064f5510d0a32c2d9a94e2d0bca2ac22966,JF306507,,07/05/2022 05:08:00 PM,30,NO CONTROLS,NO CONTROLS,CLEAR,DAYLIGHT,PEDALCYCLIST,NOT DIVIDED,,STRAIGHT AND LEVEL,DRY,NO DEFECTS,ON SCENE,NO INJURY / DRIVE AWAY,,,Y,"OVER $1,500",07/05/2022 05:12:00 PM,UNABLE TO DETERMINE,UNABLE TO DETERMINE,3530,S,ARCHER AVE,912,,,,,,,2,NO INDICATION OF INJURY,0,0,0,0,0,2,0,17,3,7,41.82973075,-87.678955125,POINT (-87.678955125488 41.829730750468)
27b5cb9292b37d0cc8eec34ca67e641707af1ffe8948af872b68318e5714899e91f51d28bd6667e3a910fd515c61ae9da017961340cac07e46b4776e9e3e2e1c,JE445480,,11/15/2021 12:48:00 AM,25,NO CONTROLS,NO CONTROLS,CLEAR,"DARKNESS, LIGHTED ROAD",PEDALCYCLIST,ONE-WAY,,STRAIGHT AND LEVEL,DRY,NO DEFECTS,ON SCENE,INJURY AND / OR TOW DUE TO CRASH,,,Y,"OVER $1,500",11/15/2021 12:48:00 AM,UNABLE TO DETERMINE,NOT APPLICABLE,748,W,52ND ST,935,,,,,,,2,FATAL,1,1,0,0,0,1,0,0,2,11,41.799879843,-87.644816443,POINT (-87.644816442611 41.799879843365)
28667448f9725ff473c859ea972f48eeb4fb70652b381160e8b789116df92bbe0ea08ea09787fded73441d1bc492f10f8acee4fc3e0f9501390cd427d6a55a68,JF113054,,01/14/2022 06:50:00 PM,30,TRAFFIC SIGNAL,NOT FUNCTIONING,FREEZING RAIN/DRIZZLE,"DARKNESS, LIGHTED ROAD",PEDALCYCLIST,FOUR WAY,,STRAIGHT AND LEVEL,WET,NO DEFECTS,ON SCENE,INJURY AND / OR TOW DUE TO CRASH,,,,"$501 - $1,500",01/14/2022 07:24:00 PM,WEATHER,FAILING TO YIELD RIGHT-OF-WAY,2432,S,ARCHER AVE,914,,,,,,,2,INCAPACITATING INJURY,1,0,1,0,0,1,0,18,6,1,41.848411603,-87.644050318,POINT (-87.644050318075 41.848411603059)
283cbd217b1d179b821d587696e039dca331b1d57ca7b60c9bf19c55a4f0b5894ac5680e09df5aa0d3592b9738ac15809814f19a9d527a2c01e0b456bd11e7c3,JE455086,,11/23/2021 07:13:00 PM,30,NO CONTROLS,NO CONTROLS,CLEAR,"DARKNESS, LIGHTED ROAD",PEDALCYCLIST,NOT DIVIDED,,STRAIGHT AND LEVEL,DRY,NO DEFECTS,ON SCENE,INJURY AND / OR TOW DUE TO CRASH,,,,$500 OR LESS,11/23/2021 07:13:00 PM,IMPROPER LANE USAGE,UNABLE TO DETERMINE,4730,W,DIVERSEY AVE,2521,,,,,,,2,"REPORTED, NOT EVIDENT",1,0,0,0,1,1,0,19,3,11,41.931659455,-87.745398006,POINT (-87.745398006073 41.93165945542)
27749886b8cebf31ecd98bff11223347e2c8fe6ab6d93301cc674ad14c360f6bb96dcb7cf7f8c23a7e08a211d89897af67034de062451e16c404874ab8f5f4ed,JE382503,,09/21/2021 06:43:00 PM,30,NO CONTROLS,FUNCTIONING PROPERLY,CLEAR,DUSK,PEDALCYCLIST,NOT DIVIDED,,STRAIGHT AND LEVEL,DRY,NO DEFECTS,ON SCENE,INJURY AND / OR TOW DUE TO CRASH,,,,$500 OR LESS,09/21/2021 06:49:00 PM,DISTRACTION - FROM INSIDE VEHICLE,UNABLE TO DETERMINE,1023,W,WILSON AVE,1914,,,Y,,,,2,NONINCAPACITATING INJURY,1,0,0,1,0,1,0,18,3,9,41.965310627,-87.655781218,POINT (-87.655781217808 41.965310627241)
25297dbfc1d375a626db7827e06eb45628e53d402552ac3cfb04d86412fbca10c6146e0b56c8b475e691fc99e7dd2c94c77b8a34c06f3a0f5dd956168cd7b461,JE433899,,11/04/2021 02:50:00 PM,30,NO CONTROLS,NO CONTROLS,CLEAR,DAYLIGHT,PEDALCYCLIST,NOT DIVIDED,,STRAIGHT AND LEVEL,DRY,NO DEFECTS,NOT ON SCENE (DESK REPORT),NO INJURY / DRIVE AWAY,,,Y,"OVER $1,500",11/04/2021 03:40:00 PM,IMPROPER TURNING/NO SIGNAL,NOT APPLICABLE,1317,N,WELLS ST,1821,,,,,,,2,NO INDICATION OF INJURY,0,0,0,0,0,2,0,14,5,11,41.906242098,-87.634413299,POINT (-87.634413299025 41.90624209833)
268ffe2924b53ab909c6cb569623caec6aa2c9dfdc87c60f87ddd17f567c0bc9e911934d5834cd254728438eb24f4282a4522b115a5fc2412e6b91dc8bde1543,JF205902,,04/12/2022 04:30:00 PM,30,NO CONTROLS,NO CONTROLS,CLEAR,DAYLIGHT,PEDALCYCLIST,DRIVEWAY,,STRAIGHT AND LEVEL,DRY,NO DEFECTS,ON SCENE,INJURY AND / OR TOW DUE TO CRASH,,,,"OVER $1,500",04/12/2022 04:52:00 PM,FAILING TO YIELD RIGHT-OF-WAY,IMPROPER OVERTAKING/PASSING,3750,N,WESTERN AVE,1921,,,,,,,2,NONINCAPACITATING INJURY,1,0,0,1,0,1,0,16,3,4,41.950057291,-87.688496965,POINT (-87.688496965449 41.950057290929)
274f95544ea9cab2837b62f5bf6d387113bc077a797d8a29b0ab76e3a3980f627f58a53f8ed72385ec91353bbc2e1029b8bc4f6bba3779eb406413aa992ef176,JF290677,,06/23/2022 07:15:00 AM,25,STOP SIGN/FLASHER,FUNCTIONING PROPERLY,CLEAR,DAYLIGHT,PEDALCYCLIST,FOUR WAY,,STRAIGHT AND LEVEL,DRY,NO DEFECTS,NOT ON SCENE (DESK REPORT),NO INJURY / DRIVE AWAY,Y,,,$500 OR LESS,06/23/2022 07:30:00 AM,UNABLE TO DETERMINE,UNABLE TO DETERMINE,11100,S,THROOP ST,2234,,,,,,,2,NO INDICATION OF INJURY,0,0,0,0,0,2,0,7,5,6,41.692162004,-87.654682876,POINT (-87.654682876231 41.69216200424)
277998754d7aa8790163f9b3d79308d7e7acd6e0e5201d00aaf1a8c49193216e9395704efd6e67af2cf65aea41a450c503dfd3f6f869928a088b3bc09bc81fe1,JE411539,,10/16/2021 09:55:00 AM,30,STOP SIGN/FLASHER,FUNCTIONING PROPERLY,CLEAR,DAYLIGHT,PEDALCYCLIST,OTHER,,STRAIGHT AND LEVEL,DRY,NO DEFECTS,ON SCENE,INJURY AND / OR TOW DUE TO CRASH,,,,"$501 - $1,500",10/16/2021 09:58:00 AM,UNABLE TO DETERMINE,UNABLE TO DETERMINE,1338,N,ASHLAND AVE,1433,,,,,,,2,NONINCAPACITATING INJURY,1,0,0,1,0,1,0,9,7,10,41.906185351,-87.667716335,POINT (-87.667716334699 41.906185351394)
25a1c8c7f50fa1c97a5a56829bf9765de3775a0c11bdc8c0460d281733e8b292dbee7c63198c098f34bcec171558fcb1b1ea1e2afdc18600088e08d64d54ee73,JF311891,,07/10/2022 05:40:00 AM,30,TRAFFIC SIGNAL,FUNCTIONING PROPERLY,CLEAR,DAYLIGHT,PEDALCYCLIST,"FIVE POINT, OR MORE",,STRAIGHT AND LEVEL,DRY,UNKNOWN,ON SCENE,INJURY AND / OR TOW DUE TO CRASH,Y,,,"$501 - $1,500",07/10/2022 05:40:00 AM,UNABLE TO DETERMINE,NOT APPLICABLE,3959,N,CICERO AVE,1731,,,,,,,2,INCAPACITATING INJURY,1,0,1,0,0,1,0,5,1,7,41.953370479,-87.747158206,POINT (-87.747158205638 41.953370478911)
26317cd8131774b65d15aaccf23eeb4cd3c65babf599cda215565b3a58f55019c8c95e77c1d5adf0e53a2ffc253929a8d4c6cb28a37d3aeba86f093a19d445ce,JF244544,,05/16/2022 03:00:00 PM,15,NO CONTROLS,NO CONTROLS,CLEAR,DAYLIGHT,PEDALCYCLIST,ALLEY,,STRAIGHT AND LEVEL,DRY,UNKNOWN,ON SCENE,NO INJURY / DRIVE AWAY,,,,$500 OR LESS,05/16/2022 03:32:00 PM,UNABLE TO DETERMINE,UNABLE TO DETERMINE,4052,N,WESTERN AVE,1911,,,,,,,2,NO INDICATION OF INJURY,0,0,0,0,0,2,0,15,2,5,41.955623216,-87.68866131,POINT (-87.688661310385 41.955623215977)
28319bf0472112ff33380b34d2a762f8d7bf0914edb5cc0807979ce447063adc491c401fdd8a753ed81672517927ad17eb522e8389dd8e745a28a18d5b4471ff,JE427625,,10/30/2021 09:15:00 AM,30,TRAFFIC SIGNAL,FUNCTIONING PROPERLY,RAIN,DAYLIGHT,PEDALCYCLIST,NOT DIVIDED,,STRAIGHT AND LEVEL,WET,NO DEFECTS,ON SCENE,INJURY AND / OR TOW DUE TO CRASH,,,,"OVER $1,500",10/30/2021 09:20:00 AM,DISREGARDING TRAFFIC SIGNALS,NOT APPLICABLE,2200,S,DAMEN AVE,1034,,,,,,,2,INCAPACITATING INJURY,1,0,1,0,0,1,0,9,7,10,41.852127661,-87.675985449,POINT (-87.675985449051 41.852127660753)
29ffdb4d343ba63ff49bda62f300529ec43f610280c0f7bcce220878cc5d2375ce68e605c677d8e970549f8c2aace7ea5474da542ca3816d6d5fd1a21df6541b,JF239222,,05/12/2022 10:45:00 AM,30,STOP SIGN/FLASHER,FUNCTIONING PROPERLY,CLEAR,DAYLIGHT,PEDALCYCLIST,DIVIDED - W/MEDIAN (NOT RAISED),,STRAIGHT AND LEVEL,DRY,NO DEFECTS,ON SCENE,INJURY AND / OR TOW DUE TO CRASH,,,,"OVER $1,500",05/12/2022 10:49:00 AM,FAILING TO YIELD RIGHT-OF-WAY,NOT APPLICABLE,2300,W,LYNDALE ST,1432,,,,,,,2,NONINCAPACITATING INJURY,1,0,0,1,0,1,0,10,5,5,41.922757297,-87.685151846,POINT (-87.685151846252 41.922757296892)
29b9093c148666a74339139c089c7457f92da639568976a00e849380378eecadba654c2de911ed891f590f9683fa0396bea938cc0de3674fd12a89c0b426cca9,JE388384,,09/26/2021 09:21:00 PM,30,TRAFFIC SIGNAL,FUNCTIONING PROPERLY,CLEAR,DAYLIGHT,PEDALCYCLIST,T-INTERSECTION,,STRAIGHT AND LEVEL,DRY,NO DEFECTS,ON SCENE,INJURY AND / OR TOW DUE TO CRASH,Y,,,"OVER $1,500",09/26/2021 09:24:00 PM,DISREGARDING TRAFFIC SIGNALS,UNABLE TO DETERMINE,49,E,WASHINGTON ST,112,,Y,N,,,,2,NONINCAPACITATING INJURY,1,0,0,1,0,1,0,21,1,9,41.883111356,-87.626051278,POINT (-87.626051277577 41.883111355542)
2b4d2edf2fb502a78d3b6c560d6bec31234c7a7c4b5c76101fb18b1b869f5f8a216290767a648bf7438ff317dcef885351d08e58a6c7015797293766a2839344,JF231202,,05/05/2022 01:45:00 PM,30,NO CONTROLS,NO CONTROLS,RAIN,DAYLIGHT,PEDALCYCLIST,NOT DIVIDED,,STRAIGHT AND LEVEL,WET,NO DEFECTS,ON SCENE,NO INJURY / DRIVE AWAY,,,,$500 OR LESS,05/05/2022 01:45:00 PM,UNABLE TO DETERMINE,UNABLE TO DETERMINE,5058,N,CLARK ST,2032,,,,,,,2,NO INDICATION OF INJURY,0,0,0,0,0,1,0,13,5,5,41.974176628,-87.668333209,POINT (-87.668333208618 41.974176628448)
28f640a4f3540ade3b441f2ee9c6662986d5e0b38911cc45ed4a52952ebc3abca137955ac75b9d8be88a59ed64f0eff5188c5ac08f420ea1bf890bb51f6b879d,JF316308,,07/13/2022 02:19:00 PM,30,TRAFFIC SIGNAL,FUNCTIONING PROPERLY,CLEAR,DAYLIGHT,PEDALCYCLIST,FOUR WAY,,STRAIGHT AND LEVEL,DRY,NO DEFECTS,ON SCENE,INJURY AND / OR TOW DUE TO CRASH,Y,,Y,"$501 - $1,500",07/13/2022 03:55:00 PM,UNABLE TO DETERMINE,NOT APPLICABLE,4,S,KEDZIE AVE,1124,,,,,,,2,"REPORTED, NOT EVIDENT",1,0,0,0,1,1,0,14,4,7,41.880841628,-87.706266069,POINT (-87.706266069047 41.880841627639)
292f4a08de1f57f6e305a0d5f3bf39d93c6b86dc2064aba76013170e80a578363cd4dc7b289fb489325c3b82c0ce61e6b8c8a61466e0f82b851430218c43a816,JF234700,,05/08/2022 11:45:00 AM,35,STOP SIGN/FLASHER,FUNCTIONING PROPERLY,CLEAR,DAYLIGHT,PEDALCYCLIST,FOUR WAY,,STRAIGHT AND LEVEL,DRY,NO DEFECTS,ON SCENE,INJURY AND / OR TOW DUE TO CRASH,Y,,Y,"OVER $1,500",05/08/2022 04:29:00 PM,IMPROPER TURNING/NO SIGNAL,UNABLE TO DETERMINE,6300,S,DR MARTIN LUTHER KING JR DR,312,,,,,,,2,"REPORTED, NOT EVIDENT",1,0,0,0,1,1,0,11,1,5,41.780211322,-87.615768292,POINT (-87.615768291828 41.780211321839)