CRASH_RECORD_ID,RD_NO,CRASH_DATE_EST_I,CRASH_DATE,POSTED_SPEED_LIMIT,TRAFFIC_CONTROL_DEVICE,DEVICE_CONDITION,WEATHER_CONDITION,LIGHTING_CONDITION,FIRST_CRASH_TYPE,TRAFFICWAY_TYPE,LANE_CNT,ALIGNMENT,ROADWAY_SURFACE_COND,ROAD_DEFECT,REPORT_TYPE,CRASH_TYPE,INTERSECTION_RELATED_I,NOT_RIGHT_OF_WAY_I,HIT_AND_RUN_I,DAMAGE,DATE_POLICE_NOTIFIED,PRIM_CONTRIBUTORY_CAUSE,SEC_CONTRIBUTORY_CAUSE,STREET_NO,STREET_DIRECTION,STREET_NAME,BEAT_OF_OCCURRENCE,PHOTOS_TAKEN_I,STATEMENTS_TAKEN_I,DOORING_I,WORK_ZONE_I,WORK_ZONE_TYPE,WORKERS_PRESENT_I,NUM_UNITS,MOST_SEVERE_INJURY,INJURIES_TOTAL,INJURIES_FATAL,INJURIES_INCAPACITATING,INJURIES_NON_INCAPACITATING,INJURIES_REPORTED_NOT_EVIDENT,INJURIES_NO_INDICATION,INJURIES_UNKNOWN,CRASH_HOUR,CRASH_DAY_OF_WEEK,CRASH_MONTH,LATITUDE,LONGITUDE,LOCATION
3893e9c04b50c727ad43bd9a34ac8e77bf0c8fec96207b01a5660bf372ca93599901b585fc2a37f621c505e3702ae9446d853421534bdbf79562d6ec1e5d95c6,JF247263,,05/16/2022 06:00:00 AM,30,NO CONTROLS,NO CONTROLS,CLEAR,DAYLIGHT,PEDALCYCLIST,NOT DIVIDED,,STRAIGHT AND LEVEL,DRY,NO DEFECTS,NOT ON SCENE (DESK REPORT),NO INJURY / DRIVE AWAY,,,,$500 OR LESS,05/18/2022 07:00:00 PM,FOLLOWING TOO CLOSELY,UNABLE TO DETERMINE,458,S,DAMEN AVE,1225,,,,,,,2,NO INDICATION OF INJURY,0,0,0,0,0,2,0,6,2,5,41.875036267,-87.676634577,POINT (-87.676634577414 41.875036266974)
38bdfc59e9076f3b0fc203b706fac371ad2ff880ac0d9740ef4213e9a10cade536ec571fe003789044bcb829c0fe5be0dee56767fe8d2600fa177effe41e3db8,JE424787,,10/27/2021 08:22:00 PM,25,NO CONTROLS,NO CONTROLS,CLEAR,DARKNESS,PEDALCYCLIST,NOT DIVIDED,,STRAIGHT AND LEVEL,DRY,UNKNOWN,ON SCENE,INJURY AND / OR TOW DUE TO CRASH,,,Y,"OVER $1,500",10/27/2021 08:35:00 PM,UNABLE TO DETERMINE,UNABLE TO DETERMINE,1712,W,ADDISON ST,1922,,,,,,,2,NO INDICATION OF INJURY,0,0,0,0,0,1,0,20,4,10,41.947059123,-87.671890751,POINT (-87.671890750821 41.947059122932)
383eb828395b76bcaefd4038021be5ab84cad832e250b14fde746827101e06c72276d21c9f76346cc6d5c663d25509225645e03b0d2c702e347eeee134e3e3fd,JF216378,,04/22/2022 05:51:00 PM,25,STOP SIGN/FLASHER,FUNCTIONING PROPERLY,CLEAR,DUSK,PEDALCYCLIST,DIVIDED - W/MEDIAN BARRIER,,STRAIGHT AND LEVEL,WET,NO DEFECTS,ON SCENE,INJURY AND / OR TOW DUE TO CRASH,,,,$500 OR LESS,04/22/2022 05:51:00 PM,UNABLE TO DETERMINE,UNABLE TO DETERMINE,1051,W,RANDOLPH ST,1224,,,,,,,2,NONINCAPACITATING INJURY,1,0,0,1,0,1,0,17,6,4,41.884179966,-87.654111352,POINT (-87.654111351842 41.884179966037)
3860a5b5562de89bbe0fab8b696130b01b98b783fbf37a5fa3bf0bd364123ff9d1ae56040880745c8f1a21d70bf73d0a716318f1222f5a00d9681e87acd34ddb,JF315141,,07/09/2022 07:15:00 PM,30,TRAFFIC SIGNAL,UNKNOWN,UNKNOWN,UNKNOWN,PEDALCYCLIST,NOT DIVIDED,,STRAIGHT AND LEVEL,UNKNOWN,NO DEFECTS,NOT ON SCENE (DESK REPORT),INJURY AND / OR TOW DUE TO CRASH,,,,"$501 - $1,500",07/12/2022 05:30:00 PM,DISTRACTION - FROM INSIDE VEHICLE,"DISTRACTION - OTHER ELECTRONIC DEVICE (NAVIGATION DEVICE, DVD PLAYER, ETC.)",1316,S,HALSTED ST,1232,,,Y,,,,2,"REPORTED, NOT EVIDENT",1,0,0,0,1,0,0,19,7,7,41.864959898,-87.646999921,POINT (-87.646999920609 41.864959898061)
38459767b9b1a9bc1faed4a942998a04b6e29aa369541f7cc27fba81178a834f577b2f18367317d30ef00e792b76291e53130aef6ec107948fd2569e90dc82af,JE493188,,12/30/2021 04:30:00 PM,30,UNKNOWN,UNKNOWN,CLEAR,UNKNOWN,PEDALCYCLIST,NOT DIVIDED,,STRAIGHT AND LEVEL,UNKNOWN,UNKNOWN,ON SCENE,INJURY AND / OR TOW DUE TO CRASH,,,Y,"OVER $1,500",12/30/2021 04:59:00 PM,UNABLE TO DETERMINE,UNABLE TO DETERMINE,908,W,MONTROSE AVE,1914,,,,,,,2,"REPORTED, NOT EVIDENT",1,0,0,0,1,1,0,16,5,12,41.96191447,-87.652751335,POINT (-87.652751334785 41.961914469645)
38bf6198bc2f15ea95f053fa31fbb5320f6312ebf5a51ae6390cb3ab7a216517f9ac460579d187b53ab1ed560abc1b11b341aa04969aca8c83f9b216147130a2,JE389493,,09/27/2021 04:20:00 PM,30,UNKNOWN,UNKNOWN,CLEAR,DAYLIGHT,PEDALCYCLIST,DIVIDED - W/MEDIAN (NOT RAISED),,STRAIGHT AND LEVEL,DRY,NO DEFECTS,NOT ON SCENE (DESK REPORT),INJURY AND / OR TOW DUE TO CRASH,,,Y,$500 OR LESS,09/27/2021 05:05:00 PM,UNABLE TO DETERMINE,UNABLE TO DETERMINE,3440,N,MILWAUKEE AVE,1731,,,,,,,2,NONINCAPACITATING INJURY,1,0,0,1,0,1,0,16,2,9,41.943731648,-87.731685713,POINT (-87.73168571286 41.943731648286)
375ccb193eede79ed0dfc5e15cf8debec171de8d0ff2694152a5b2b8cc50862be4e4fa53c59bcba2743d0e6f5c199b8398a06008f81fac29a37a17b9309524a0,JF239199,N,05/11/2022 09:45:00 AM,30,NO CONTROLS,NO CONTROLS,CLEAR,DAYLIGHT,PEDALCYCLIST,FOUR WAY,,STRAIGHT AND LEVEL,DRY,NO DEFECTS,NOT ON SCENE (DESK REPORT),INJURY AND / OR TOW DUE TO CRASH,Y,,Y,$500 OR LESS,05/12/2022 10:30:00 AM,FAILING TO YIELD RIGHT-OF-WAY,IMPROPER OVERTAKING/PASSING,1998,W,PRATT BLVD,2424,,,,,,,2,NONINCAPACITATING INJURY,1,0,0,1,0,1,0,9,4,5,42.005318489,-87.680063764,POINT (-87.680063763825 42.005318489291)
37ba0df9d774a77cab91a158ed7400beddf2f634b2af265e1df20337a86865868576f647fe5f74ab7e0158415877f351dfcccd5552ee892919682136743df6b9,JF317638,,07/14/2022 05:00:00 PM,30,NO CONTROLS,NO CONTROLS,CLEAR,DAYLIGHT,PEDALCYCLIST,NOT DIVIDED,,STRAIGHT AND LEVEL,DRY,NO DEFECTS,ON SCENE,INJURY AND / OR TOW DUE TO CRASH,,,Y,"$501 - $1,500",07/14/2022 05:30:00 PM,FOLLOWING TOO CLOSELY,NOT APPLICABLE,4022,W,PALMER ST,2525,,,,,,,3,"REPORTED, NOT EVIDENT",1,0,0,0,1,2,0,17,5,7,41.920923026,-87.727654653,POINT (-87.727654653008 41.920923025744)
36bd11fe2332f9cc867e049f84989a427ca5c4ec70c39d3f5b739c8cf21ac1c3b069bfb575943cec279dd1cd3411ac4117f250161959f371ab6772be12b12e78,JE477464,,12/14/2021 04:40:00 PM,30,UNKNOWN,UNKNOWN,CLEAR,DAYLIGHT,PEDALCYCLIST,NOT DIVIDED,,STRAIGHT AND LEVEL,DRY,NO DEFECTS,ON SCENE,INJURY AND / OR TOW DUE TO CRASH,,,,"$501 - $1,500",12/14/2021 04:42:00 PM,IMPROPER TURNING/NO SIGNAL,UNABLE TO DETERMINE,938,W,MONTROSE AVE,1914,,,,,,,2,"REPORTED, NOT EVIDENT",1,0,0,0,1,1,0,16,3,12,41.961899998,-87.653878588,POINT (-87.653878587628 41.961899997613)
35f00dcb45d028d365e2b378d57c2841ce432b9dbd3c7f95228d25d394cdc1fb687570dbe417acef39673be2b6fe250992728bdda3173b3faa519ff7de03db18,JE477553,,12/14/2021 04:45:00 PM,30,NO CONTROLS,NO CONTROLS,CLEAR,DUSK,PEDALCYCLIST,NOT DIVIDED,,STRAIGHT AND LEVEL,DRY,NO DEFECTS,ON SCENE,INJURY AND / OR TOW DUE TO CRASH,,,,"$501 - $1,500",12/14/2021 05:26:00 PM,UNABLE TO DETERMINE,NOT APPLICABLE,5000,N,KEDZIE AVE,1713,,,Y,,,,2,NONINCAPACITATING INJURY,1,0,0,1,0,0,0,16,3,12,41.972178968,-87.708729464,POINT (-87.708729464243 41.972178968443)
3893d321caeeb78d0d622c0292f40bd2f06481bfe1ecd9b5bc6e25cddd67264df3abbf931f3019188b22c87315825c7eca7fd08ba64709231e445a749a46ca41,JF313240,,07/11/2022 10:00:00 AM,10,NO CONTROLS,NO CONTROLS,CLEAR,DAYLIGHT,PEDALCYCLIST,DRIVEWAY,,STRAIGHT AND LEVEL,DRY,NO DEFECTS,NOT ON SCENE (DESK REPORT),NO INJURY / DRIVE AWAY,,,,"$501 - $1,500",07/11/2022 10:30:00 AM,DRIVING ON WRONG SIDE/WRONG WAY,NOT APPLICABLE,1316,W,CERMAK RD,1235,,,,,,,2,NO INDICATION OF INJURY,0,0,0,0,0,2,0,10,2,7,41.852555249,-87.659411062,POINT (-87.659411061912 41.852555249098)
360e0e1bfdee883b6c10dd4710b8c310d26a5bfdcafcd7b02dcd1d047e068eb5cda822ccd9470a8b6ea61fc3297b62e3df086e25e24517e17686827741b9baef,JE463813,,12/02/2021 04:35:00 PM,24,STOP SIGN/FLASHER,FUNCTIONING PROPERLY,CLEAR,DUSK,PEDALCYCLIST,FOUR WAY,,STRAIGHT AND LEVEL,DRY,NO DEFECTS,ON SCENE,INJURY AND / OR TOW DUE TO CRASH,Y,,Y,$500 OR LESS,12/02/2021 04:40:00 PM,DISREGARDING STOP SIGN,DISREGARDING STOP SIGN,525,W,31ST ST,915,,,,,,,2,NONINCAPACITATING INJURY,1,0,0,1,0,1,0,16,5,12,41.83801436,-87.640133317,POINT (-87.640133317372 41.83801435981)
3b7651220643d134a09ad4d0ec68eac1a80b67bdf9c07200d45a521f7521f2832f2e0e4808add6d2dd6db52ab042db9e4631e996fb129df2e3bf7bcef009a943,JE402240,,10/08/2021 05:45:00 AM,35,STOP SIGN/FLASHER,FUNCTIONING PROPERLY,CLEAR,DAWN,PEDALCYCLIST,FOUR WAY,,STRAIGHT AND LEVEL,DRY,NO DEFECTS,ON SCENE,INJURY AND / OR TOW DUE TO CRASH,Y,,,$500 OR LESS,10/08/2021 07:00:00 AM,IMPROPER TURNING/NO SIGNAL,FAILING TO YIELD RIGHT-OF-WAY,640,N,WELLS ST,1831,,,,,,,2,NONINCAPACITATING INJURY,1,0,0,1,0,1,0,5,6,10,41.893658478,-87.634270381,POINT (-87.634270381406 41.893658477618)
3c8ed8838a2e282eb3ca1ca3ffc72c2a62a311b0a506075861a60a059b76861ba521b34b7d166cb9992282b51fc91ffa07b378aeb2b2ac00414e3ddd7bebe130,JE376399,,09/16/2021 09:00:00 PM,30,TRAFFIC SIGNAL,FUNCTIONING PROPERLY,CLEAR,"DARKNESS, LIGHTED ROAD",PEDALCYCLIST,FOUR WAY,,STRAIGHT AND LEVEL,DRY,NO DEFECTS,ON SCENE,INJURY AND / OR TOW DUE TO CRASH,Y,,,"$501 - $1,500",09/16/2021 09:00:00 PM,DISREGARDING TRAFFIC SIGNALS,NOT APPLICABLE,2401,N,LAMON AVE,2521,,,,,,,3,"REPORTED, NOT EVIDENT",2,0,0,0,2,1,0,21,5,9,41.924265031,-87.74861852,POINT (-87.748618520246 41.924265031139)
3c50fd81a140857636abf92852fb08ee413c240896300e54eac326b4e4f30584482695aa3970b252770e18ab5ad52fc9a5c4555dbf33400cc52759c68bb2d004,JF262797,,05/31/2022 08:00:00 AM,30,UNKNOWN,UNKNOWN,CLEAR,DAYLIGHT,PEDALCYCLIST,ONE-WAY,,STRAIGHT AND LEVEL,UNKNOWN,UNKNOWN,NOT ON SCENE (DESK REPORT),INJURY AND / OR TOW DUE TO CRASH,,,Y,"OVER $1,500",05/31/2022 04:17:00 PM,UNABLE TO DETERMINE,UNABLE TO DETERMINE,621,N,LEAMINGTON AVE,1532,,,,,,,2,NONINCAPACITATING INJURY,1,0,0,1,0,1,0,8,3,5,41.891969368,-87.7541216,POINT (-87.754121599637 41.89196936814)
3b263a01f1bc4775a23f708deb850d0490096096413831edc9633c1be843a5a7841e77470721ba1fc8f6f9f50e543b6a00491160dbd034f54702b5413649ef0b,JE409679,,10/14/2021 04:04:00 PM,30,NO CONTROLS,NO CONTROLS,CLEAR,DAYLIGHT,PEDALCYCLIST,DIVIDED - W/MEDIAN (NOT RAISED),,STRAIGHT AND LEVEL,DRY,NO DEFECTS,ON SCENE,INJURY AND / OR TOW DUE TO CRASH,,,,"OVER $1,500",10/14/2021 04:07:00 PM,FAILING TO REDUCE SPEED TO AVOID CRASH,DRIVING SKILLS/KNOWLEDGE/EXPERIENCE,4595,N,ELSTON AVE,1722,,,,,,,2,NONINCAPACITATING INJURY,1,0,0,1,0,1,0,16,5,10,41.964528373,-87.734710306,POINT (-87.734710305713 41.964528372761)
3b9cc30260d0f0bf7ea3a71c270901293daa9f0635f3a89b45845ce89f8f3bf132b150feb4de31b4a6308fae1c51501579225c0eac267ec2f32f36d4972eb9d6,JF262213,,05/31/2022 11:07:00 AM,30,TRAFFIC SIGNAL,NO CONTROLS,CLEAR,DAYLIGHT,PEDALCYCLIST,FOUR WAY,,STRAIGHT AND LEVEL,DRY,NO DEFECTS,ON SCENE,INJURY AND / OR TOW DUE TO CRASH,Y,,,$500 OR LESS,05/31/2022 11:14:00 AM,UNABLE TO DETERMINE,UNABLE TO DETERMINE,1599,W,MARQUETTE RD,725,,,,,,,2,NONINCAPACITATING INJURY,1,0,0,1,0,2,0,11,3,5,41.772083269,-87.663956857,POINT (-87.663956857364 41.772083268831)
3a9efa7d58366e04c8f56258033d35eb4187504262cda44f21aa734bbb20890d80603dcc3c9405facb45f925aec1b022c6b751247915807e4821502ee181ef1c,JE457750,,11/24/2021 08:00:00 AM,30,NO CONTROLS,NO CONTROLS,UNKNOWN,DAYLIGHT,PEDALCYCLIST,NOT DIVIDED,,STRAIGHT AND LEVEL,UNKNOWN,NO DEFECTS,NOT ON SCENE (DESK REPORT),INJURY AND / OR TOW DUE TO CRASH,,,,"OVER $1,500",11/26/2021 07:25:00 PM,FAILING TO YIELD RIGHT-OF-WAY,FOLLOWING TOO CLOSELY,2477,S,ARCHER AVE,914,,,,,,,2,NONINCAPACITATING INJURY,1,0,0,1,0,1,0,8,4,11,41.84755805,-87.645495992,POINT (-87.645495991682 41.847558050164)
3aef53867a6675f078f817ff2a5ecbeabefadf4f7ee06462b4e723f65958fb8d3ed3830a60ad4ad5aa84601cbb2000500f0444b4a54780d34e643da481e23875,JE410329,Y,10/15/2021 08:30:00 AM,30,TRAFFIC SIGNAL,FUNCTIONING PROPERLY,CLEAR,DAYLIGHT,PEDALCYCLIST,DIVIDED - W/MEDIAN BARRIER,,STRAIGHT AND LEVEL,DRY,NO DEFECTS,ON SCENE,INJURY AND / OR TOW DUE TO CRASH,,,,"OVER $1,500",10/15/2021 08:37:00 AM,UNABLE TO DETERMINE,UNABLE TO DETERMINE,2963,N,MILWAUKEE AVE,2523,,,,,,,2,"REPORTED, NOT EVIDENT",1,0,0,0,1,1,0,8,6,10,41.935209057,-87.717238601,POINT (-87.717238600825 41.935209057367)
39504218c0295e46e36c845c09dea92af78a1a096c59caf35bc4cf5e8da8b5940128407220ceb0523a4a3fdbc685eaccfad901a9a623859e3b63c806cf374ffa,JE492056,,12/29/2021 02:28:00 PM,30,TRAFFIC SIGNAL,FUNCTIONING PROPERLY,CLEAR,DAYLIGHT,PEDALCYCLIST,FOUR WAY,,STRAIGHT AND LEVEL,DRY,WORN SURFACE,ON SCENE,INJURY AND / OR TOW DUE TO CRASH,Y,,,"OVER $1,500",12/29/2021 02:29:00 PM,FAILING TO YIELD RIGHT-OF-WAY,FAILING TO YIELD RIGHT-OF-WAY,4759,N,SHERIDAN RD,1914,,,,,,,2,"REPORTED, NOT EVIDENT",1,0,0,0,1,1,0,14,4,12,41.969046675,-87.654674059,POINT (-87.654674058976 41.969046674717)
3c3decdf3126f1270711fbbf4a6025d34815935a8fcc62b50d31daa7a7a19048ade93e780edf75710781ed8587d59534660c2a8f2ad6486c35a6f3d68796b699,JF306198,,07/05/2022 12:15:00 PM,30,TRAFFIC SIGNAL,FUNCTIONING PROPERLY,CLEAR,DAYLIGHT,PEDALCYCLIST,FOUR WAY,,STRAIGHT AND LEVEL,DRY,NO DEFECTS,NOT ON SCENE (DESK REPORT),NO INJURY / DRIVE AWAY,,,Y,"$501 - $1,500",07/05/2022 01:15:00 PM,DISREGARDING TRAFFIC SIGNALS,FAILING TO REDUCE SPEED TO AVOID CRASH,300,W,GRAND AVE,1831,,,,,,,2,NO INDICATION OF INJURY,0,0,0,0,0,2,0,12,3,7,41.891675634,-87.635651389,POINT (-87.635651388781 41.891675633763)
3a31c2061d885853c32320b1ffb1abdb72a927eabed840398b231d87a38f27d6ce8cb463210b3fa640e1313042e60db10d2906c51a6a084d25272920f5aa863a,JF225765,,04/30/2022 05:40:00 PM,30,NO CONTROLS,NO CONTROLS,CLEAR,DAYLIGHT,PEDALCYCLIST,DIVIDED - W/MEDIAN (NOT RAISED),,STRAIGHT AND LEVEL,WET,NO DEFECTS,ON SCENE,INJURY AND / OR TOW DUE TO CRASH,,,,"$501 - $1,500",04/30/2022 05:43:00 PM,IMPROPER LANE USAGE,DRIVING SKILLS/KNOWLEDGE/EXPERIENCE,149,N,STATE ST,111,,,,,,,2,NONINCAPACITATING INJURY,1,0,0,1,0,2,0,17,7,4,41.884460831,-87.627763075,POINT (-87.627763075207 41.884460831407)
3a5329561f09ece1d24ce36d021191276e6c9f8610560a1feeab488f8c6b45ea195f655feaf12727414445f05d1269cd61ef0c5e62d75e7edb264df0d18749fe,JF307060,,07/06/2022 07:39:00 AM,30,NO CONTROLS,NO CONTROLS,RAIN,DAYLIGHT,PEDALCYCLIST,ALLEY,,STRAIGHT AND LEVEL,WET,NO DEFECTS,ON SCENE,INJURY AND / OR TOW DUE TO CRASH,,,Y,"OVER $1,500",07/06/2022 07:40:00 AM,FAILING TO YIELD RIGHT-OF-WAY,NOT APPLICABLE,3514,W,LELAND AVE,1723,,,,,,,2,NONINCAPACITATING INJURY,1,0,0,1,0,1,0,7,4,7,41.966659067,-87.716409112,POINT (-87.71640911189 41.966659067202)
3c30e9cf86349d9930d6cf2b3559a9ffbe82aabf2f4f20e5d907883ddd97b14aa5aa41ecf648a6c0fb2e4947472b5f7252150f067fbfc0b135ed4ea6ca5a4ea9,JF290382,,06/22/2022 09:05:00 PM,30,TRAFFIC SIGNAL,FUNCTIONING PROPERLY,CLEAR,"DARKNESS, LIGHTED ROAD",PEDALCYCLIST,FOUR WAY,,STRAIGHT AND LEVEL,DRY,NO DEFECTS,ON SCENE,INJURY AND / OR TOW DUE TO CRASH,,,Y,"$501 - $1,500",06/22/2022 09:06:00 PM,UNABLE TO DETERMINE,NOT APPLICABLE,10900,S,KEDZIE AVE,2211,,,,,,,2,NONINCAPACITATING INJURY,1,0,0,1,0,1,0,21,4,6,41.695124376,-87.701093902,POINT (-87.701093901761 41.695124375851)
3adddcbdf1960a1e1fa3fd45d0ea2eb59d4688425b01d07937fab38cf9103cbd886273031c46d1a443cc1fb84379de265726a6abd63dfa80c60393837ed1ee83,JF298937,,06/29/2022 04:59:00 PM,30,OTHER,OTHER,CLEAR,DAYLIGHT,PEDALCYCLIST,NOT DIVIDED,,STRAIGHT AND LEVEL,DRY,NO DEFECTS,ON SCENE,INJURY AND / OR TOW DUE TO CRASH,,,,"OVER $1,500",06/29/2022 05:07:00 PM,FAILING TO YIELD RIGHT-OF-WAY,DRIVING SKILLS/KNOWLEDGE/EXPERIENCE,1413,N,WELLS ST,1821,,,Y,,,,2,NONINCAPACITATING INJURY,1,0,0,1,0,1,0,16,4,6,41.908078586,-87.63446923,POINT (-87.634469230335 41.908078585623)
3998eba90f75e7192b500865b17705a6b2f1910263e0f63e2b2e7c8b69592b4e5d1a4084e709c70a722b174b960afdaf739575ed5b0a08d1dabcba380ce22c95,JE441666,,11/11/2021 12:00:00 AM,30,UNKNOWN,UNKNOWN,UNKNOWN,UNKNOWN,PEDALCYCLIST,DIVIDED - W/MEDIAN (NOT RAISED),,STRAIGHT AND LEVEL,DRY,NO DEFECTS,NOT ON SCENE (DESK REPORT),NO INJURY / DRIVE AWAY,,,Y,$500 OR LESS,11/11/2021 01:45:00 PM,UNABLE TO DETERMINE,UNABLE TO DETERMINE,2800,N,CLARK ST,1934,,,,,,,2,NO INDICATION OF INJURY,0,0,0,0,0,2,0,0,5,11,41.9328287,-87.645080351,POINT (-87.645080351015 41.932828699843)
3b3b33af3ac3b68a1584580b64b593d1235f7be39602d195dfa7adde958f98bd6380439f8e837cd1335e33f07cfa9b9572b20c5512b4844892323034f7089588,JF274904,,06/10/2022 06:06:00 PM,30,TRAFFIC SIGNAL,FUNCTIONING PROPERLY,CLEAR,DAYLIGHT,PEDALCYCLIST,FOUR WAY,,STRAIGHT AND LEVEL,DRY,NO DEFECTS,ON SCENE,INJURY AND / OR TOW DUE TO CRASH,Y,,,$500 OR LESS,06/10/2022 06:19:00 PM,FAILING TO YIELD RIGHT-OF-WAY,FOLLOWING TOO CLOSELY,3602,N,MILWAUKEE AVE,1731,,,,,,,2,"REPORTED, NOT EVIDENT",1,0,0,0,1,3,0,18,6,6,41.946269483,-87.735863581,POINT (-87.735863580886 41.946269482831)
3a35e8586dbfee9d98b5cafc057a9a9a1b7e4f2561cd917aa2f21ce5d8aeb13510f5f6f6a1a967c6af24b582c0367df99f2d508b6aa1dda2bbed6891ba688c57,JE461072,Y,11/30/2021 09:00:00 AM,35,OTHER,OTHER,CLEAR,DAYLIGHT,PEDALCYCLIST,NOT DIVIDED,,STRAIGHT AND LEVEL,DRY,NO DEFECTS,ON SCENE,INJURY AND / OR TOW DUE TO CRASH,,,,$500 OR LESS,11/30/2021 09:20:00 AM,NOT APPLICABLE,UNABLE TO DETERMINE,2119,W,NORTH AVE,1424,,,Y,,,,2,NONINCAPACITATING INJURY,1,0,0,1,0,1,0,9,3,11,41.910314258,-87.680759443,POINT (-87.680759443383 41.910314258074)
3e2cdb969d8ba0d93df902a82da6a49d6aa28ec215081694735a0a14bfdc782a5d887ece936af770887a4e4789146466a5df2e08ebbec53872228e2f19b894ea,JE404567,,10/10/2021 03:15:00 AM,30,NO CONTROLS,NO CONTROLS,CLEAR,"DARKNESS, LIGHTED ROAD",PEDALCYCLIST,NOT DIVIDED,,STRAIGHT AND LEVEL,DRY,NO DEFECTS,ON SCENE,INJURY AND / OR TOW DUE TO CRASH,,,Y,$500 OR LESS,10/10/2021 03:27:00 AM,"OPERATING VEHICLE IN ERRATIC, RECKLESS, CARELESS, NEGLIGENT OR AGGRESSIVE MANNER",NOT APPLICABLE,869,N,ORLEANS ST,1823,,,,,,,2,INCAPACITATING INJURY,1,0,1,0,0,1,0,3,1,10,41.898555859,-87.637099984,POINT (-87.637099984367 41.898555859347)
3f2d6821580a6a8533a399c5e69826842420c3b25896127a1c874831c30839e626e612ed1cbe07ce7ef46d045eeafcf6f5a8c21505091ba95ca3477aaacd5814,JF278119,,06/13/2022 01:50:00 PM,30,NO CONTROLS,NO CONTROLS,CLEAR,DAYLIGHT,PEDALCYCLIST,OTHER,,STRAIGHT AND LEVEL,DRY,NO DEFECTS,NOT ON SCENE (DESK REPORT),INJURY AND / OR TOW DUE TO CRASH,,,,"$501 - $1,500",06/13/2022 03:00:00 PM,NOT APPLICABLE,NOT APPLICABLE,6430,S,CICERO AVE,813,,,,,,,2,NONINCAPACITATING INJURY,1,0,0,1,0,3,0,13,2,6,41.775663368,-87.742327811,POINT (-87.742327811139 41.775663367554)
3ea6aaec32264c23e48b356c3e9853cac886c0f2c497c494821aca8dc5b84853e69074196ec74748139544071b100d47d19b8609bfd931d3f63802ba0370575f,JF278576,,06/13/2022 07:35:00 PM,30,NO CONTROLS,NO CONTROLS,RAIN,DUSK,PEDALCYCLIST,T-INTERSECTION,,STRAIGHT AND LEVEL,WET,NO DEFECTS,ON SCENE,INJURY AND / OR TOW DUE TO CRASH,Y,,Y,"$501 - $1,500",06/13/2022 08:54:00 PM,IMPROPER TURNING/NO SIGNAL,IMPROPER TURNING/NO SIGNAL,1126,W,FULLERTON AVE,1932,,,,,,,2,NONINCAPACITATING INJURY,1,0,0,1,0,1,0,19,2,6,41.925425424,-87.657044733,POINT (-87.657044733257 41.925425424025)
3f11bfff21499736648d671b3c194fd04869afe04433f4ae1160796e7ea44ffe285232bfc6fa37d033223fd1f98bd24bad567d9b306c16b4ca50f694d23d389a,JE366588,,09/08/2021 08:45:00 PM,30,STOP SIGN/FLASHER,NO CONTROLS,CLEAR,"DARKNESS, LIGHTED ROAD",PEDALCYCLIST,NOT DIVIDED,,STRAIGHT AND LEVEL,DRY,NO DEFECTS,ON SCENE,INJURY AND / OR TOW DUE TO CRASH,Y,,,$500 OR LESS,09/08/2021 08:48:00 PM,FAILING TO YIELD RIGHT-OF-WAY,NOT APPLICABLE,3900,N,SHERIDAN RD,1923,,,,,,,2,NONINCAPACITATING INJURY,1,0,0,1,0,1,0,20,4,9,41.952713664,-87.654638906,POINT (-87.65463890621 41.952713663817)
3ce2c97535794d0477a6e81498c6ec0a71854cbd1ffc55d844d12f013bb88c2fbc8adeb2a572fea8456052f6a5626aa03c6fad4eab0d7a378ca1b77711565bb6,JF266969,,06/03/2022 09:45:00 PM,30,STOP SIGN/FLASHER,UNKNOWN,UNKNOWN,"DARKNESS, LIGHTED ROAD",PEDALCYCLIST,NOT DIVIDED,,STRAIGHT AND LEVEL,UNKNOWN,UNKNOWN,NOT ON SCENE (DESK REPORT),NO INJURY / DRIVE AWAY,N,,Y,$500 OR LESS,06/03/2022 11:10:00 PM,UNABLE TO DETERMINE,UNABLE TO DETERMINE,1900,S,HALSTED ST,1235,,,,,,,2,NO INDICATION OF INJURY,0,0,0,0,0,2,0,21,6,6,41.856691245,-87.646756945,POINT (-87.646756944767 41.856691244708)
3dd6e3ec3a26598c02ce220fc554a85c86d02096d290e528572fcff6696a7c3aab681eca8fc59d3ceaafd151218a6b7cf89a50c68354b3eabbf44c1361755f4f,JF240692,,05/13/2022 01:00:00 PM,30,NO CONTROLS,NO CONTROLS,CLEAR,DAYLIGHT,PEDALCYCLIST,NOT DIVIDED,,STRAIGHT AND LEVEL,DRY,NO DEFECTS,ON SCENE,NO INJURY / DRIVE AWAY,,,N,"$501 - $1,500",05/13/2022 01:10:00 PM,IMPROPER TURNING/NO SIGNAL,NOT APPLICABLE,1521,N,DAMEN AVE,1424,,,,,,,2,NO INDICATION OF INJURY,0,0,0,0,0,2,0,13,6,5,41.908926932,-87.677273998,POINT (-87.677273998008 41.908926932497)
3c9dab378681a85899a22899053b8fce8f9c1f69c94feb40271da3d6088ed7f7f592dc9fc008dce4c6c6efcccd8e64a1a85b93ffa1b3f5f94fb1c4dcbc130c69,JF261177,,05/30/2022 01:45:00 PM,30,NO CONTROLS,NO CONTROLS,CLEAR,DAYLIGHT,PEDALCYCLIST,CENTER TURN LANE,,STRAIGHT AND LEVEL,DRY,NO DEFECTS,NOT ON SCENE (DESK REPORT),NO INJURY / DRIVE AWAY,,,,"$501 - $1,500",05/30/2022 03:05:00 PM,FAILING TO YIELD RIGHT-OF-WAY,NOT APPLICABLE,4353,S,KEDZIE AVE,922,,,,,,,2,NO INDICATION OF INJURY,0,0,0,0,0,2,0,13,2,5,41.81381497,-87.704053532,POINT (-87.704053531577 41.813814970265)