CRASH_RECORD_ID,RD_NO,CRASH_DATE_EST_I,CRASH_DATE,POSTED_SPEED_LIMIT,TRAFFIC_CONTROL_DEVICE,DEVICE_CONDITION,WEATHER_CONDITION,LIGHTING_CONDITION,FIRST_CRASH_TYPE,TRAFFICWAY_TYPE,LANE_CNT,ALIGNMENT,ROADWAY_SURFACE_COND,ROAD_DEFECT,REPORT_TYPE,CRASH_TYPE,INTERSECTION_RELATED_I,NOT_RIGHT_OF_WAY_I,HIT_AND_RUN_I,DAMAGE,DATE_POLICE_NOTIFIED,PRIM_CONTRIBUTORY_CAUSE,SEC_CONTRIBUTORY_CAUSE,STREET_NO,STREET_DIRECTION,STREET_NAME,BEAT_OF_OCCURRENCE,PHOTOS_TAKEN_I,STATEMENTS_TAKEN_I,DOORING_I,WORK_ZONE_I,WORK_ZONE_TYPE,WORKERS_PRESENT_I,NUM_UNITS,MOST_SEVERE_INJURY,INJURIES_TOTAL,INJURIES_FATAL,INJURIES_INCAPACITATING,INJURIES_NON_INCAPACITATING,INJURIES_REPORTED_NOT_EVIDENT,INJURIES_NO_INDICATION,INJURIES_UNKNOWN,CRASH_HOUR,CRASH_DAY_OF_WEEK,CRASH_MONTH,LATITUDE,LONGITUDE,LOCATION
3e2c75cd64b2df4022a02fb96c08fe2d3ef84c2ecf7be19477f246a2dd21a0c5f68200a857c1362730b55117b0a884d599002264663e665fbdac6db565c22528,JF254181,,05/24/2022 05:15:00 PM,30,NO CONTROLS,FUNCTIONING PROPERLY,CLEAR,DAYLIGHT,PEDALCYCLIST,DIVIDED - W/MEDIAN (NOT RAISED),,STRAIGHT AND LEVEL,DRY,NO DEFECTS,ON SCENE,NO INJURY / DRIVE AWAY,,,Y,$500 OR LESS,05/24/2022 05:34:00 PM,IMPROPER OVERTAKING/PASSING,UNABLE TO DETERMINE,1100,N,WOLCOTT AVE,1212,,,Y,,,,2,NO INDICATION OF INJURY,0,0,0,0,0,2,0,17,3,5,41.901472678,-87.674915324,POINT (-87.674915323575 41.901472677904)
3d1ae29b3864bec60e9bbaf8c1de21917cf094b2590f0c13d2d29ba2e323c1003f2fd2e7dcad7ef712fd8209d6fce81921102344153599de5571b37061c9a3d4,JE376211,,09/15/2021 09:00:00 PM,30,NO CONTROLS,NO CONTROLS,CLEAR,"DARKNESS, LIGHTED ROAD",PEDALCYCLIST,NOT DIVIDED,,STRAIGHT AND LEVEL,UNKNOWN,UNKNOWN,NOT ON SCENE (DESK REPORT),NO INJURY / DRIVE AWAY,,,Y,$500 OR LESS,09/16/2021 06:29:00 PM,UNABLE TO DETERMINE,UNABLE TO DETERMINE,2900,W,CORTLAND ST,1421,,,,,,,2,NO INDICATION OF INJURY,0,0,0,0,0,2,0,21,4,9,41.915763075,-87.699311542,POINT (-87.699311541708 41.915763074765)
3d682430c9ec712153d19a0d0e132827856fe86673458ee4f94fff67bd6635926f240fa47247d35fb5ba149b3defb448ca27ee5d6458698355fe8f9f0bdb7a7b,JF127235,,01/27/2022 11:30:00 PM,30,TRAFFIC SIGNAL,FUNCTIONING PROPERLY,CLEAR,DARKNESS,PEDALCYCLIST,FOUR WAY,,STRAIGHT AND LEVEL,DRY,UNKNOWN,NOT ON SCENE (DESK REPORT),INJURY AND / OR TOW DUE TO CRASH,,,,"$501 - $1,500",01/28/2022 08:00:00 PM,UNABLE TO DETERMINE,UNABLE TO DETERMINE,1198,S,HALSTED ST,1232,,,,,,,2,"REPORTED, NOT EVIDENT",1,0,0,0,1,1,0,23,5,1,41.867239973,-87.647065496,POINT (-87.647065496446 41.86723997334)
3f63c59358707d9b9888b450836915f0d07ae93828648040054a7591fbde2392fe1903567d30af7867f5fe77594ec07d309ade42676a02dab3a83f452ca6d103,JE475388,,12/12/2021 09:46:00 PM,35,NO CONTROLS,NO CONTROLS,CLEAR,"DARKNESS, LIGHTED ROAD",PEDALCYCLIST,NOT DIVIDED,,STRAIGHT AND LEVEL,DRY,NO DEFECTS,ON SCENE,NO INJURY / DRIVE AWAY,,,Y,$500 OR LESS,12/12/2021 09:50:00 PM,UNABLE TO DETERMINE,UNABLE TO DETERMINE,5770,S,ARCHER AVE,814,,,,,,,3,NO INDICATION OF INJURY,0,0,0,0,0,2,0,21,1,12,41.796621895,-87.757239628,POINT (-87.757239627684 41.79662189479)
3f58bd37a46f2e59f6bf7a444362c62dc64c4b9d0b5ce8d37cb092f89c52bbdf8f3927829012c39155cc74d8821a60372cf1837ccf63681a4cc08a9b2b094faf,JF239657,,05/12/2022 08:00:00 AM,25,STOP SIGN/FLASHER,OTHER,CLEAR,DAYLIGHT,PEDALCYCLIST,ONE-WAY,,STRAIGHT AND LEVEL,UNKNOWN,UNKNOWN,,INJURY AND / OR TOW DUE TO CRASH,,,,$500 OR LESS,05/12/2022 04:30:00 PM,FAILING TO YIELD RIGHT-OF-WAY,NOT APPLICABLE,3332,W,BYRON ST,1733,,,,,,,2,NONINCAPACITATING INJURY,1,0,0,1,0,1,0,8,5,5,41.952160768,-87.711771544,POINT (-87.71177154408 41.952160767873)
3fb6765c42334c2e3326caff73153d3cde03d2c47cecfd4702b5a19df55c94419feffeda71f84e6fd81d224fd719589bce4fb37d7ba7f4da4db0ca679fb0af7f,JF274617,,06/10/2022 02:26:00 PM,30,STOP SIGN/FLASHER,FUNCTIONING PROPERLY,CLEAR,DAYLIGHT,PEDALCYCLIST,FOUR WAY,,STRAIGHT AND LEVEL,DRY,NO DEFECTS,ON SCENE,INJURY AND / OR TOW DUE TO CRASH,Y,,,"OVER $1,500",06/10/2022 02:27:00 PM,FAILING TO YIELD RIGHT-OF-WAY,UNABLE TO DETERMINE,2427,W,HOLLYWOOD AVE,2011,,Y,,,,,2,INCAPACITATING INJURY,1,0,1,0,0,2,0,14,6,6,41.98487361,-87.690653303,POINT (-87.690653303088 41.984873610014)
3fd22fe3797a0ca665439383e3c21fed03ac4f8dcb8b2763ede0d72d4d52dccdeb8cf3620fe86c32644b29770271e5bc794f94cb8f1a636b6d559cc511048a29,JE454778,,11/23/2021 02:50:00 PM,30,NO CONTROLS,NO CONTROLS,CLEAR,DAWN,PEDALCYCLIST,ALLEY,,STRAIGHT AND LEVEL,DRY,UNKNOWN,ON SCENE,INJURY AND / OR TOW DUE TO CRASH,,,,$500 OR LESS,11/23/2021 03:15:00 PM,UNABLE TO DETERMINE,UNABLE TO DETERMINE,6838,W,WAVELAND AVE,1632,,,,,,,2,NONINCAPACITATING INJURY,1,0,0,1,0,1,0,14,3,11,41.947373117,-87.797649786,POINT (-87.797649785887 41.947373117494)
3de78d25e18235ef943f5487efa4ba797af16af6ff4da06291e68e2025264771101b63a679410e10e2158293c314ffef9cc110d61ff18cba855f909900706b14,JE464319,N,12/03/2021 04:05:00 AM,30,NO CONTROLS,NO CONTROLS,CLEAR,"DARKNESS, LIGHTED ROAD",PEDALCYCLIST,DIVIDED - W/MEDIAN (NOT RAISED),,STRAIGHT ON HILLCREST,DRY,NO DEFECTS,ON SCENE,INJURY AND / OR TOW DUE TO CRASH,Y,,Y,"OVER $1,500",12/03/2021 04:10:00 AM,NOT APPLICABLE,NOT APPLICABLE,3025,N,WESTERN AVE,1931,,,,,,,2,NONINCAPACITATING INJURY,1,0,0,1,0,1,0,4,6,12,41.936636513,-87.687845521,POINT (-87.68784552137 41.93663651289)
3e16f7862e03647bab3654f999bec8bc86733364f51894eebebca140b8d75ce736b947f2eb5759a89c396cf8427af482a1935eaa3924b95a90a5b84da38a8ad8,JF109537,,01/11/2022 01:20:00 PM,30,NO CONTROLS,NO CONTROLS,CLEAR,DAYLIGHT,PEDALCYCLIST,NOT DIVIDED,,STRAIGHT AND LEVEL,SNOW OR SLUSH,NO DEFECTS,ON SCENE,INJURY AND / OR TOW DUE TO CRASH,Y,,,"$501 - $1,500",01/11/2022 01:25:00 PM,OBSTRUCTED CROSSWALKS,NOT APPLICABLE,6301,N,WESTERN AVE,2413,,,,,,,2,NONINCAPACITATING INJURY,1,0,0,1,0,1,0,13,3,1,41.996005015,-87.689679426,POINT (-87.689679426296 41.996005015496)
3d1a5bb0d4c56b1671566a15ce7181e94da4ab874764fe39bd113d58f4d0a1592d290ef57916d1c02979aedcce013a08db670d24550a60639ee0ed232c6da4d5,JF254404,,05/24/2022 08:23:00 PM,30,STOP SIGN/FLASHER,FUNCTIONING PROPERLY,CLEAR,DUSK,PEDALCYCLIST,FOUR WAY,,STRAIGHT AND LEVEL,DRY,NO DEFECTS,ON SCENE,INJURY AND / OR TOW DUE TO CRASH,Y,,,$500 OR LESS,05/24/2022 08:25:00 PM,UNABLE TO DETERMINE,NOT APPLICABLE,3100,W,IRVING PARK RD,1724,,,,,,,2,NONINCAPACITATING INJURY,1,0,0,1,0,1,0,20,3,5,41.954044946,-87.705636375,POINT (-87.705636375404 41.954044946135)
3fd5f7bb581819b7a69876996c24dfe811c098a33a385da3e1108d598be10196941d3de952a1368fb8c6becdbced701f9bf18fdc96b3703baf6a2cf415b6b32b,JF266267,,06/03/2022 01:33:00 PM,15,NO CONTROLS,NO CONTROLS,CLEAR,DAYLIGHT,PEDALCYCLIST,ALLEY,,STRAIGHT AND LEVEL,DRY,NO DEFECTS,ON SCENE,NO INJURY / DRIVE AWAY,,,,$500 OR LESS,06/03/2022 01:39:00 PM,FAILING TO YIELD RIGHT-OF-WAY,NOT APPLICABLE,5655,W,51ST ST,811,,,,,,,2,NO INDICATION OF INJURY,0,0,0,0,0,3,0,13,6,6,41.799927889,-87.764723786,POINT (-87.764723786336 41.799927889285)
3da3dfe28609d141fd2dfcd71d436427b735819cf3aa9c6650172a1cf8e9bf5c9a447d052307504cbc17f95e82fd92dcc30e60fe685f24a042066a5ecbe8ed27,JF250534,,05/21/2022 01:00:00 PM,35,NO CONTROLS,NO CONTROLS,RAIN,DAYLIGHT,PEDALCYCLIST,NOT DIVIDED,,STRAIGHT AND LEVEL,DRY,NO DEFECTS,ON SCENE,NO INJURY / DRIVE AWAY,,,,$500 OR LESS,05/21/2022 01:16:00 PM,FAILING TO YIELD RIGHT-OF-WAY,NOT APPLICABLE,2805,W,CERMAK RD,1033,,,,,,,2,NO INDICATION OF INJURY,0,0,0,0,0,2,0,13,7,5,41.851788752,-87.695785585,POINT (-87.695785585154 41.851788752364)
3f3c4397bd274bcca6d9f84116b6a155e424bedc7e2074eda59f4ad7636fa4a3877d2f01b6b12459861ff04965808378dc801a50ff762df7d63d4e38eb5b1dc8,JF296709,,06/27/2022 11:05:00 PM,35,NO CONTROLS,NO CONTROLS,CLEAR,DARKNESS,PEDALCYCLIST,NOT DIVIDED,,STRAIGHT AND LEVEL,DRY,NO DEFECTS,ON SCENE,INJURY AND / OR TOW DUE TO CRASH,,,,"OVER $1,500",06/27/2022 11:55:00 PM,NOT APPLICABLE,IMPROPER BACKING,5399,W,SUNNYSIDE AVE,1623,,,,,,,2,INCAPACITATING INJURY,1,0,1,0,0,1,0,23,2,6,41.962305154,-87.762268923,POINT (-87.76226892303 41.962305153712)
3ebdf470426af732100ae1e8ad055d62ac01007b26c6042229d6cf1aa72a67dfa526c950256428dc8af2b6bd6ef129cb12e474185a3024938dd40a60cf912aab,JE817707,,09/21/2021 08:06:00 AM,30,STOP SIGN/FLASHER,OTHER,RAIN,DAYLIGHT,PEDALCYCLIST,T-INTERSECTION,,STRAIGHT AND LEVEL,WET,UNKNOWN,ON SCENE,NO INJURY / DRIVE AWAY,,,,$500 OR LESS,09/21/2021 08:06:00 AM,FAILING TO YIELD RIGHT-OF-WAY,NOT APPLICABLE,1000,E,41ST PL,214,,,,,,,2,NO INDICATION OF INJURY,0,0,0,0,0,2,0,8,3,9,41.819705429,-87.602366359,POINT (-87.602366358795 41.819705429378)
3f297d4f38936367bde590f34946906187ed5d63a0e6c9e0895e01c20cb1b9c2ae7e3e9b4084b85e8fe49aecddc63f0cbd9cd0816ba4eedc953cf7e5a9ec76af,JE447725,,11/16/2021 11:30:00 PM,30,STOP SIGN/FLASHER,FUNCTIONING PROPERLY,CLEAR,"DARKNESS, LIGHTED ROAD",PEDALCYCLIST,T-INTERSECTION,,STRAIGHT AND LEVEL,DRY,NO DEFECTS,ON SCENE,INJURY AND / OR TOW DUE TO CRASH,Y,,Y,"OVER $1,500",11/16/2021 11:40:00 PM,FAILING TO YIELD RIGHT-OF-WAY,UNABLE TO DETERMINE,700,S,LOOMIS ST,1231,,,,,,,2,NONINCAPACITATING INJURY,1,0,0,1,0,1,0,23,3,11,41.873339674,-87.661909627,POINT (-87.661909627208 41.873339674299)
3e83ff5caacc782b586d60108830de5fe874edc34413a8c49a76231960c10bdd59a76c98bb70271257a52d0d7d073674757ea9b02c3fea8f0fd746ac95ac361b,JE407965,,10/13/2021 08:05:00 AM,25,STOP SIGN/FLASHER,NO CONTROLS,CLEAR,DAYLIGHT,PEDALCYCLIST,DIVIDED - W/MEDIAN (NOT RAISED),,STRAIGHT AND LEVEL,DRY,NO DEFECTS,ON SCENE,NO INJURY / DRIVE AWAY,,,,$500 OR LESS,10/13/2021 08:09:00 AM,NOT APPLICABLE,NOT APPLICABLE,5130,N,SIMONDS DR,2024,,,,,,,2,NO INDICATION OF INJURY,0,0,0,0,0,2,0,8,4,10,41.976570685,-87.648545945,POINT (-87.648545945437 41.976570684606)
3cfbb39fb8033f92b47c7d774577b63ee895726d315ef4d88572bc18871ed79763044211da9dc0514b3e39f7e579f75221344556bbc861c0c44be68cc11b4c4a,JF272365,,06/08/2022 04:30:00 PM,30,NO CONTROLS,NO CONTROLS,CLEAR,DAYLIGHT,PEDALCYCLIST,DIVIDED - W/MEDIAN (NOT RAISED),,STRAIGHT AND LEVEL,WET,NO DEFECTS,ON SCENE,INJURY AND / OR TOW DUE TO CRASH,,,,"$501 - $1,500",06/08/2022 04:32:00 PM,FAILING TO YIELD RIGHT-OF-WAY,NOT APPLICABLE,2415,W,LUNT AVE,2411,N,,,,,,2,NONINCAPACITATING INJURY,1,0,0,1,0,1,0,16,4,6,42.008533227,-87.69079853,POINT (-87.690798530233 42.008533226922)
40c897e9acf7f84cde8b591dbd2f56a6484aa707ca2b4158e65e8e61677c51b5e9af4658766918aa3045987e7ca41abc30b9aa80b518c57f4601f70232f0b494,JE369861,,09/11/2021 04:35:00 PM,30,TRAFFIC SIGNAL,FUNCTIONING PROPERLY,CLEAR,DAYLIGHT,PEDALCYCLIST,Y-INTERSECTION,,STRAIGHT AND LEVEL,DRY,NO DEFECTS,ON SCENE,INJURY AND / OR TOW DUE TO CRASH,Y,,,"$501 - $1,500",09/11/2021 04:36:00 PM,FAILING TO YIELD RIGHT-OF-WAY,NOT APPLICABLE,759,N,MILWAUKEE AVE,1214,,,,,,,2,NONINCAPACITATING INJURY,1,0,0,1,0,2,0,16,7,9,41.89564245,-87.654262971,POINT (-87.654262970933 41.89564244983)
41935444c17ff92048608d56eef7a6986ebb129701ea3fbd9bfda14571689334d0c9cab4449735f1999d251af2db3a825546aa113aba83ceeb75a3ac5c0c1f99,JE485724,,12/22/2021 10:30:00 AM,25,PEDESTRIAN CROSSING SIGN,FUNCTIONING IMPROPERLY,CLEAR,DAYLIGHT,PEDALCYCLIST,ONE-WAY,,STRAIGHT AND LEVEL,DRY,NO DEFECTS,ON SCENE,NO INJURY / DRIVE AWAY,,,,$500 OR LESS,12/22/2021 10:32:00 AM,FAILING TO YIELD RIGHT-OF-WAY,UNABLE TO DETERMINE,3298,N,ASHLAND AVE,1922,,,,,,,2,NO INDICATION OF INJURY,0,0,0,0,0,2,0,10,4,12,41.941475163,-87.668857729,POINT (-87.66885772938 41.941475162853)
40ac2c4f6ec4cf51122e1f9d0b2c22e7658f42bdcc3aa706117a8100bff05955f67924de29e26275011432c35a2807f0268311f5e61c18764728e3a65ca8124a,JE425642,,10/28/2021 03:50:00 PM,35,NO CONTROLS,NO CONTROLS,RAIN,DAYLIGHT,PEDALCYCLIST,NOT DIVIDED,,STRAIGHT AND LEVEL,WET,NO DEFECTS,ON SCENE,INJURY AND / OR TOW DUE TO CRASH,,,,$500 OR LESS,10/28/2021 03:54:00 PM,UNABLE TO DETERMINE,UNABLE TO DETERMINE,9502,S,BEVERLY AVE,2213,,,,,,,2,NONINCAPACITATING INJURY,1,0,0,1,0,2,0,15,5,10,,,
407f7297d29ec077724e5ccebbe2f02ea778a2f1f046747aa5c2524ee03f0291aeedba4701e9dabfb8458ce9548a7cec8eb080f0f239b4a8eaf4309fc2c9be22,JF272543,,06/08/2022 06:10:00 PM,35,NO CONTROLS,NO CONTROLS,RAIN,DAYLIGHT,PEDALCYCLIST,NOT DIVIDED,,STRAIGHT AND LEVEL,WET,UNKNOWN,ON SCENE,INJURY AND / OR TOW DUE TO CRASH,,,Y,"OVER $1,500",06/08/2022 06:18:00 PM,FOLLOWING TOO CLOSELY,NOT APPLICABLE,572,E,113TH ST,531,,,,,,,2,"REPORTED, NOT EVIDENT",1,0,0,0,1,3,0,18,4,6,41.689277908,-87.608402537,POINT (-87.608402536725 41.689277908443)
421c7b22e0c608a11137fd1f981d04055433374760784f3d40698951a7cedcefdc34a4f41e97fdc05c767622acd60d40a2cc92e919116501fc1d44f236164fd4,JF306829,,07/05/2022 10:01:00 PM,30,TRAFFIC SIGNAL,FUNCTIONING PROPERLY,CLOUDY/OVERCAST,"DARKNESS, LIGHTED ROAD",PEDALCYCLIST,DIVIDED - W/MEDIAN (NOT RAISED),,STRAIGHT AND LEVEL,DRY,NO DEFECTS,ON SCENE,INJURY AND / OR TOW DUE TO CRASH,Y,,,"OVER $1,500",07/05/2022 10:01:00 PM,DISREGARDING TRAFFIC SIGNALS,DISREGARDING OTHER TRAFFIC SIGNS,98,S,MICHIGAN AVE,112,,,,,,,2,INCAPACITATING INJURY,1,0,1,0,0,1,0,22,3,7,41.880890119,-87.624483266,POINT (-87.624483266019 41.88089011864)
42e984b953b558f7863aad535f6f4bca1c2a8fddf98c01c3e5b6f923c5d05cbc21900ae0658d2400689654935f7b5ff4b2bdd5d7d92bb65882fac4983d8de020,JF247126,,05/18/2022 03:45:00 PM,30,NO CONTROLS,NO CONTROLS,CLEAR,DAYLIGHT,PEDALCYCLIST,DIVIDED - W/MEDIAN (NOT RAISED),,STRAIGHT AND LEVEL,DRY,NO DEFECTS,ON SCENE,NO INJURY / DRIVE AWAY,,,,"$501 - $1,500",05/18/2022 04:04:00 PM,UNABLE TO DETERMINE,NOT APPLICABLE,2900,N,CALIFORNIA AVE,1411,,,,,,,2,NO INDICATION OF INJURY,0,0,0,0,0,2,0,15,4,5,41.933959342,-87.697818532,POINT (-87.697818532109 41.9339593425)
3ffd10b23269ca3a99f01c67366ffad5ccc26a45d55e41a4771bb865224764b5ef7edf1d591159fcf24f96fcca3ef6a1bf61a99dddcbc56b602864e3bef01b12,JE447540,,11/16/2021 01:44:00 PM,30,STOP SIGN/FLASHER,FUNCTIONING PROPERLY,CLEAR,DAYLIGHT,PEDALCYCLIST,NOT DIVIDED,,STRAIGHT AND LEVEL,DRY,NO DEFECTS,ON SCENE,INJURY AND / OR TOW DUE TO CRASH,,,Y,$500 OR LESS,11/16/2021 06:59:00 PM,UNABLE TO DETERMINE,UNABLE TO DETERMINE,2800,N,MASON AVE,2514,,,,,,,2,NONINCAPACITATING INJURY,1,0,0,1,0,1,0,13,3,11,41.931244858,-87.774898889,POINT (-87.774898888632 41.93124485826)
4078ef35ce5d8fcd72258c954b3eb230262c0b8425ab9168cbca0bad9b1e2e7033a3f53a593ad1f9aa5eab7f36521dc5b3089b438de708faeae0ba1ac47e120c,JE364887,,09/07/2021 03:20:00 PM,30,STOP SIGN/FLASHER,FUNCTIONING PROPERLY,CLOUDY/OVERCAST,DAYLIGHT,PEDALCYCLIST,DIVIDED - W/MEDIAN (NOT RAISED),,STRAIGHT AND LEVEL,WET,NO DEFECTS,ON SCENE,INJURY AND / OR TOW DUE TO CRASH,Y,,,$500 OR LESS,09/07/2021 03:25:00 PM,FAILING TO YIELD RIGHT-OF-WAY,UNABLE TO DETERMINE,6533,W,FOSTER AVE,1613,,,,,,,2,NONINCAPACITATING INJURY,1,0,0,1,0,2,0,15,3,9,41.975512465,-87.791568566,POINT (-87.791568565583 41.975512464978)
422e137324605d7487bdfcdb2628de6687ff7166346f48d05160df038bdf76a403aa71169519c1412f769871f6087c13930397f5ea3e3ab0a02052bf96cf0757,JF255238,,05/25/2022 03:00:00 PM,30,STOP SIGN/FLASHER,FUNCTIONING PROPERLY,CLEAR,DAYLIGHT,PEDALCYCLIST,FOUR WAY,,STRAIGHT AND LEVEL,DRY,NO DEFECTS,ON SCENE,INJURY AND / OR TOW DUE TO CRASH,Y,,,$500 OR LESS,05/25/2022 03:00:00 PM,UNABLE TO DETERMINE,UNABLE TO DETERMINE,1200,W,BARRY AVE,1933,,,,,,,2,NONINCAPACITATING INJURY,1,0,0,1,0,1,0,15,4,5,41.938124428,-87.659024755,POINT (-87.659024754553 41.938124427936)
41b9124731f8d8989c9a1df4710845b864d29f9e05a99300b21bf6ad5cbb737a7b7a6aa6a9dfaf718051a578edfa5a40291a8d1c3592e5f1b0bb66db6f7feb5e,JF296366,,06/27/2022 05:08:00 PM,30,NO CONTROLS,NO CONTROLS,CLEAR,DAYLIGHT,PEDALCYCLIST,NOT DIVIDED,,STRAIGHT AND LEVEL,DRY,NO DEFECTS,ON SCENE,INJURY AND / OR TOW DUE TO CRASH,,,,$500 OR LESS,06/27/2022 05:10:00 PM,NOT APPLICABLE,UNABLE TO DETERMINE,13108,S,LANGLEY AVE,533,,Y,,,,,2,INCAPACITATING INJURY,1,0,1,0,0,1,0,17,2,6,41.657066295,-87.605280116,POINT (-87.60528011579 41.657066294567)
42eeff0cee6568429a6140e2d958a0b7a5f990f683fcdea1947fe1faf1ac0cf7ad1bfa049ae1a66ef3e4465fc94fb5ca4a9a85b4a3ca1591ea8f5669c4b52635,JE407267,,10/12/2021 02:55:00 PM,30,NO CONTROLS,NO CONTROLS,CLEAR,DAYLIGHT,PEDALCYCLIST,DIVIDED - W/MEDIAN (NOT RAISED),,STRAIGHT AND LEVEL,DRY,NO DEFECTS,ON SCENE,INJURY AND / OR TOW DUE TO CRASH,Y,,,$500 OR LESS,10/12/2021 03:00:00 PM,UNABLE TO DETERMINE,UNABLE TO DETERMINE,818,W,31ST ST,913,,,,,,,2,"REPORTED, NOT EVIDENT",1,0,0,0,1,1,0,14,3,10,41.838149266,-87.646952798,POINT (-87.646952797862 41.83814926615)
41c5239f0c272a281dffcd76dc94d4879b294db840c51955a08c3b7e3e5d509874083ce3cea0370b43c632f546f2285fdcbc626d5a49d334fa571ac6c4f5f4f0,JF226739,,05/01/2022 01:00:00 PM,30,NO CONTROLS,NO CONTROLS,CLEAR,DAYLIGHT,PEDALCYCLIST,NOT DIVIDED,,STRAIGHT AND LEVEL,DRY,NO DEFECTS,NOT ON SCENE (DESK REPORT),INJURY AND / OR TOW DUE TO CRASH,,,Y,$500 OR LESS,05/01/2022 03:56:00 PM,FOLLOWING TOO CLOSELY,FOLLOWING TOO CLOSELY,3005,S,ARCHER AVE,913,,,,,,,2,NONINCAPACITATING INJURY,1,0,0,1,0,1,0,13,1,5,41.83988635,-87.661333633,POINT (-87.661333632681 41.839886349608)
42e48657de833b499ac690e92b1ee3747d0407ac0fd90f805b8220d5568ffea8305eca1b9977e1f2eee750531ef87dcdae5338cf760f082c7f57c42128366fb9,JF296319,,06/20/2022 07:30:00 PM,15,STOP SIGN/FLASHER,NO CONTROLS,CLEAR,DAYLIGHT,PEDALCYCLIST,ONE-WAY,,STRAIGHT AND LEVEL,DRY,NO DEFECTS,NOT ON SCENE (DESK REPORT),NO INJURY / DRIVE AWAY,,,,$500 OR LESS,06/27/2022 04:55:00 PM,FAILING TO YIELD RIGHT-OF-WAY,FAILING TO YIELD RIGHT-OF-WAY,5800,S,CENTRAL AVE,812,,,,,,,2,NO INDICATION OF INJURY,0,0,0,0,0,2,0,19,2,6,41.787156865,-87.762233107,POINT (-87.762233106824 41.787156864919)
40eeaac58aeeffde021974c2dc3ae1bc7f00a1943fe74db1283829855ee6fd999509b42914726fdafaa89f2dc343d8693155d059c2bccedbfc745489f9bd78d5,JF266551,,06/03/2022 04:30:00 PM,30,TRAFFIC SIGNAL,FUNCTIONING PROPERLY,CLEAR,DAYLIGHT,PEDALCYCLIST,NOT DIVIDED,,STRAIGHT AND LEVEL,DRY,NO DEFECTS,ON SCENE,INJURY AND / OR TOW DUE TO CRASH,,,,"OVER $1,500",06/03/2022 04:31:00 PM,"VISION OBSCURED (SIGNS, TREE LIMBS, BUILDINGS, ETC.)",UNABLE TO DETERMINE,2355,W,101ST ST,2213,,,,,,,2,NONINCAPACITATING INJURY,1,0,0,1,0,1,0,16,6,6,41.70990565,-87.68150893,POINT (-87.68150893011 41.709905650181)
41a8c771c807b14131289e62a2452526ae28db70fc57592ed2560bc845e640c0112621ef5ea3082465c18918fbc764d8eb0f396edb04a3d60e6e26c95db8eb91,JE462839,,12/01/2021 06:45:00 PM,30,NO CONTROLS,NO CONTROLS,CLEAR,DARKNESS,PEDALCYCLIST,OTHER,,STRAIGHT AND LEVEL,DRY,NO DEFECTS,NOT ON SCENE (DESK REPORT),INJURY AND / OR TOW DUE TO CRASH,,,Y,"$501 - $1,500",12/01/2021 07:18:00 PM,NOT APPLICABLE,NOT APPLICABLE,4999,S,PULASKI RD,821,,,,,,,2,NONINCAPACITATING INJURY,1,0,0,1,0,1,0,18,4,12,41.802414554,-87.723280661,POINT (-87.723280661338 41.80241455447)
45cc7528ff9d4c44f4c54ce967e77aa0969831cc31bc44687ef960903ca03e6a0e83941f869eb1ee3b8e44f0485af6010a7634882641c6770899d5e3f94f761e,JF269400,,06/06/2022 08:25:00 AM,30,NO CONTROLS,NO CONTROLS,RAIN,DAYLIGHT,PEDALCYCLIST,T-INTERSECTION,,STRAIGHT AND LEVEL,WET,NO DEFECTS,ON SCENE,INJURY AND / OR TOW DUE TO CRASH,Y,,,$500 OR LESS,06/06/2022 08:45:00 AM,UNABLE TO DETERMINE,NOT APPLICABLE,4700,W,BELMONT AVE,1731,,,,,,,2,NONINCAPACITATING INJURY,1,0,0,1,0,1,0,8,2,6,41.938977958,-87.743926445,POINT (-87.743926444547 41.938977958246)
45d397c618433916d5c36798a83a2cc044fa74db5c13f86fa934e1b42464669121098a794c91431260bd859b01da89211c61761c775699165793bc454e73f266,JE404206,,10/06/2021 06:00:00 PM,30,TRAFFIC SIGNAL,FUNCTIONING PROPERLY,CLEAR,DAYLIGHT,PEDALCYCLIST,NOT DIVIDED,,STRAIGHT AND LEVEL,DRY,NO DEFECTS,NOT ON SCENE (DESK REPORT),INJURY AND / OR TOW DUE TO CRASH,,,Y,"OVER $1,500",10/09/2021 05:00:00 PM,UNABLE TO DETERMINE,UNABLE TO DETERMINE,99,N,HAMLIN BLVD,1122,,,,,,,2,INCAPACITATING INJURY,1,0,1,0,0,1,0,18,4,10,41.881844012,-87.720671648,POINT (-87.720671648306 41.881844011542)