CRASH_RECORD_ID,RD_NO,CRASH_DATE_EST_I,CRASH_DATE,POSTED_SPEED_LIMIT,TRAFFIC_CONTROL_DEVICE,DEVICE_CONDITION,WEATHER_CONDITION,LIGHTING_CONDITION,FIRST_CRASH_TYPE,TRAFFICWAY_TYPE,LANE_CNT,ALIGNMENT,ROADWAY_SURFACE_COND,ROAD_DEFECT,REPORT_TYPE,CRASH_TYPE,INTERSECTION_RELATED_I,NOT_RIGHT_OF_WAY_I,HIT_AND_RUN_I,DAMAGE,DATE_POLICE_NOTIFIED,PRIM_CONTRIBUTORY_CAUSE,SEC_CONTRIBUTORY_CAUSE,STREET_NO,STREET_DIRECTION,STREET_NAME,BEAT_OF_OCCURRENCE,PHOTOS_TAKEN_I,STATEMENTS_TAKEN_I,DOORING_I,WORK_ZONE_I,WORK_ZONE_TYPE,WORKERS_PRESENT_I,NUM_UNITS,MOST_SEVERE_INJURY,INJURIES_TOTAL,INJURIES_FATAL,INJURIES_INCAPACITATING,INJURIES_NON_INCAPACITATING,INJURIES_REPORTED_NOT_EVIDENT,INJURIES_NO_INDICATION,INJURIES_UNKNOWN,CRASH_HOUR,CRASH_DAY_OF_WEEK,CRASH_MONTH,LATITUDE,LONGITUDE,LOCATION
4603435fbb4ef5d45c0d805c3e9aa5558a311a140a737e37aa56d4f70ea0161f8f2e187270d33f36070c6a1b0f0c26401d0f0ad8b3f9dae797f8041f754d6297,JE494049,,12/31/2021 01:46:00 PM,30,NO CONTROLS,NO CONTROLS,RAIN,DAYLIGHT,PEDALCYCLIST,DIVIDED - W/MEDIAN BARRIER,,STRAIGHT AND LEVEL,WET,NO DEFECTS,NOT ON SCENE (DESK REPORT),INJURY AND / OR TOW DUE TO CRASH,,,,$500 OR LESS,12/31/2021 03:13:00 PM,UNABLE TO DETERMINE,UNABLE TO DETERMINE,1910,E,71ST ST,332,,,,,,,2,NONINCAPACITATING INJURY,1,0,0,1,0,2,0,13,6,12,41.766335622,-87.578269718,POINT (-87.578269718478 41.766335621716)
43eb6c35d2212865d4f3e71ee496bb920639df1be68691746249fa227d9237e997dc56b8a795eaf1da11ef62680f70e37532263ef671cf3aaf00e46a704e65b7,JF315083,,07/12/2022 04:20:00 PM,30,NO CONTROLS,NO CONTROLS,CLEAR,DAYLIGHT,PEDALCYCLIST,ONE-WAY,,STRAIGHT AND LEVEL,DRY,NO DEFECTS,ON SCENE,INJURY AND / OR TOW DUE TO CRASH,,,,"$501 - $1,500",07/12/2022 04:22:00 PM,FAILING TO YIELD RIGHT-OF-WAY,UNABLE TO DETERMINE,2306,S,KILDARE AVE,1013,,,,,,,2,NONINCAPACITATING INJURY,1,0,0,1,0,1,0,16,3,7,41.849325756,-87.731334128,POINT (-87.731334128361 41.849325756285)
456db10276427099d2b8516ba11fd9fff9b5663b5f81592ec4bbbd87460d49e67a3a5b025b46113b93147b49f41a64d10f457e3053eb431d18cd0996cfbce93b,JF152649,,02/22/2022 03:24:00 PM,30,NO CONTROLS,NO CONTROLS,RAIN,DAYLIGHT,PEDALCYCLIST,NOT DIVIDED,,STRAIGHT AND LEVEL,WET,UNKNOWN,ON SCENE,NO INJURY / DRIVE AWAY,,,Y,$500 OR LESS,02/22/2022 03:29:00 PM,UNABLE TO DETERMINE,NOT APPLICABLE,5900,N,PULASKI RD,1711,,,,,,,2,NO INDICATION OF INJURY,0,0,0,0,0,2,0,15,3,2,41.988487286,-87.728727774,POINT (-87.728727773664 41.988487285515)
45eec3af7c02d5863f34b115b231e02199766eecbeae8870c989ff6b4a44c84a30e20859099ba1733af8993179753d76e7d14500d8d583cbb3918b821e7cc271,JF207673,,04/14/2022 12:11:00 PM,25,NO CONTROLS,NO CONTROLS,CLEAR,DAYLIGHT,PEDALCYCLIST,ONE-WAY,,STRAIGHT AND LEVEL,DRY,UNKNOWN,ON SCENE,NO INJURY / DRIVE AWAY,,,N,"OVER $1,500",04/14/2022 12:41:00 PM,UNABLE TO DETERMINE,NOT APPLICABLE,1129,E,59TH ST,235,,,,,,,2,NO INDICATION OF INJURY,0,0,0,0,0,2,0,12,5,4,41.787670224,-87.598394884,POINT (-87.598394884217 41.78767022355)
45037d0e82744390b839ec62270a752643766e78cfeae8dbf09dfd8d9acff1031621ff3e16dafcb863e3224fcca3e4ec0ac8bee01b6a4031f156dce7c088d7e9,JE468047,,11/28/2021 03:00:00 PM,30,STOP SIGN/FLASHER,FUNCTIONING PROPERLY,CLEAR,DAYLIGHT,PEDALCYCLIST,NOT DIVIDED,,STRAIGHT AND LEVEL,DRY,OTHER,NOT ON SCENE (DESK REPORT),NO INJURY / DRIVE AWAY,,,,"OVER $1,500",12/06/2021 02:56:00 PM,DISREGARDING STOP SIGN,DRIVING SKILLS/KNOWLEDGE/EXPERIENCE,4200,W,MARQUETTE RD,833,,,,,,,2,NO INDICATION OF INJURY,0,0,0,0,0,2,0,15,1,11,41.771425802,-87.727515881,POINT (-87.727515880858 41.771425801915)
454230781bdc9e04399c01f67ce79eaefc033d1331533e3de42660eaa4754428ea3e47b093ca3fb358623f4323587e91a157fb8133d57cf2d6c92d5eb40861e8,JE382449,,09/21/2021 05:58:00 PM,30,TRAFFIC SIGNAL,FUNCTIONING PROPERLY,CLEAR,DUSK,PEDALCYCLIST,CENTER TURN LANE,,STRAIGHT AND LEVEL,DRY,NO DEFECTS,ON SCENE,NO INJURY / DRIVE AWAY,Y,,Y,$500 OR LESS,09/21/2021 06:12:00 PM,FAILING TO YIELD RIGHT-OF-WAY,UNABLE TO DETERMINE,7159,W,BELMONT AVE,2511,,,,,,,2,NO INDICATION OF INJURY,0,0,0,0,0,2,0,17,3,9,41.93788913,-87.806497619,POINT (-87.806497618671 41.937889129814)
451e8e7f5dfbff059f7d7d0f5d08bbddf2462b4addda13b1bda836a3d16073f0eca621c7033d361a66ff2887061763d6d88e24e115e648e1cc26bd0d2624b7f5,JE473720,,12/11/2021 11:10:00 AM,30,NO CONTROLS,NO CONTROLS,CLEAR,DAYLIGHT,PEDALCYCLIST,DIVIDED - W/MEDIAN (NOT RAISED),,STRAIGHT AND LEVEL,WET,NO DEFECTS,ON SCENE,NO INJURY / DRIVE AWAY,,,,$500 OR LESS,12/11/2021 11:12:00 AM,IMPROPER LANE USAGE,DISREGARDING ROAD MARKINGS,4647,W,AUGUSTA BLVD,1111,,,,,,,2,NO INDICATION OF INJURY,0,0,0,0,0,2,0,11,7,12,41.898636548,-87.743191741,POINT (-87.743191740593 41.898636547929)
464d9c7c8674e13aa4280cc09d98358f96ac763534e642cb96a45e09c3e3fd64491e3111f22106326c4363a42fb43118b0625b611c6702f287c124dc849b0aad,JE358330,,09/01/2021 06:20:00 PM,15,STOP SIGN/FLASHER,NO CONTROLS,CLEAR,DAYLIGHT,PEDALCYCLIST,FOUR WAY,,STRAIGHT AND LEVEL,DRY,NO DEFECTS,NOT ON SCENE (DESK REPORT),NO INJURY / DRIVE AWAY,,,Y,$500 OR LESS,09/01/2021 07:30:00 PM,UNABLE TO DETERMINE,NOT APPLICABLE,900,W,VAN BUREN ST,1232,,,,,,,2,NO INDICATION OF INJURY,0,0,0,0,0,2,0,18,4,9,41.876746267,-87.64959909,POINT (-87.649599090325 41.876746266818)
4518e4edb50572397ea1f84c48c1b7290d32768929793421893a5e7c56984dd38816f44f0dfc3d8b4742f7381f23ef6a3a125497524cc957d27559472313ae2b,JF277989,,06/13/2022 12:54:00 PM,30,STOP SIGN/FLASHER,FUNCTIONING PROPERLY,CLEAR,DAYLIGHT,PEDALCYCLIST,TRAFFIC ROUTE,,STRAIGHT AND LEVEL,DRY,NO DEFECTS,ON SCENE,INJURY AND / OR TOW DUE TO CRASH,Y,,,$500 OR LESS,06/13/2022 12:54:00 PM,"VISION OBSCURED (SIGNS, TREE LIMBS, BUILDINGS, ETC.)",UNABLE TO DETERMINE,4800,N,BERNARD ST,1712,,,,,,,2,NONINCAPACITATING INJURY,1,0,0,1,0,2,0,12,2,6,41.968477061,-87.714737483,POINT (-87.714737482696 41.968477060964)
442028306d52515252d35e99a0af3c24922e865cb13f6f3ffabd01443c0340a0591093717d341d6c7ab6ff0a4af1aba4f05c0a2ab2adc5c2ed9eea965ea6ca9c,JE462153,,12/01/2021 09:10:00 AM,30,TRAFFIC SIGNAL,FUNCTIONING PROPERLY,RAIN,DAYLIGHT,PEDALCYCLIST,DIVIDED - W/MEDIAN (NOT RAISED),,STRAIGHT AND LEVEL,WET,NO DEFECTS,ON SCENE,INJURY AND / OR TOW DUE TO CRASH,Y,,,"OVER $1,500",12/01/2021 09:10:00 AM,DISREGARDING TRAFFIC SIGNALS,NOT APPLICABLE,500,W,ROOSEVELT RD,124,,,,,,,2,NONINCAPACITATING INJURY,1,0,0,1,0,1,0,9,4,12,41.867362693,-87.639293195,POINT (-87.639293194642 41.867362692617)
454aa6c9578cae077c4330acb2db6f1883d01d6c23d23e9d1ac6928972f76266c98371bbe7dc82d7d7258f3c7fab8d601f0258c71e2fdce16aab47d4e91b8fb2,JE392089,,09/28/2021 08:45:00 PM,30,NO CONTROLS,NO CONTROLS,CLEAR,"DARKNESS, LIGHTED ROAD",PEDALCYCLIST,NOT DIVIDED,,STRAIGHT AND LEVEL,DRY,NO DEFECTS,NOT ON SCENE (DESK REPORT),INJURY AND / OR TOW DUE TO CRASH,,,,$500 OR LESS,09/29/2021 07:35:00 PM,FAILING TO YIELD RIGHT-OF-WAY,NOT APPLICABLE,1301,N,HALSTED ST,1822,,,Y,,,,2,NONINCAPACITATING INJURY,1,0,0,1,0,1,0,20,3,9,41.90516365,-87.647975873,POINT (-87.647975872994 41.905163649974)
44e2e2a6458e7509811a0bc876a0bd099603cef06c6c641f6b7997e369f602e859a3528a8183458899da442b0cb6f6788e9c5d8096e8eff5fe506d807cd20d0d,JF265939,,06/03/2022 09:14:00 AM,30,TRAFFIC SIGNAL,FUNCTIONING PROPERLY,CLEAR,DAYLIGHT,PEDALCYCLIST,NOT DIVIDED,,STRAIGHT AND LEVEL,DRY,NO DEFECTS,ON SCENE,INJURY AND / OR TOW DUE TO CRASH,Y,,,$500 OR LESS,06/03/2022 09:14:00 AM,FAILING TO YIELD RIGHT-OF-WAY,UNABLE TO DETERMINE,1200,E,47TH ST,222,,,,,,,2,NONINCAPACITATING INJURY,1,0,0,1,0,1,0,9,6,6,41.809752145,-87.596747276,POINT (-87.596747276481 41.809752144966)
43e2854d744e2d40f88dd80f934725486c3954616be9ab49b63c922ae842f998de31f71a5d998ee967d1da15b01a5dd4e9b9de73075ed7004915ced76f6d00d5,JE381065,,09/20/2021 04:42:00 PM,30,NO CONTROLS,NO CONTROLS,CLEAR,DAYLIGHT,PEDALCYCLIST,DIVIDED - W/MEDIAN (NOT RAISED),,STRAIGHT AND LEVEL,DRY,UNKNOWN,ON SCENE,INJURY AND / OR TOW DUE TO CRASH,,,,$500 OR LESS,09/20/2021 04:50:00 PM,FAILING TO YIELD RIGHT-OF-WAY,NOT APPLICABLE,369,W,GRAND AVE,1831,,,,,,,2,NONINCAPACITATING INJURY,1,0,0,1,0,1,0,16,2,9,41.891419311,-87.638221329,POINT (-87.638221329263 41.89141931063)
45ab5b8120f190e310331c275f06fd39097c8b4c52e497576a02d3174862fcfbb970e6e25fc81ba1d5b9b35183b8cfbef041b9283588b0dda3bf7fd1e06cb097,JE487744,Y,12/23/2021 10:40:00 AM,25,STOP SIGN/FLASHER,FUNCTIONING PROPERLY,CLEAR,DAYLIGHT,PEDALCYCLIST,ONE-WAY,,STRAIGHT AND LEVEL,DRY,NO DEFECTS,NOT ON SCENE (DESK REPORT),INJURY AND / OR TOW DUE TO CRASH,Y,,Y,$500 OR LESS,12/24/2021 12:00:00 PM,UNABLE TO DETERMINE,UNABLE TO DETERMINE,1516,W,CATALPA AVE,2012,,,,,,,2,NONINCAPACITATING INJURY,1,0,0,1,0,1,0,10,5,12,41.981767811,-87.669187152,POINT (-87.669187152409 41.9817678111)
458a4f9d217c02791429c7d951b0bc4bdb6f6e3859faa67024c86e1608970d03db58439aeb321a81970f26eea186f095806156cd47df83e625a63a9ddbf6f52a,JE421926,,10/25/2021 01:40:00 PM,35,TRAFFIC SIGNAL,FUNCTIONING PROPERLY,RAIN,DAYLIGHT,PEDALCYCLIST,NOT DIVIDED,,STRAIGHT AND LEVEL,WET,NO DEFECTS,ON SCENE,INJURY AND / OR TOW DUE TO CRASH,,,,"$501 - $1,500",10/25/2021 02:00:00 PM,FAILING TO YIELD RIGHT-OF-WAY,NOT APPLICABLE,5200,W,CHICAGO AVE,1524,,,N,,,,2,NONINCAPACITATING INJURY,1,0,0,1,0,1,0,13,2,10,41.895044142,-87.755665329,POINT (-87.755665329048 41.895044142418)
49591a1cae737eea5bf68b847b436d7be008fd214f77735848938c7ac0b70a5df000ea6809f39553ba2187a1d89752dfdf65555c8d269b3a00bf33651df5013d,JF297646,,06/28/2022 05:25:00 PM,25,NO CONTROLS,NO CONTROLS,CLEAR,DAYLIGHT,PEDALCYCLIST,NOT DIVIDED,,STRAIGHT AND LEVEL,DRY,NO DEFECTS,ON SCENE,INJURY AND / OR TOW DUE TO CRASH,,,,"$501 - $1,500",06/28/2022 05:36:00 PM,IMPROPER OVERTAKING/PASSING,FOLLOWING TOO CLOSELY,5021,N,CLARK ST,2033,,,,,,,2,NONINCAPACITATING INJURY,1,0,0,1,0,1,0,17,3,6,41.973207044,-87.667898735,POINT (-87.667898735233 41.973207044233)
491532c3f0841e4014c1867ad5a73cc6296bace66e0ef845cdd12c0019afa43340b5319e042e73813e01ddce28ee2705a088eaf24a26de8cc607d5de0f126c76,JE360641,,09/03/2021 06:36:00 PM,30,TRAFFIC SIGNAL,FUNCTIONING PROPERLY,CLEAR,DAYLIGHT,PEDALCYCLIST,NOT DIVIDED,,STRAIGHT AND LEVEL,DRY,NO DEFECTS,ON SCENE,INJURY AND / OR TOW DUE TO CRASH,Y,,Y,"OVER $1,500",09/03/2021 06:38:00 PM,UNABLE TO DETERMINE,NOT APPLICABLE,6100,S,ASHLAND AVE,714,,,,,,,2,NONINCAPACITATING INJURY,1,0,0,1,0,1,0,18,6,9,41.783017612,-87.664454012,POINT (-87.664454012253 41.783017611514)
47868593375b02fd3ed8566765f66f2e6269c3acfb699be635e8f8ef806581cf6b6f773d379b0fca9bc36f1c78e81faaa0e4d71be1378478342afde6c72889f7,JF214879,,04/21/2022 01:50:00 PM,30,STOP SIGN/FLASHER,FUNCTIONING PROPERLY,CLEAR,DAYLIGHT,PEDALCYCLIST,NOT DIVIDED,,STRAIGHT AND LEVEL,DRY,NO DEFECTS,ON SCENE,INJURY AND / OR TOW DUE TO CRASH,,,,"$501 - $1,500",04/21/2022 02:05:00 PM,IMPROPER LANE USAGE,UNABLE TO DETERMINE,1576,N,MILWAUKEE AVE,1424,,,,,,,2,NONINCAPACITATING INJURY,1,0,0,1,0,2,0,13,5,4,41.910059843,-87.677191234,POINT (-87.677191234211 41.91005984346)
475d3e12f4c13cb1337783550dddff19a18e84553e62741ec338fb81a38d72135c350807feb3334aec3ece69436ba7b6d8bde4a8424c738e8d2f4fce70732b3d,JF168399,,03/09/2022 03:52:00 PM,25,NO CONTROLS,NO CONTROLS,CLEAR,DAYLIGHT,PEDALCYCLIST,NOT DIVIDED,,STRAIGHT AND LEVEL,DRY,UNKNOWN,ON SCENE,INJURY AND / OR TOW DUE TO CRASH,Y,,,"OVER $1,500",03/09/2022 03:55:00 PM,IMPROPER OVERTAKING/PASSING,NOT APPLICABLE,2500,N,CENTRAL AVE,2515,,,,,,,2,NONINCAPACITATING INJURY,1,0,0,1,0,1,0,15,4,3,41.92589288,-87.766204826,POINT (-87.766204825838 41.925892880213)
487566ac03f43d6f7e896d6b2a25878757df338bf8b4ac95c4d6012af1fe537e380f3a1981508078ca833981825ccbbbd0a5b66138800dbbafb62fb0bb43e6c4,JE385757,,09/24/2021 02:18:00 PM,30,UNKNOWN,UNKNOWN,UNKNOWN,UNKNOWN,PEDALCYCLIST,NOT DIVIDED,,STRAIGHT AND LEVEL,UNKNOWN,UNKNOWN,ON SCENE,INJURY AND / OR TOW DUE TO CRASH,,,Y,$500 OR LESS,09/24/2021 02:43:00 PM,UNABLE TO DETERMINE,UNABLE TO DETERMINE,1229,S,WABASH AVE,131,,,,,,,2,NONINCAPACITATING INJURY,1,0,0,1,0,3,0,14,6,9,41.866623958,-87.625665387,POINT (-87.625665386901 41.866623957862)
499577f0e6f5e741352e3f1d66f0d99f3ac7592e1a90dc0aed63b19b0a5a8988c7ac3e75cee58021e8155dce1d15e4cd50a477c9ccf630723be19a02ad02ba48,JF264080,,06/01/2022 02:45:00 PM,30,TRAFFIC SIGNAL,FUNCTIONING PROPERLY,CLEAR,DAYLIGHT,PEDALCYCLIST,NOT DIVIDED,,STRAIGHT AND LEVEL,UNKNOWN,UNKNOWN,ON SCENE,INJURY AND / OR TOW DUE TO CRASH,,,Y,"OVER $1,500",06/01/2022 06:56:00 PM,FAILING TO YIELD RIGHT-OF-WAY,NOT APPLICABLE,2400,N,STOCKTON DR,1935,,,,,,,2,NONINCAPACITATING INJURY,1,0,0,1,0,1,0,14,4,6,41.925794677,-87.636270269,POINT (-87.636270269466 41.925794676811)
4846fdcb229539ea48fd151e2a645ce18ffe41a6e71fc5886b9755cfbad0282bf287853e62d61d5ee23447e362fe13396373fb3cc05b431a2b6b91579dc5737e,JE400882,,10/05/2021 03:00:00 PM,30,YIELD,NO CONTROLS,CLEAR,DAYLIGHT,PEDALCYCLIST,NOT DIVIDED,,STRAIGHT AND LEVEL,DRY,NO DEFECTS,NOT ON SCENE (DESK REPORT),NO INJURY / DRIVE AWAY,,,,$500 OR LESS,10/07/2021 12:30:00 AM,FAILING TO YIELD RIGHT-OF-WAY,UNABLE TO DETERMINE,320,N,DEARBORN ST,1831,,,,,,,2,NO INDICATION OF INJURY,0,0,0,0,0,2,0,15,3,10,41.888070378,-87.629692257,POINT (-87.629692256722 41.888070377638)
48daeed818d39928659abe65dd626ac79fdc0982e37ae5b0d3f72666595fdfc2db1edbd87cea4a24cea9312612786b9c33573fc1230f12c31c5a3fbf51c74a84,JF266480,,06/03/2022 03:20:00 PM,30,UNKNOWN,UNKNOWN,CLEAR,DAYLIGHT,PEDALCYCLIST,NOT DIVIDED,,STRAIGHT AND LEVEL,UNKNOWN,UNKNOWN,NOT ON SCENE (DESK REPORT),NO INJURY / DRIVE AWAY,,,,"$501 - $1,500",06/03/2022 04:20:00 PM,UNABLE TO DETERMINE,UNABLE TO DETERMINE,36,W,ELM ST,1824,,,,,,,2,NO INDICATION OF INJURY,0,0,0,0,0,2,0,15,6,6,41.903265137,-87.629899123,POINT (-87.629899122869 41.903265136802)
49d36479f1b84cb953f0cffdf8fd4f0c3096976e836d2c1316290d3c3d217c1ee1fbf556097b88dcfa78e9dc08ecec6f7999e47826227b885182459112fcc286,JE475296,,12/12/2021 03:55:00 PM,30,TRAFFIC SIGNAL,FUNCTIONING PROPERLY,CLEAR,DAYLIGHT,PEDALCYCLIST,NOT DIVIDED,,STRAIGHT AND LEVEL,DRY,NO DEFECTS,NOT ON SCENE (DESK REPORT),INJURY AND / OR TOW DUE TO CRASH,Y,,Y,"$501 - $1,500",12/12/2021 07:10:00 PM,FAILING TO YIELD RIGHT-OF-WAY,FAILING TO YIELD RIGHT-OF-WAY,1800,S,STATE ST,131,,,,,,,2,"REPORTED, NOT EVIDENT",1,0,0,0,1,1,0,15,1,12,41.857744853,-87.627341378,POINT (-87.627341378293 41.857744853451)
487a30032c4b1899871a5ffcf3b05737d5293dad97de3b951218233b6eea50467c54345bd260cd1b8cd862e030d76a6720e6cb7b838e4b060d848e316ee7472e,JF234999,,05/08/2022 11:15:00 PM,30,TRAFFIC SIGNAL,FUNCTIONING PROPERLY,CLEAR,"DARKNESS, LIGHTED ROAD",PEDALCYCLIST,NOT DIVIDED,,STRAIGHT AND LEVEL,DRY,NO DEFECTS,ON SCENE,INJURY AND / OR TOW DUE TO CRASH,Y,,,$500 OR LESS,05/08/2022 11:16:00 PM,DISREGARDING TRAFFIC SIGNALS,UNABLE TO DETERMINE,2000,W,WASHINGTON BLVD,1223,,,,,,,2,"REPORTED, NOT EVIDENT",1,0,0,0,1,2,0,23,1,5,41.883254928,-87.676815166,POINT (-87.676815165876 41.883254927762)
49c4a3e147876869eebb0352d0aa38e388202ec9be8553318ede1e00629e6676154172a738b8a2c1eeb7b49b07b70e63b8c51a94084eedf81e3f992a60819c14,JF237133,,05/10/2022 03:16:00 PM,30,TRAFFIC SIGNAL,FUNCTIONING PROPERLY,CLEAR,DAYLIGHT,PEDALCYCLIST,FOUR WAY,,STRAIGHT AND LEVEL,DRY,NO DEFECTS,ON SCENE,INJURY AND / OR TOW DUE TO CRASH,Y,,,"OVER $1,500",05/10/2022 03:16:00 PM,IMPROPER TURNING/NO SIGNAL,FAILING TO YIELD RIGHT-OF-WAY,4599,N,LINCOLN AVE,1911,,,,,,,2,NONINCAPACITATING INJURY,1,0,0,1,0,1,0,15,3,5,41.964870991,-87.685932995,POINT (-87.685932995295 41.964870991382)
49578bd70ae13601e9bae597395ebb1802e94d070a81ee054e8d6f940377379516a0247b6906679a5ea8af098d1c568871b59abd9fc9517bc17365bca6489a13,JE415612,,10/19/2021 07:20:00 PM,30,STOP SIGN/FLASHER,FUNCTIONING PROPERLY,CLEAR,DARKNESS,PEDALCYCLIST,FOUR WAY,,STRAIGHT AND LEVEL,DRY,OTHER,ON SCENE,INJURY AND / OR TOW DUE TO CRASH,Y,,Y,"OVER $1,500",10/19/2021 07:32:00 PM,UNABLE TO DETERMINE,NOT APPLICABLE,3800,W,CORTLAND ST,2535,,,,,,,2,NONINCAPACITATING INJURY,1,0,0,1,0,1,0,19,3,10,41.915510871,-87.72167816,POINT (-87.721678160356 41.915510870864)
4a25efcb9289cab9d5b7c73265fd4b7cf6292f6f8549190a9e73e53004cb23650d0381a54a7f48ab199576a17e5e70bedbe4418090381449c34130e66c4433a2,JE436494,,11/06/2021 09:25:00 PM,30,NO CONTROLS,NO CONTROLS,CLEAR,"DARKNESS, LIGHTED ROAD",PEDALCYCLIST,NOT DIVIDED,,STRAIGHT AND LEVEL,DRY,NO DEFECTS,ON SCENE,INJURY AND / OR TOW DUE TO CRASH,,,Y,"OVER $1,500",11/06/2021 09:35:00 PM,FOLLOWING TOO CLOSELY,NOT APPLICABLE,1128,W,DIVERSEY PKWY,1933,,,,,,,2,"REPORTED, NOT EVIDENT",1,0,0,0,1,2,0,21,7,11,41.932694853,-87.657063894,POINT (-87.657063894355 41.932694853128)
4ae422417ac7628bbcbee866073ed1041a3a7137d58d09b6e79afb032e92affce1355e6bffb7a486a5bf37e2451f44be95e1f24dba9e45d728504d27bd2717e2,JF284853,,06/18/2022 03:48:00 PM,35,NO CONTROLS,NO CONTROLS,CLEAR,DAYLIGHT,PEDALCYCLIST,NOT DIVIDED,,STRAIGHT AND LEVEL,DRY,NO DEFECTS,ON SCENE,INJURY AND / OR TOW DUE TO CRASH,,,Y,$500 OR LESS,06/18/2022 03:48:00 PM,"OPERATING VEHICLE IN ERRATIC, RECKLESS, CARELESS, NEGLIGENT OR AGGRESSIVE MANNER",FAILING TO YIELD RIGHT-OF-WAY,2859,W,LUIS MUNOZ MARIN DR N,1423,,N,,,,,2,"REPORTED, NOT EVIDENT",1,0,0,0,1,1,0,15,7,6,41.909524168,-87.699251388,POINT (-87.69925138788 41.909524167619)
4c453394875f44e0dbc1cf0c4f5f13e0c0b9b224c8bea59d173018a9c56269408614e9773672d3681aa815a18b8238579381df9eebb3ffdd5dc838516612da42,JF332881,,07/26/2022 04:10:00 PM,30,NO CONTROLS,NO CONTROLS,CLEAR,DAYLIGHT,PEDALCYCLIST,ONE-WAY,,STRAIGHT AND LEVEL,DRY,NO DEFECTS,NOT ON SCENE (DESK REPORT),INJURY AND / OR TOW DUE TO CRASH,,,,"OVER $1,500",07/26/2022 08:15:00 PM,FAILING TO YIELD RIGHT-OF-WAY,FAILING TO YIELD RIGHT-OF-WAY,78,E,RANDOLPH ST,111,,,,,,,2,NONINCAPACITATING INJURY,1,0,0,1,0,1,0,16,3,7,41.884608868,-87.625084038,POINT (-87.625084038202 41.884608868339)
4ad998d7cc4a879a1c1d622bb5bbade8aa2d304019ce0a46f06a503223e3cf4ac3c184b02703f55ee8f5a495eedb10ad8a9ceac1afb28b055f70cfd1a34bc361,JF274713,,06/10/2022 03:45:00 PM,30,NO CONTROLS,NO CONTROLS,CLEAR,DAYLIGHT,PEDALCYCLIST,NOT DIVIDED,,STRAIGHT AND LEVEL,DRY,NO DEFECTS,ON SCENE,INJURY AND / OR TOW DUE TO CRASH,,,,"$501 - $1,500",06/10/2022 03:47:00 PM,IMPROPER TURNING/NO SIGNAL,NOT APPLICABLE,6343,N,MILWAUKEE AVE,1611,,,,,,,2,NONINCAPACITATING INJURY,1,0,0,1,0,1,0,15,6,6,41.996155454,-87.786570201,POINT (-87.786570201215 41.996155453725)
4ca0233373fd49447e043042f90ee4f835fec84048581dfc27a5851600211c63ae8f322e8be1757970c2bdac2c7298a2534043f6ab9ad27445e10667344a02ee,JE377209,,09/17/2021 02:15:00 PM,30,TRAFFIC SIGNAL,FUNCTIONING PROPERLY,CLEAR,DAYLIGHT,PEDALCYCLIST,T-INTERSECTION,,STRAIGHT AND LEVEL,DRY,NO DEFECTS,ON SCENE,INJURY AND / OR TOW DUE TO CRASH,,,,$500 OR LESS,09/17/2021 02:21:00 PM,DISREGARDING TRAFFIC SIGNALS,NOT APPLICABLE,9700,S,DR MARTIN LUTHER KING JR DR,511,,,N,,,,2,NONINCAPACITATING INJURY,1,0,0,1,0,2,0,14,6,9,41.718155159,-87.614194881,POINT (-87.614194881297 41.718155159257)
4b458e2f8a2cd19ddce3ace699d2c3f072ef4858250fc7707558a6ea00b0c3bb00bb5c3ccc1ea864d4b7854a1d0c85bb0330fbc6abea83b5775ddbee881e2230,JE366201,,09/08/2021 02:27:00 PM,30,NO CONTROLS,NO CONTROLS,CLEAR,DAYLIGHT,PEDALCYCLIST,NOT DIVIDED,,STRAIGHT AND LEVEL,DRY,NO DEFECTS,NOT ON SCENE (DESK REPORT),NO INJURY / DRIVE AWAY,N,,,"OVER $1,500",09/08/2021 04:20:00 PM,DRIVING SKILLS/KNOWLEDGE/EXPERIENCE,NOT APPLICABLE,1352,N,MILWAUKEE AVE,1424,,,,,,,2,NO INDICATION OF INJURY,0,0,0,0,0,1,0,14,4,9,41.906324725,-87.67135108,POINT (-87.671351080033 41.906324725202)
4a10fd6b02382ac22b7d553b2bcc63e80349a27eba6ec1a3cd37a9ce1f34bd0348fa30866f3c8447d21fca2168b6867e8f285c4c177daea6cf80cb0ace9a6e49,JF266892,,06/03/2022 09:10:00 PM,30,NO CONTROLS,NO CONTROLS,CLEAR,DARKNESS,PEDALCYCLIST,DIVIDED - W/MEDIAN (NOT RAISED),,STRAIGHT AND LEVEL,DRY,NO DEFECTS,ON SCENE,INJURY AND / OR TOW DUE TO CRASH,,,,"OVER $1,500",06/03/2022 09:18:00 PM,"OPERATING VEHICLE IN ERRATIC, RECKLESS, CARELESS, NEGLIGENT OR AGGRESSIVE MANNER",NOT APPLICABLE,2141,N,WESTERN AVE,1432,,,,,,,2,INCAPACITATING INJURY,1,0,1,0,0,1,0,21,6,6,41.921046602,-87.687375454,POINT (-87.687375454235 41.921046601748)