CRASH_RECORD_ID,RD_NO,CRASH_DATE_EST_I,CRASH_DATE,POSTED_SPEED_LIMIT,TRAFFIC_CONTROL_DEVICE,DEVICE_CONDITION,WEATHER_CONDITION,LIGHTING_CONDITION,FIRST_CRASH_TYPE,TRAFFICWAY_TYPE,LANE_CNT,ALIGNMENT,ROADWAY_SURFACE_COND,ROAD_DEFECT,REPORT_TYPE,CRASH_TYPE,INTERSECTION_RELATED_I,NOT_RIGHT_OF_WAY_I,HIT_AND_RUN_I,DAMAGE,DATE_POLICE_NOTIFIED,PRIM_CONTRIBUTORY_CAUSE,SEC_CONTRIBUTORY_CAUSE,STREET_NO,STREET_DIRECTION,STREET_NAME,BEAT_OF_OCCURRENCE,PHOTOS_TAKEN_I,STATEMENTS_TAKEN_I,DOORING_I,WORK_ZONE_I,WORK_ZONE_TYPE,WORKERS_PRESENT_I,NUM_UNITS,MOST_SEVERE_INJURY,INJURIES_TOTAL,INJURIES_FATAL,INJURIES_INCAPACITATING,INJURIES_NON_INCAPACITATING,INJURIES_REPORTED_NOT_EVIDENT,INJURIES_NO_INDICATION,INJURIES_UNKNOWN,CRASH_HOUR,CRASH_DAY_OF_WEEK,CRASH_MONTH,LATITUDE,LONGITUDE,LOCATION
4c19ef0664bcbae4274ba26893d970d53b7b5154fbd77429d654804a2a3cb057101c9883d450fe72bf3cf2664600c58033233fc9e5cbfde4f20b9b8242bb08a9,JF287114,,06/20/2022 12:31:00 PM,25,STOP SIGN/FLASHER,FUNCTIONING PROPERLY,CLEAR,DAYLIGHT,PEDALCYCLIST,FOUR WAY,,STRAIGHT ON GRADE,DRY,NO DEFECTS,,INJURY AND / OR TOW DUE TO CRASH,Y,,Y,$500 OR LESS,06/20/2022 12:31:00 PM,FAILING TO YIELD RIGHT-OF-WAY,NOT APPLICABLE,6200,N,HOYNE AVE,2413,,,,,,,2,"REPORTED, NOT EVIDENT",1,0,0,0,1,1,0,12,2,6,41.994312035,-87.682539124,POINT (-87.682539124168 41.994312035434)
4c83ad1865afa4a3b879a9ec4f8c50e151c5bd2523c5d80f538ddeec9d2b3c77a2db03e6d546aacb0510a182550230fc84145c7287d3b7a5957dd94ad56da080,JE362621,,09/05/2021 03:10:00 PM,30,NO CONTROLS,NO CONTROLS,CLEAR,DAYLIGHT,PEDALCYCLIST,NOT DIVIDED,,STRAIGHT AND LEVEL,DRY,NO DEFECTS,ON SCENE,INJURY AND / OR TOW DUE TO CRASH,,,Y,$500 OR LESS,09/05/2021 03:11:00 PM,FAILING TO YIELD RIGHT-OF-WAY,NOT APPLICABLE,1934,N,KOSTNER AVE,2533,,,,,,,2,"REPORTED, NOT EVIDENT",1,0,0,0,1,1,0,15,1,9,41.916274268,-87.736455436,POINT (-87.73645543589 41.916274267971)
4a6b1c776eee91a2a97a85c4af0f646152acb964247fd8d2d67a47c6a8ecebb305ce814b9d5646bf5636d55b2c4bfbf70525899fd8fb0463d89ce6d62b6352da,JF263039,Y,05/31/2022 09:10:00 PM,30,STOP SIGN/FLASHER,NO CONTROLS,CLEAR,"DARKNESS, LIGHTED ROAD",PEDALCYCLIST,FOUR WAY,,STRAIGHT AND LEVEL,DRY,NO DEFECTS,ON SCENE,INJURY AND / OR TOW DUE TO CRASH,,,,"OVER $1,500",05/31/2022 09:14:00 PM,NOT APPLICABLE,NOT APPLICABLE,45,E,69TH ST,322,,,,,,,2,INCAPACITATING INJURY,1,0,1,0,0,1,0,21,3,5,41.769077744,-87.62323043,POINT (-87.623230429746 41.769077744213)
c7af9757cfcf94cd415f9c5deccfec0bbb46ba36b2052d3a2ca5d550c3d865f722123a8b6805d1506370a721e4204e314f178e80a4ceb266e3b4fb2c0b551447,JF371591,,08/26/2022 06:28:00 PM,30,NO CONTROLS,NO CONTROLS,CLEAR,DAYLIGHT,PEDALCYCLIST,ONE-WAY,,STRAIGHT AND LEVEL,DRY,NO DEFECTS,ON SCENE,INJURY AND / OR TOW DUE TO CRASH,Y,,,$500 OR LESS,08/26/2022 06:35:00 PM,UNABLE TO DETERMINE,NOT APPLICABLE,6345,W,WARWICK AVE,1633,,,,,,,2,NONINCAPACITATING INJURY,1,0,0,1,0,2,0,18,6,8,41.948287405,-87.785708823,POINT (-87.785708822676 41.948287404716)
4b60d13bec51d3aab5865dbbef3dec02703782b535841ffd2708419662a309a32d90b96fc47da768f9effbbff49ab40947129023c491bfea6cd16c5ed366635b,JE376992,,09/17/2021 11:50:00 AM,30,NO CONTROLS,NO CONTROLS,CLEAR,DAYLIGHT,PEDALCYCLIST,DIVIDED - W/MEDIAN (NOT RAISED),,STRAIGHT AND LEVEL,DRY,NO DEFECTS,ON SCENE,INJURY AND / OR TOW DUE TO CRASH,,,,"$501 - $1,500",09/17/2021 12:00:00 PM,UNABLE TO DETERMINE,UNABLE TO DETERMINE,4803,W,DIVERSEY AVE,2521,,,,,,,2,NONINCAPACITATING INJURY,1,0,0,1,0,1,0,11,6,9,41.931421049,-87.746791844,POINT (-87.746791843878 41.931421048546)
4bbfb589e38a2a0392bd694d7a5931dcfd4d27789a2429a25ee4e6742a5c178d982ae8a911c1b316fe59097445b4cbde1bcbc6600b3eedffbc260879e3c66229,JF217755,,04/23/2022 11:00:00 PM,30,UNKNOWN,UNKNOWN,UNKNOWN,UNKNOWN,PEDALCYCLIST,FOUR WAY,,STRAIGHT AND LEVEL,UNKNOWN,UNKNOWN,NOT ON SCENE (DESK REPORT),NO INJURY / DRIVE AWAY,Y,,Y,$500 OR LESS,04/23/2022 11:30:00 PM,NOT APPLICABLE,NOT APPLICABLE,3600,N,BROADWAY,1925,,,,,,,2,NO INDICATION OF INJURY,0,0,0,0,0,2,0,23,7,4,41.947356699,-87.647439137,POINT (-87.647439136669 41.947356699083)
4b5c612f6d569702803c355dbb21aaaa506f85612bddbd68010bd84ca7fd30aab340ec4a521a074f4d90df162ac45b9378bd633f25cfa471b1ef3cbaa9ce2dd3,JF185594,,03/24/2022 10:06:00 PM,30,TRAFFIC SIGNAL,FUNCTIONING PROPERLY,RAIN,DUSK,PEDALCYCLIST,FOUR WAY,,STRAIGHT AND LEVEL,WET,NO DEFECTS,ON SCENE,INJURY AND / OR TOW DUE TO CRASH,Y,,,"OVER $1,500",03/24/2022 10:06:00 PM,DISREGARDING TRAFFIC SIGNALS,NOT APPLICABLE,7464,N,SHERIDAN RD,2422,,,,,,,2,NONINCAPACITATING INJURY,1,0,0,1,0,1,0,22,5,3,42.018075189,-87.665839218,POINT (-87.665839218168 42.018075189137)
4a02c6c5c8784bf5f823841253f7a03604fad67e01b78b24655b844d87d73f882f756578c2f243ab5e199ee5a0dbec372a6092fb32cae2336c09bc3d57082b78,JE438599,N,11/08/2021 06:35:00 PM,30,NO CONTROLS,NO CONTROLS,CLEAR,"DARKNESS, LIGHTED ROAD",PEDALCYCLIST,NOT DIVIDED,,STRAIGHT AND LEVEL,DRY,NO DEFECTS,ON SCENE,NO INJURY / DRIVE AWAY,,,Y,"$501 - $1,500",11/08/2021 06:42:00 PM,"OPERATING VEHICLE IN ERRATIC, RECKLESS, CARELESS, NEGLIGENT OR AGGRESSIVE MANNER",NOT APPLICABLE,6258,S,KOLIN AVE,813,,,,,,,2,NO INDICATION OF INJURY,0,0,0,0,0,2,0,18,2,11,41.778645965,-87.731452814,POINT (-87.731452813637 41.778645964639)
4b41bda9d4723f6e2ac736cd430e1b646370b71d828e1b716e9f232bce7fc2d06c4289aae75efd4993d81b40b2b168950264e32951b752465ee16502a546c6e7,JF261233,,05/30/2022 03:30:00 PM,30,NO CONTROLS,NO CONTROLS,CLEAR,DAYLIGHT,PEDALCYCLIST,DIVIDED - W/MEDIAN (NOT RAISED),,STRAIGHT AND LEVEL,DRY,NO DEFECTS,ON SCENE,INJURY AND / OR TOW DUE TO CRASH,,,,$500 OR LESS,05/30/2022 04:00:00 PM,HAD BEEN DRINKING (USE WHEN ARREST IS NOT MADE),UNABLE TO DETERMINE,4400,N,SHERIDAN RD,1914,,,,,,,2,NONINCAPACITATING INJURY,1,0,0,1,0,1,0,15,2,5,41.961823072,-87.654896083,POINT (-87.654896083223 41.961823071539)
4ad01eaf9945a338d5f61162dcec5312aeb4098b8185015ea04f161834d8f3b905b1a4f3d82412c89a5ecd4b15be6a670e1c3e221c16cc393d17085eb1357be9,JF233517,,05/07/2022 01:10:00 PM,20,STOP SIGN/FLASHER,WORN REFLECTIVE MATERIAL,CLEAR,DAYLIGHT,PEDALCYCLIST,T-INTERSECTION,,STRAIGHT AND LEVEL,DRY,WORN SURFACE,ON SCENE,NO INJURY / DRIVE AWAY,Y,,Y,$500 OR LESS,05/07/2022 01:15:00 PM,DRIVING SKILLS/KNOWLEDGE/EXPERIENCE,UNABLE TO DETERMINE,6140,N,BROADWAY,2433,,,,,,,2,NO INDICATION OF INJURY,0,0,0,0,0,2,0,13,7,5,41.993521012,-87.66052299,POINT (-87.660522989605 41.993521011741)
4a1647aee0fad47073d846f5afb5211d32145858f631d7bbbaf2972f8e2ecedef594782e7766df8d0b4b449298e1163ed618b21b41999e08036ad1ecee42e0a6,JF257872,,05/27/2022 03:48:00 PM,15,NO CONTROLS,NO CONTROLS,CLEAR,DAYLIGHT,PEDALCYCLIST,ALLEY,,STRAIGHT AND LEVEL,DRY,NO DEFECTS,ON SCENE,INJURY AND / OR TOW DUE TO CRASH,Y,,,"OVER $1,500",05/27/2022 03:48:00 PM,UNABLE TO DETERMINE,NOT APPLICABLE,5448,S,NASHVILLE AVE,811,,,,,,,2,NONINCAPACITATING INJURY,1,0,0,1,0,1,0,15,6,5,41.792687168,-87.786851263,POINT (-87.786851262652 41.792687168234)
4a64a337dc66fa7eee2ee90ad0d8e48070959b8bec2b8ea436b4c9a4fa98b5b0e6f9cafefdb321439798406baa89b46c6f979dcf61a8d5df57b9dd07ad8fb398,JE384375,,09/23/2021 01:05:00 PM,30,NO CONTROLS,NO CONTROLS,CLEAR,DAYLIGHT,PEDALCYCLIST,NOT DIVIDED,,STRAIGHT AND LEVEL,DRY,UNKNOWN,ON SCENE,INJURY AND / OR TOW DUE TO CRASH,,,Y,"OVER $1,500",09/23/2021 01:07:00 PM,UNABLE TO DETERMINE,UNABLE TO DETERMINE,2430,N,HALSTED ST,1935,,,N,,,,2,NONINCAPACITATING INJURY,1,0,0,1,0,1,0,13,5,9,41.92635215,-87.648939773,POINT (-87.648939773385 41.926352150101)
4b69a7d05595ae409953b19709f3651fafd5b473846c1903584af524196502df3a8ffafc6a9e83824881c1a6f6093703570697bbe951edd599c03508980a009b,JE484693,,12/21/2021 10:50:00 AM,20,NO CONTROLS,NO CONTROLS,CLEAR,DAYLIGHT,PEDALCYCLIST,ONE-WAY,,STRAIGHT AND LEVEL,DRY,NO DEFECTS,ON SCENE,INJURY AND / OR TOW DUE TO CRASH,,,Y,$500 OR LESS,12/21/2021 11:01:00 AM,UNABLE TO DETERMINE,UNABLE TO DETERMINE,2427,W,62ND ST,825,,,,,,,2,NONINCAPACITATING INJURY,1,0,0,1,0,1,0,10,3,12,41.780958591,-87.684847014,POINT (-87.684847014317 41.780958591215)
4a2e7d7456dc37ffca23383b376baabf16641bd15bdf04a8464fdd342aa891c6929587c401e5705a2d24112d3a04b097a2c612e13afdfe8defdd7218851ec184,JF228787,,05/03/2022 01:45:00 PM,20,NO CONTROLS,NO CONTROLS,RAIN,DAYLIGHT,PEDALCYCLIST,ONE-WAY,,STRAIGHT AND LEVEL,WET,NO DEFECTS,ON SCENE,INJURY AND / OR TOW DUE TO CRASH,,,,"OVER $1,500",05/03/2022 01:45:00 PM,UNABLE TO DETERMINE,UNABLE TO DETERMINE,1339,W,BARRY AVE,1933,Y,,Y,,,,2,INCAPACITATING INJURY,1,0,1,0,0,0,0,13,3,5,41.937845357,-87.662864536,POINT (-87.662864536493 41.937845357149)
4b1fd099970caf26656422c823bc8d1512cc8b3e9d806c0c13fad975754f73bec4eb8661b3c95abaaa404585e295908faa0b0dd89b1e562219814502fad75864,JF164395,,02/27/2022 05:53:00 PM,20,NO CONTROLS,NO CONTROLS,CLEAR,DAYLIGHT,PEDALCYCLIST,NOT DIVIDED,,STRAIGHT AND LEVEL,DRY,NO DEFECTS,NOT ON SCENE (DESK REPORT),INJURY AND / OR TOW DUE TO CRASH,,,Y,"$501 - $1,500",03/05/2022 04:55:00 PM,NOT APPLICABLE,NOT APPLICABLE,114,E,CHICAGO AVE,1833,,,,,,,2,NONINCAPACITATING INJURY,1,0,0,1,0,1,0,17,1,2,41.896831453,-87.624882805,POINT (-87.624882805023 41.896831452824)
609ffbf775a8724af6f691c6336362855496df1f499855e11d1a37565a1f70300776d212aac80b4afa1ec4390dab27f5a8c4a41bdfb6cbf5331010e6269c8de7,JE410931,,10/15/2021 02:00:00 PM,25,NO CONTROLS,NO CONTROLS,CLOUDY/OVERCAST,DAYLIGHT,PEDALCYCLIST,ONE-WAY,,STRAIGHT AND LEVEL,DRY,NO DEFECTS,NOT ON SCENE (DESK REPORT),INJURY AND / OR TOW DUE TO CRASH,,,,"$501 - $1,500",10/15/2021 06:00:00 PM,UNABLE TO DETERMINE,NOT APPLICABLE,1551,W,ROSCOE ST,1922,,,,,,,2,NONINCAPACITATING INJURY,1,0,0,1,0,1,0,14,6,10,41.943238215,-87.668389023,POINT (-87.668389022852 41.943238214823)
5eb20ec3c22915b233a5515f07646db482db3e84403432a737a60e0c55e816c86d69ce0d456d38ae59f676ce544139726c2f47399d0a793527ddb9b8544210ef,JE434556,,11/05/2021 07:45:00 AM,30,TRAFFIC SIGNAL,FUNCTIONING PROPERLY,CLEAR,DAYLIGHT,PEDALCYCLIST,NOT DIVIDED,,STRAIGHT AND LEVEL,DRY,NO DEFECTS,ON SCENE,INJURY AND / OR TOW DUE TO CRASH,Y,,,"$501 - $1,500",11/05/2021 07:50:00 AM,FAILING TO YIELD RIGHT-OF-WAY,UNABLE TO DETERMINE,1700,N,MILWAUKEE AVE,1434,,,,,,,2,NONINCAPACITATING INJURY,1,0,0,1,0,3,0,7,6,11,41.912188052,-87.680490716,POINT (-87.680490715628 41.912188051721)
4eee3e775e335884fba4e7a0a7bf1e51150346f50174a6196cf748b1d029e4119f69f53c82c6f3c745e8a887dee382d487eb064ebf72d6884cece5502d08de65,JE413009,,10/17/2021 04:45:00 PM,20,STOP SIGN/FLASHER,FUNCTIONING PROPERLY,CLEAR,DAYLIGHT,PEDALCYCLIST,NOT DIVIDED,,STRAIGHT AND LEVEL,DRY,NO DEFECTS,NOT ON SCENE (DESK REPORT),NO INJURY / DRIVE AWAY,Y,,,"$501 - $1,500",10/17/2021 05:20:00 PM,NOT APPLICABLE,NOT APPLICABLE,1535,W,DIVISION ST,1213,,,,,,,2,NO INDICATION OF INJURY,0,0,0,0,0,2,0,16,1,10,41.903248153,-87.666533812,POINT (-87.666533811725 41.903248153043)
4f5c872637497fc42ec2b05cfc507202730fe77f64b14472973c99edc9a02d8a18b6c9171f4af5d6029d24fec0ed5cd404fd8d4001f2b796539be6457a00de28,JE424489,,10/27/2021 03:00:00 PM,30,NO CONTROLS,NO CONTROLS,CLEAR,DAYLIGHT,PEDALCYCLIST,NOT DIVIDED,,STRAIGHT AND LEVEL,DRY,NO DEFECTS,NOT ON SCENE (DESK REPORT),INJURY AND / OR TOW DUE TO CRASH,,,,"$501 - $1,500",10/27/2021 04:41:00 PM,UNABLE TO DETERMINE,UNABLE TO DETERMINE,11200,S,HAMLET AVE,2234,,,,,,,2,NONINCAPACITATING INJURY,1,0,0,1,0,2,0,15,4,10,41.690346065,-87.660556031,POINT (-87.660556030835 41.690346065123)
4db21ba22f0fcde8ae9adf582633383ef6c3caa756c204b5bb93180c1339ebc190fb3b8c49dd64749c731511eb08a291f55791efa519cde94c700775cabb34dc,JF223592,,04/28/2022 04:00:00 PM,30,TRAFFIC SIGNAL,UNKNOWN,UNKNOWN,DAYLIGHT,PEDALCYCLIST,NOT DIVIDED,,STRAIGHT AND LEVEL,DRY,NO DEFECTS,ON SCENE,INJURY AND / OR TOW DUE TO CRASH,Y,,Y,"OVER $1,500",04/28/2022 08:30:00 PM,"OPERATING VEHICLE IN ERRATIC, RECKLESS, CARELESS, NEGLIGENT OR AGGRESSIVE MANNER",IMPROPER OVERTAKING/PASSING,800,W,CHICAGO AVE,1213,,,,,,,2,NONINCAPACITATING INJURY,1,0,0,1,0,2,0,16,5,4,41.896509293,-87.647755827,POINT (-87.647755827185 41.896509292938)
4f6b8f36abe8b035ffb3cb4fbdf6e83e2a3d86af402457fada7f317576ed8289c325c0032e37b287294df657f0aa16f72c8e67e6deeeb9bb07af67a4ca326f8c,JF251531,,05/22/2022 12:25:00 PM,20,NO CONTROLS,NO CONTROLS,CLEAR,DAYLIGHT,PEDALCYCLIST,DIVIDED - W/MEDIAN (NOT RAISED),,STRAIGHT AND LEVEL,DRY,NO DEFECTS,ON SCENE,INJURY AND / OR TOW DUE TO CRASH,,,,$500 OR LESS,05/22/2022 01:16:00 PM,UNABLE TO DETERMINE,UNABLE TO DETERMINE,2741,N,LINCOLN AVE,1935,Y,,Y,,,,2,NONINCAPACITATING INJURY,1,0,0,1,0,2,0,12,1,5,41.931702492,-87.657299605,POINT (-87.657299604878 41.931702491857)
4e7180c87365274554b6f52bda3ad11b9991bad9529d4fa3065056c9b9e6efc59e751b3b22fa3e41a4450deaf6e3c2ebfae2fc50cf894f2e2347b4632a8fd5da,JF218494,,04/23/2022 03:30:00 PM,20,STOP SIGN/FLASHER,FUNCTIONING PROPERLY,CLEAR,DAYLIGHT,PEDALCYCLIST,NOT DIVIDED,,STRAIGHT AND LEVEL,DRY,NO DEFECTS,NOT ON SCENE (DESK REPORT),INJURY AND / OR TOW DUE TO CRASH,Y,,,"$501 - $1,500",04/24/2022 03:00:00 PM,FAILING TO YIELD RIGHT-OF-WAY,NOT APPLICABLE,1919,S,HALSTED ST,1235,,Y,,,,,2,"REPORTED, NOT EVIDENT",1,0,0,0,1,1,0,15,7,4,41.856101361,-87.646446285,POINT (-87.646446284876 41.856101361325)
504e609f210283f80b608bf9dd584028941ec1f6925d1793e4094fc576916b1e0af4b419934d46255f71e08bcce4bbfeb6f85d0b62fd56a76c0ffa3aa8bcaed1,JF177290,,03/17/2022 03:48:00 PM,30,TRAFFIC SIGNAL,UNKNOWN,CLEAR,DAYLIGHT,PEDALCYCLIST,NOT DIVIDED,,STRAIGHT AND LEVEL,UNKNOWN,UNKNOWN,ON SCENE,INJURY AND / OR TOW DUE TO CRASH,Y,,,"OVER $1,500",03/17/2022 03:50:00 PM,UNABLE TO DETERMINE,UNABLE TO DETERMINE,1200,N,CLARK ST,1821,,,,,,,2,"REPORTED, NOT EVIDENT",1,0,0,0,1,1,0,15,5,3,41.903992333,-87.631594895,POINT (-87.631594895269 41.903992332756)
4fc5935cb0b7f345b8c1e61d689edc573342af4f57880ddce0ddd5f27e8da274ed1757200946408fcffed47a3619934f2ef1e6c02d806cc67161ce2a4952bcf7,JF310387,,07/08/2022 06:20:00 PM,30,NO CONTROLS,NO CONTROLS,CLEAR,DAYLIGHT,PEDALCYCLIST,DIVIDED - W/MEDIAN (NOT RAISED),,STRAIGHT AND LEVEL,DRY,NO DEFECTS,NOT ON SCENE (DESK REPORT),NO INJURY / DRIVE AWAY,,,,$500 OR LESS,07/08/2022 07:00:00 PM,UNABLE TO DETERMINE,UNABLE TO DETERMINE,2448,W,DIVERSEY AVE,1411,,,,,,,2,NO INDICATION OF INJURY,0,0,0,0,0,1,0,18,6,7,41.932264795,-87.689895576,POINT (-87.689895575546 41.932264795427)
4e22f91140d270c8076a17172f3df0e4df0b8264c2527328396b6906242351f599146760cf22f6aa551fb2d45f56dca30d3d2f98a146990ddd8eccfb8c2e6da3,JF277956,,06/12/2022 03:00:00 PM,30,BICYCLE CROSSING SIGN,NO CONTROLS,CLEAR,DAYLIGHT,PEDALCYCLIST,NOT DIVIDED,,STRAIGHT AND LEVEL,DRY,NO DEFECTS,NOT ON SCENE (DESK REPORT),NO INJURY / DRIVE AWAY,,,Y,"OVER $1,500",06/13/2022 12:36:00 PM,FAILING TO YIELD RIGHT-OF-WAY,DISREGARDING TRAFFIC SIGNALS,555,W,ROOSEVELT RD,124,,,,,,,2,NO INDICATION OF INJURY,0,0,0,0,0,2,0,15,1,6,41.867122017,-87.6414076,POINT (-87.641407600431 41.867122017279)
4ec1597ed4bfa67b1f555b9e7984ccf4f6c78f3a73997193b4023291e36546397e245ddfacdcc16962100b31f2634263decd3bf44b7f0ab288bbd010b9f2ad54,JE420141,,10/23/2021 07:03:00 PM,30,NO CONTROLS,NO CONTROLS,CLEAR,DARKNESS,PEDALCYCLIST,NOT DIVIDED,,STRAIGHT AND LEVEL,DRY,NO DEFECTS,ON SCENE,INJURY AND / OR TOW DUE TO CRASH,,,,$500 OR LESS,10/23/2021 07:04:00 PM,UNABLE TO DETERMINE,UNABLE TO DETERMINE,2727,N,CLARK ST,1935,,,,,,,2,NONINCAPACITATING INJURY,1,0,0,1,0,2,0,19,7,10,41.932118166,-87.644564393,POINT (-87.644564393429 41.932118165575)
4e992606f73c0d47b3e8d23bb9de22ba540deadd48bc863215dfef97742905c34cd71ef1fc5020d5d9be40a7491f52d883e5265d3292fc5e99351894c369a748,JF298698,,06/29/2022 01:27:00 PM,30,TRAFFIC SIGNAL,FUNCTIONING PROPERLY,CLEAR,DAYLIGHT,PEDALCYCLIST,CENTER TURN LANE,,STRAIGHT AND LEVEL,DRY,NO DEFECTS,ON SCENE,INJURY AND / OR TOW DUE TO CRASH,,,,"OVER $1,500",06/29/2022 01:40:00 PM,"VISION OBSCURED (SIGNS, TREE LIMBS, BUILDINGS, ETC.)",NOT APPLICABLE,2419,W,PRATT BLVD,2412,,,,,,,2,NONINCAPACITATING INJURY,1,0,0,1,0,1,0,13,4,6,42.004911487,-87.690783823,POINT (-87.690783823174 42.004911486629)
4e89d02c4671c1b6bc6b421a8f4a15ce775658f382c64201102e4be5c88994e8a6beb0f5911921729f142fdfc31349420ad8e745aa23cc64629feb2cfb2cdc79,JE455637,,11/24/2021 12:00:00 PM,30,NO CONTROLS,NO CONTROLS,CLOUDY/OVERCAST,DAYLIGHT,PEDALCYCLIST,NOT DIVIDED,,STRAIGHT AND LEVEL,UNKNOWN,UNKNOWN,ON SCENE,NO INJURY / DRIVE AWAY,,,Y,"OVER $1,500",11/24/2021 12:20:00 PM,UNABLE TO DETERMINE,NOT APPLICABLE,2615,S,THROOP ST,913,,,,,,,2,NO INDICATION OF INJURY,0,0,0,0,0,2,0,12,4,11,41.845206094,-87.655421985,POINT (-87.655421984507 41.845206094001)
4df8966a51b66c70539fe0d2d2ac857d39e26e88bd1cf84f4454ed58028e41cd82aecaef9b2f0561bf42a4991d4d28c53afba992b394eb6b0fbcf3f3fda70e1e,JE468401,,12/06/2021 07:16:00 PM,25,TRAFFIC SIGNAL,FUNCTIONING PROPERLY,CLEAR,"DARKNESS, LIGHTED ROAD",PEDALCYCLIST,NOT DIVIDED,,STRAIGHT AND LEVEL,DRY,NO DEFECTS,ON SCENE,INJURY AND / OR TOW DUE TO CRASH,Y,,Y,$500 OR LESS,12/06/2021 07:18:00 PM,FAILING TO REDUCE SPEED TO AVOID CRASH,UNABLE TO DETERMINE,1174,E,55TH ST,233,,,,,,,2,NONINCAPACITATING INJURY,1,0,0,1,0,1,0,19,2,12,41.79517545,-87.596601477,POINT (-87.596601477337 41.795175450181)
4eb1879e3b58635bf09a90d52f1d1843365c8e9be694e26f64af7ce5553f647764f9207850a5d44752fcbc2227106ba552982365433ebb1145e5a3471258d2b0,JE388076,,09/26/2021 03:59:00 PM,30,NO CONTROLS,NO CONTROLS,CLEAR,DAYLIGHT,PEDALCYCLIST,DIVIDED - W/MEDIAN (NOT RAISED),,STRAIGHT AND LEVEL,DRY,NO DEFECTS,ON SCENE,INJURY AND / OR TOW DUE TO CRASH,,,,$500 OR LESS,09/26/2021 04:12:00 PM,IMPROPER TURNING/NO SIGNAL,NOT APPLICABLE,1655,S,BLUE ISLAND AVE,1233,,,,,,,2,NONINCAPACITATING INJURY,1,0,0,1,0,1,0,15,1,9,41.858322809,-87.6605916,POINT (-87.660591599523 41.858322808723)
4fb9d77a824df31932c7f5565eb0be6bde30b37a1d7a725ccfd534e5c75b4bd0c318db06293c798ea2eddf5144db6b981fc3f59592ec80d5b52c7f12237855c2,JF209623,,04/16/2022 10:20:00 AM,35,STOP SIGN/FLASHER,NO CONTROLS,CLEAR,DAYLIGHT,PEDALCYCLIST,FOUR WAY,,STRAIGHT AND LEVEL,DRY,NO DEFECTS,,INJURY AND / OR TOW DUE TO CRASH,Y,,Y,$500 OR LESS,04/16/2022 10:27:00 AM,DISREGARDING STOP SIGN,FAILING TO YIELD RIGHT-OF-WAY,5600,S,ROCKWELL ST,824,,,,,,,2,NONINCAPACITATING INJURY,1,0,0,1,0,1,0,10,7,4,41.791860089,-87.68901561,POINT (-87.689015610456 41.791860088509)
4ead0bf55ba9fde011afcd50e36e2c7243e5071859b1de9a555fc9f928e76db02d7ca0b59d0de692c4737da7e06571bc0abdc278c394a06ad3ff844d826d5278,JF174995,,03/15/2022 05:00:00 PM,30,TRAFFIC SIGNAL,FUNCTIONING PROPERLY,CLEAR,DAYLIGHT,PEDALCYCLIST,NOT DIVIDED,,STRAIGHT AND LEVEL,DRY,NO DEFECTS,ON SCENE,INJURY AND / OR TOW DUE TO CRASH,Y,,,$500 OR LESS,03/15/2022 05:15:00 PM,UNABLE TO DETERMINE,UNABLE TO DETERMINE,2400,W,WILSON AVE,1911,,,,,,,2,NONINCAPACITATING INJURY,1,0,0,1,0,2,0,17,3,3,41.964975618,-87.688858061,POINT (-87.688858060648 41.964975618235)
4eb6b17eae6e48c8dc2d6cb1b4aa967436db9e87e93704c3cbe6ee5266972d51ff30554e2363708d219b0519775d1c3f4240e6a65d33151ea4fd175dbd060939,JF238773,,05/11/2022 02:00:00 PM,30,UNKNOWN,UNKNOWN,UNKNOWN,UNKNOWN,PEDALCYCLIST,NOT DIVIDED,,STRAIGHT AND LEVEL,UNKNOWN,UNKNOWN,,NO INJURY / DRIVE AWAY,N,,,"$501 - $1,500",05/11/2022 09:00:00 PM,NOT APPLICABLE,NOT APPLICABLE,6400,N,SHERIDAN RD,2432,,,,,,,2,NO INDICATION OF INJURY,0,0,0,0,0,2,0,14,4,5,41.998217921,-87.660695256,POINT (-87.660695255572 41.998217920532)
523f8a4fb3023c42b74dc5cd79e4f6dd8054c7f2a24167881bc83aed2f33315a86e5175ef7cef01fc048cfd95b4ebb0676d94951db05a4bdd2e9d0c2352f295f,JF239460,,04/13/2022 02:00:00 PM,30,NO CONTROLS,NO CONTROLS,CLEAR,DAYLIGHT,PEDALCYCLIST,DIVIDED - W/MEDIAN (NOT RAISED),,CURVE ON GRADE,DRY,NO DEFECTS,NOT ON SCENE (DESK REPORT),INJURY AND / OR TOW DUE TO CRASH,,,,"OVER $1,500",04/13/2022 02:00:00 PM,FAILING TO YIELD RIGHT-OF-WAY,FAILING TO REDUCE SPEED TO AVOID CRASH,3099,S,ARCHER AVE,912,,,,,,,2,INCAPACITATING INJURY,1,0,1,0,0,1,0,14,4,4,41.837625658,-87.665604852,POINT (-87.665604851749 41.837625658202)