CRASH_RECORD_ID,RD_NO,CRASH_DATE_EST_I,CRASH_DATE,POSTED_SPEED_LIMIT,TRAFFIC_CONTROL_DEVICE,DEVICE_CONDITION,WEATHER_CONDITION,LIGHTING_CONDITION,FIRST_CRASH_TYPE,TRAFFICWAY_TYPE,LANE_CNT,ALIGNMENT,ROADWAY_SURFACE_COND,ROAD_DEFECT,REPORT_TYPE,CRASH_TYPE,INTERSECTION_RELATED_I,NOT_RIGHT_OF_WAY_I,HIT_AND_RUN_I,DAMAGE,DATE_POLICE_NOTIFIED,PRIM_CONTRIBUTORY_CAUSE,SEC_CONTRIBUTORY_CAUSE,STREET_NO,STREET_DIRECTION,STREET_NAME,BEAT_OF_OCCURRENCE,PHOTOS_TAKEN_I,STATEMENTS_TAKEN_I,DOORING_I,WORK_ZONE_I,WORK_ZONE_TYPE,WORKERS_PRESENT_I,NUM_UNITS,MOST_SEVERE_INJURY,INJURIES_TOTAL,INJURIES_FATAL,INJURIES_INCAPACITATING,INJURIES_NON_INCAPACITATING,INJURIES_REPORTED_NOT_EVIDENT,INJURIES_NO_INDICATION,INJURIES_UNKNOWN,CRASH_HOUR,CRASH_DAY_OF_WEEK,CRASH_MONTH,LATITUDE,LONGITUDE,LOCATION
53ab9a7e17bd7fe03d2c657d6ec1fb198846d06f4648501987296b223fe4cf1370c73c200814223b5558f4a590245dd5c2d69133ef2b4cfa0e3b64bfa5be6778,JF278028,,06/12/2022 03:30:00 PM,30,NO CONTROLS,NO CONTROLS,CLEAR,DAYLIGHT,PEDALCYCLIST,NOT DIVIDED,,STRAIGHT AND LEVEL,DRY,NO DEFECTS,NOT ON SCENE (DESK REPORT),INJURY AND / OR TOW DUE TO CRASH,,,,$500 OR LESS,06/13/2022 01:30:00 PM,UNABLE TO DETERMINE,NOT APPLICABLE,2919,N,MILWAUKEE AVE,1412,,,Y,,,,2,"REPORTED, NOT EVIDENT",1,0,0,0,1,1,0,15,1,6,41.934392895,-87.715899889,POINT (-87.715899888571 41.934392894503)
5386a7e4efedb0943e2bee71a39945d9d614b8ff5a94f711baae5abc1e060c67a7c8278db1e355bd6c68a538b1932a7e0eab4b92b5dcb15ff48fdc0092fdb356,JE390182,,09/28/2021 11:00:00 AM,30,STOP SIGN/FLASHER,FUNCTIONING PROPERLY,CLEAR,DAYLIGHT,PEDALCYCLIST,FOUR WAY,,STRAIGHT AND LEVEL,DRY,NO DEFECTS,ON SCENE,NO INJURY / DRIVE AWAY,Y,,,$500 OR LESS,09/28/2021 11:09:00 AM,UNABLE TO DETERMINE,UNABLE TO DETERMINE,1200,W,LAKE ST,1215,,,,,,,2,NO INDICATION OF INJURY,0,0,0,0,0,2,0,11,3,9,41.885611364,-87.656906389,POINT (-87.65690638872 41.885611363563)
51df0e41c220060d2745557bcb3d60f6af4877836bb8b44179d43662d7e2c40ea2ed2bf6e3b40d0bbfc77f7f749161e0631869bcfddaf33b69eebb3e966081e6,JF275005,,06/10/2022 03:45:00 PM,30,UNKNOWN,UNKNOWN,CLEAR,DAYLIGHT,PEDALCYCLIST,FOUR WAY,,STRAIGHT AND LEVEL,UNKNOWN,UNKNOWN,NOT ON SCENE (DESK REPORT),INJURY AND / OR TOW DUE TO CRASH,Y,,,$500 OR LESS,06/10/2022 08:00:00 PM,FAILING TO YIELD RIGHT-OF-WAY,FAILING TO YIELD RIGHT-OF-WAY,441,N,HALSTED ST,1214,,,,,,,2,INCAPACITATING INJURY,1,0,1,0,0,1,0,15,6,6,41.89013841,-87.647460526,POINT (-87.647460525518 41.890138410356)
521a61efd19b1a760ad13fd2765bd8163811ec09cec97cd00483dc6727540bb3219e947b938daacdf4fb4cd0165ca3df8f4a76d260145af20160d83a490f13fb,JF130632,,02/01/2022 10:51:00 AM,30,TRAFFIC SIGNAL,FUNCTIONING PROPERLY,CLEAR,DAYLIGHT,PEDALCYCLIST,ONE-WAY,,STRAIGHT AND LEVEL,WET,UNKNOWN,ON SCENE,NO INJURY / DRIVE AWAY,Y,,,$500 OR LESS,02/01/2022 10:52:00 AM,IMPROPER TURNING/NO SIGNAL,NOT APPLICABLE,530,N,WELLS ST,1831,,,,,,,2,NO INDICATION OF INJURY,0,0,0,0,0,2,0,10,3,2,41.891624463,-87.63421675,POINT (-87.634216750182 41.891624463429)
538ce391cc843080fd4f38b4c3c90699d66fd50931e3032a7be0592494c506aaa19034929343d11cfc9a399b2dbf3b4613765dfb85e2c16e88b5625cd6b7c4b1,JE424899,,10/27/2021 11:50:00 PM,20,NO CONTROLS,NO CONTROLS,CLEAR,"DARKNESS, LIGHTED ROAD",PEDALCYCLIST,ONE-WAY,,STRAIGHT AND LEVEL,DRY,NO DEFECTS,ON SCENE,INJURY AND / OR TOW DUE TO CRASH,,,,"OVER $1,500",10/27/2021 11:52:00 PM,DRIVING SKILLS/KNOWLEDGE/EXPERIENCE,PHYSICAL CONDITION OF DRIVER,3720,N,LEAVITT ST,1921,,,,,,,2,NONINCAPACITATING INJURY,1,0,0,1,0,0,0,23,4,10,41.949298236,-87.683623487,POINT (-87.683623486574 41.949298236133)
528224975a4105778dac28e36b263b46a3014e5cdbf90b0a8e3607502ba58050181cb450a8f73a5d5a127ba9b5380ddb8d30dc68b52ea2e140c653f2288a8864,JE372128,,09/13/2021 03:19:00 PM,20,NO CONTROLS,NO CONTROLS,CLEAR,DAYLIGHT,PEDALCYCLIST,ROUNDABOUT,,STRAIGHT AND LEVEL,DRY,UNKNOWN,NOT ON SCENE (DESK REPORT),NO INJURY / DRIVE AWAY,,,Y,"$501 - $1,500",09/13/2021 04:00:00 PM,UNABLE TO DETERMINE,UNABLE TO DETERMINE,2700,N,MONITOR AVE,2514,,,,,,,2,NO INDICATION OF INJURY,0,0,0,0,0,2,0,15,2,9,41.929451946,-87.772407472,POINT (-87.772407472408 41.929451945916)
533ec1076a4c9a25553b3f4b8e4fbf161af88d07f1fed8a90bbf53b8ec7e3ff940070ac69f2f11434ade692b21b8083bae3e2107708cfdc2611212ef30c5e769,JE386047,,09/24/2021 05:41:00 PM,30,NO CONTROLS,NO CONTROLS,CLEAR,DAYLIGHT,PEDALCYCLIST,DIVIDED - W/MEDIAN (NOT RAISED),,STRAIGHT AND LEVEL,DRY,NO DEFECTS,ON SCENE,INJURY AND / OR TOW DUE TO CRASH,,,Y,$500 OR LESS,09/24/2021 06:00:00 PM,FAILING TO YIELD RIGHT-OF-WAY,UNABLE TO DETERMINE,2400,N,SOUTHPORT AVE,1932,,,,,,,2,NONINCAPACITATING INJURY,1,0,0,1,0,1,0,17,6,9,41.925304675,-87.66347856,POINT (-87.663478560323 41.925304675159)
523050d06d06aaea32994b812307bcfc449dbaf8cab498ff2c69fde7dbebba370cb2b95d498161c4b54f154a51bb50e0a1e42b735c65b71316b0c6afdd6e8673,JE439784,,11/09/2021 05:35:00 PM,30,TRAFFIC SIGNAL,FUNCTIONING PROPERLY,CLEAR,"DARKNESS, LIGHTED ROAD",PEDALCYCLIST,FOUR WAY,,STRAIGHT AND LEVEL,DRY,NO DEFECTS,ON SCENE,INJURY AND / OR TOW DUE TO CRASH,Y,,,$500 OR LESS,11/09/2021 05:50:00 PM,UNABLE TO DETERMINE,UNABLE TO DETERMINE,1201,N,MILWAUKEE AVE,1433,,,,,,,2,NONINCAPACITATING INJURY,1,0,0,1,0,1,0,17,3,11,41.903474699,-87.666441178,POINT (-87.666441178021 41.90347469866)
5107abe5aee2d0b380d0b31f3fb619a841f7cf30eca04006b348c05dda26b6378994771f586dcf33f397fa5dbfe48896b32ec0ed709a708d57d68d9532840756,JE461587,,11/30/2021 04:00:00 PM,30,NO CONTROLS,NO CONTROLS,CLEAR,DAYLIGHT,PEDALCYCLIST,DIVIDED - W/MEDIAN (NOT RAISED),,STRAIGHT AND LEVEL,DRY,NO DEFECTS,ON SCENE,INJURY AND / OR TOW DUE TO CRASH,,,Y,$500 OR LESS,11/30/2021 04:30:00 PM,IMPROPER TURNING/NO SIGNAL,UNABLE TO DETERMINE,2701,N,CLARK ST,1935,,,,,,,2,NONINCAPACITATING INJURY,1,0,0,1,0,1,0,16,3,11,41.931407517,-87.644155151,POINT (-87.644155150841 41.931407516695)
53531e4027c00300354e3cb66d57bea2e36c7ef66b40643f4c197fd3ed1d4657f9434b15b8465ebc963ef4d1bd883c4faedb13fbf8527d54199e969d0da01af9,JE472385,,12/10/2021 10:20:00 AM,35,NO CONTROLS,NO CONTROLS,CLEAR,DAYLIGHT,PEDALCYCLIST,DIVIDED - W/MEDIAN (NOT RAISED),,STRAIGHT ON GRADE,DRY,NO DEFECTS,,INJURY AND / OR TOW DUE TO CRASH,,,,$500 OR LESS,12/10/2021 10:26:00 AM,FAILING TO YIELD RIGHT-OF-WAY,UNABLE TO DETERMINE,4008,S,ASHLAND AVE,924,,Y,,,,,2,FATAL,1,1,0,0,0,1,0,10,6,12,41.820498095,-87.665406487,POINT (-87.66540648669 41.820498095114)
5494642078a1992e2259872d0b083566152bda77fe1b332561a686b6af3943042fd817c8ab3709930cbf831358d194980b996644b797cbbbf4c80af3003fa5ed,JF309942,,07/02/2022 06:00:00 PM,30,NO CONTROLS,NO CONTROLS,CLEAR,DAYLIGHT,PEDALCYCLIST,DIVIDED - W/MEDIAN (NOT RAISED),,STRAIGHT AND LEVEL,DRY,NO DEFECTS,NOT ON SCENE (DESK REPORT),INJURY AND / OR TOW DUE TO CRASH,,,,"OVER $1,500",07/08/2022 01:15:00 PM,UNABLE TO DETERMINE,UNABLE TO DETERMINE,3757,W,DIVERSEY AVE,2524,,,Y,,,,2,"REPORTED, NOT EVIDENT",1,0,0,0,1,0,0,18,7,7,41.931742966,-87.721945077,POINT (-87.7219450765 41.931742965567)
5519cab37fefeb6627090f4ecd0fad462ec9776daa8698f76fa1f46d1d1965adad6cb5998b92dc21ddef1cebb4128c959381631134268a50e3ddcc28ab986875,JF297850,,06/28/2022 08:45:00 AM,30,NO CONTROLS,NO CONTROLS,CLEAR,DAYLIGHT,PEDALCYCLIST,NOT DIVIDED,,STRAIGHT AND LEVEL,DRY,NO DEFECTS,NOT ON SCENE (DESK REPORT),INJURY AND / OR TOW DUE TO CRASH,,,,$500 OR LESS,06/28/2022 08:10:00 PM,UNABLE TO DETERMINE,NOT APPLICABLE,1360,N,MILWAUKEE AVE,1424,,,,,,,2,"REPORTED, NOT EVIDENT",1,0,0,0,1,0,0,8,3,6,41.906429121,-87.671514215,POINT (-87.671514214551 41.906429120514)
56c9697f10356a60c5849dcfd1cd2b542e2d73d314c66c5c64b60e3446958e2817bc0e3fee7228465e839664ffc22e04f951865cac95025f86d2eaad13d2fad2,JF307657,,07/06/2022 01:49:00 PM,30,STOP SIGN/FLASHER,FUNCTIONING PROPERLY,CLEAR,DAYLIGHT,PEDALCYCLIST,NOT DIVIDED,,STRAIGHT AND LEVEL,DRY,NO DEFECTS,ON SCENE,INJURY AND / OR TOW DUE TO CRASH,,,,$500 OR LESS,07/06/2022 04:10:00 PM,UNABLE TO DETERMINE,UNABLE TO DETERMINE,8527,S,STONY ISLAND AVE,412,,,,,,,2,"REPORTED, NOT EVIDENT",1,0,0,0,1,1,0,13,4,7,41.739697287,-87.585122906,POINT (-87.585122906387 41.739697287167)
5505d6b4feb5ec2a0d2278898d476d59ecdae682e3b7280046a7da939a74dc0a8b3182a600e4c1ab3b399283af8a3edff43f9b97520c78e48bcf6868a3159669,JF246685,,05/18/2022 10:45:00 AM,20,UNKNOWN,NO CONTROLS,RAIN,DAYLIGHT,PEDALCYCLIST,ONE-WAY,,STRAIGHT AND LEVEL,WET,NO DEFECTS,ON SCENE,INJURY AND / OR TOW DUE TO CRASH,,,Y,$500 OR LESS,05/18/2022 11:11:00 AM,UNABLE TO DETERMINE,NOT APPLICABLE,4743,N,SPRINGFIELD AVE,1723,,,,,,,2,NONINCAPACITATING INJURY,1,0,0,1,0,1,0,10,4,5,41.967726699,-87.725428304,POINT (-87.725428303692 41.96772669855)
54ccea959ae83775f4e27e1788749eca642e09f73eec4d8355eb40b8be41b30225c3e85b379af6b3da5e7c9eb40a27f00f55f474a6fcfab4d2da14573742abee,JF199552,,04/06/2022 05:11:00 PM,30,TRAFFIC SIGNAL,FUNCTIONING PROPERLY,RAIN,DAYLIGHT,PEDALCYCLIST,NOT DIVIDED,,STRAIGHT AND LEVEL,WET,UNKNOWN,ON SCENE,INJURY AND / OR TOW DUE TO CRASH,,,,$500 OR LESS,04/06/2022 05:11:00 PM,UNABLE TO DETERMINE,UNABLE TO DETERMINE,3100,S,LA SALLE ST,211,,,,,,,2,NONINCAPACITATING INJURY,1,0,0,1,0,1,0,17,4,4,41.838227006,-87.630172641,POINT (-87.630172640708 41.838227006243)
562787fb83510a833f7123f11fc5b588f20ae83c8cb0ed3f1f11b518f7eea81d84974fb8dd4c99962b24476be95c9192880e9766dc819bd89e7c782c6361868c,JF221542,,04/27/2022 07:20:00 AM,30,NO CONTROLS,NO CONTROLS,CLEAR,DAYLIGHT,PEDALCYCLIST,T-INTERSECTION,,STRAIGHT AND LEVEL,DRY,NO DEFECTS,ON SCENE,INJURY AND / OR TOW DUE TO CRASH,Y,,,$500 OR LESS,04/27/2022 07:25:00 AM,FAILING TO YIELD RIGHT-OF-WAY,IMPROPER TURNING/NO SIGNAL,10700,S,SACRAMENTO AVE,2211,,,,,,,2,"REPORTED, NOT EVIDENT",1,0,0,0,1,1,0,7,4,4,41.698843516,-87.696571236,POINT (-87.696571235843 41.698843516353)
561495cb429adfdeeb5671f71a80eda990237b9a85d743cd8d87685aa05cef2b074006f93768c809bce0a521252971f94d8a777bf1aa3382e09531b894cd7c3f,JE426953,,10/29/2021 06:50:00 AM,30,STOP SIGN/FLASHER,FUNCTIONING PROPERLY,RAIN,DAYLIGHT,PEDALCYCLIST,NOT DIVIDED,,STRAIGHT AND LEVEL,WET,NO DEFECTS,NOT ON SCENE (DESK REPORT),NO INJURY / DRIVE AWAY,,,,$500 OR LESS,10/29/2021 05:32:00 PM,NOT APPLICABLE,NOT APPLICABLE,5550,S,AUSTIN AVE,811,,,,,,,2,NO INDICATION OF INJURY,0,0,0,0,0,5,0,6,6,10,41.79102531,-87.77215641,POINT (-87.77215641032 41.79102530983)
570845b50e8cfd6665aee7efa575476fc5a67254f612ce39b025e94b738db52fff4d2a80d381fa7bdc7ce8ea384ee5dccf86848bb6836f56bbad8d24911c9529,JF199495,,04/04/2022 08:15:00 PM,30,STOP SIGN/FLASHER,FUNCTIONING PROPERLY,CLEAR,"DARKNESS, LIGHTED ROAD",PEDALCYCLIST,NOT DIVIDED,,STRAIGHT AND LEVEL,DRY,NO DEFECTS,NOT ON SCENE (DESK REPORT),INJURY AND / OR TOW DUE TO CRASH,,,,"OVER $1,500",04/06/2022 04:50:00 PM,FAILING TO YIELD RIGHT-OF-WAY,FAILING TO YIELD RIGHT-OF-WAY,6900,S,PULASKI RD,833,,,,,,,2,NONINCAPACITATING INJURY,1,0,0,1,0,1,0,20,2,4,41.767687732,-87.722630845,POINT (-87.72263084508 41.767687732304)
54a51478ba46c2bf76b4611adfe3926b31025b778cc28851476ad961951b3d2e4e4e2783b22753a141e73e478b9d787073383c8c02eafc125cfb7622432f7df7,JF244951,,05/16/2022 05:30:00 PM,35,UNKNOWN,UNKNOWN,CLEAR,DAYLIGHT,PEDALCYCLIST,NOT DIVIDED,,STRAIGHT AND LEVEL,DRY,UNKNOWN,NOT ON SCENE (DESK REPORT),INJURY AND / OR TOW DUE TO CRASH,,,,$500 OR LESS,05/16/2022 08:33:00 PM,FAILING TO YIELD RIGHT-OF-WAY,UNABLE TO DETERMINE,6200,N,WESTERN AVE,2413,,,,,,,2,NONINCAPACITATING INJURY,1,0,0,1,0,1,0,17,2,5,41.994181177,-87.689914219,POINT (-87.689914219179 41.994181177113)
55204db5fa62abdcf77acf56b32639838389bff14139e81297210490ed476e5960fee339e8d958db233bd6ccc4f4f6bc728c33a0b223141062545d72bedde857,JF259095,,05/28/2022 05:12:00 PM,25,NO CONTROLS,NO CONTROLS,CLEAR,DAYLIGHT,PEDALCYCLIST,NOT DIVIDED,,STRAIGHT AND LEVEL,DRY,NO DEFECTS,,INJURY AND / OR TOW DUE TO CRASH,,,Y,"$501 - $1,500",05/28/2022 05:22:00 PM,UNABLE TO DETERMINE,NOT APPLICABLE,1223,N,WOOD ST,1424,,,,,,,2,NONINCAPACITATING INJURY,1,0,0,1,0,1,0,17,7,5,41.904040555,-87.672248422,POINT (-87.672248421723 41.904040555324)
569631cbbb2fe0218d9696e589124271fd5423ac9836f68f1022b5cc806fbf8b2d07f492f9eb46b4f63f6014992812e247f14e701f919cf8306ebb9842fe3aac,JF312614,,07/10/2022 05:25:00 PM,30,NO CONTROLS,NO CONTROLS,CLEAR,DAYLIGHT,PEDALCYCLIST,NOT DIVIDED,,STRAIGHT AND LEVEL,DRY,NO DEFECTS,NOT ON SCENE (DESK REPORT),INJURY AND / OR TOW DUE TO CRASH,,,,"OVER $1,500",07/10/2022 05:30:00 PM,UNABLE TO DETERMINE,UNABLE TO DETERMINE,2747,N,MILWAUKEE AVE,1412,,,,,,,2,NONINCAPACITATING INJURY,1,0,0,1,0,1,0,17,1,7,41.931159184,-87.710599854,POINT (-87.710599854236 41.931159183862)
5480f42d1681c35b0d56edcafa46f6f72be878dd5f32659e32b455e11315d637c11e89d9828c8ec84c3ecd9f902bc365dbceb958f260067e8f833bb965718beb,JF290903,,06/22/2022 04:25:00 AM,20,NO CONTROLS,NO CONTROLS,CLEAR,DAYLIGHT,PEDALCYCLIST,NOT DIVIDED,,STRAIGHT AND LEVEL,DRY,NO DEFECTS,NOT ON SCENE (DESK REPORT),NO INJURY / DRIVE AWAY,,,Y,"$501 - $1,500",06/23/2022 11:00:00 AM,DRIVING SKILLS/KNOWLEDGE/EXPERIENCE,NOT APPLICABLE,201,W,93RD ST,634,,,,,,,2,NO INDICATION OF INJURY,0,0,0,0,0,1,0,4,4,6,41.725195658,-87.628816925,POINT (-87.628816924925 41.725195657859)
54e3353cd7617057dbcef774607b59bcee339936467c0d0e8b352a1649626b8b36dadb44edb5321457bbff1a25b933fc08097c3a3a250d43ab5cfcc98aa90ca6,JE431992,,11/02/2021 10:23:00 PM,30,TRAFFIC SIGNAL,FUNCTIONING PROPERLY,CLEAR,"DARKNESS, LIGHTED ROAD",PEDALCYCLIST,FOUR WAY,,STRAIGHT AND LEVEL,DRY,NO DEFECTS,ON SCENE,INJURY AND / OR TOW DUE TO CRASH,Y,,,"$501 - $1,500",11/02/2021 10:25:00 PM,DISREGARDING TRAFFIC SIGNALS,FAILING TO REDUCE SPEED TO AVOID CRASH,200,N,ABERDEEN ST,1214,,,N,,,,2,NONINCAPACITATING INJURY,1,0,0,1,0,1,0,22,3,11,41.885600217,-87.654620204,POINT (-87.654620203988 41.885600216656)
573e3bd8e5952d9a3be14c916fe8496b660de90f65d90b068c2151e45b1a5bf66f691ce0901cc51757be204bc889543ae21b12fcab32b788021bbbc821756298,JF307874,,07/06/2022 05:50:00 PM,30,NO CONTROLS,NO CONTROLS,CLEAR,DAYLIGHT,PEDALCYCLIST,DIVIDED - W/MEDIAN (NOT RAISED),,STRAIGHT AND LEVEL,DRY,NO DEFECTS,ON SCENE,NO INJURY / DRIVE AWAY,,,,"OVER $1,500",07/06/2022 06:30:00 PM,UNABLE TO DETERMINE,NOT APPLICABLE,4256,W,IRVING PARK RD,1722,,,,,,,2,NO INDICATION OF INJURY,0,0,0,0,0,2,0,17,4,7,41.953678686,-87.734743857,POINT (-87.734743856596 41.953678685826)
571962c5809289c39fcc11a4ae06783ef239184daf64edae7e1bf85d549155716be1e62ac9d1f668aad91d7024ba4f4b5f75518c0842fa0353caf4951f7226d9,JF292343,,06/24/2022 12:45:00 PM,30,NO CONTROLS,NO CONTROLS,CLEAR,DAYLIGHT,PEDALCYCLIST,ONE-WAY,,STRAIGHT AND LEVEL,DRY,NO DEFECTS,ON SCENE,INJURY AND / OR TOW DUE TO CRASH,,,,"$501 - $1,500",06/24/2022 01:04:00 PM,UNABLE TO DETERMINE,NOT APPLICABLE,2224,W,FARRAGUT AVE,2012,,,Y,,,,2,"REPORTED, NOT EVIDENT",1,0,0,0,1,2,0,12,6,6,41.976966199,-87.685353367,POINT (-87.68535336718 41.976966199087)
545d8eb6e20215ff2fd931263c2d33947e81ee00da832a3863b3c0b1af45ba62b014165fb36448222cc2216d1f73fdb2f37dbc8647c702dd37b59cb91378ecb1,JE374691,,09/15/2021 03:05:00 PM,30,NO CONTROLS,NO CONTROLS,CLEAR,DAYLIGHT,PEDALCYCLIST,OTHER,,STRAIGHT AND LEVEL,DRY,NO DEFECTS,ON SCENE,INJURY AND / OR TOW DUE TO CRASH,,,Y,"OVER $1,500",09/15/2021 03:52:00 PM,UNABLE TO DETERMINE,NOT APPLICABLE,6525,W,DIVERSEY AVE,2512,,,,,,,2,"REPORTED, NOT EVIDENT",1,0,0,0,1,1,0,15,4,9,41.930833915,-87.789133788,POINT (-87.789133787544 41.93083391524)
56bbc6f6a71ef932915d5daa63c223149bf44fb13553751a4da9104c69b9eb7b29b65c9a121631d17c665cdae50c613a33e3020088427d27b4d87a95971eabaa,JE410523,,10/15/2021 11:50:00 AM,30,NO CONTROLS,NO CONTROLS,RAIN,DAYLIGHT,PEDALCYCLIST,DIVIDED - W/MEDIAN (NOT RAISED),,STRAIGHT AND LEVEL,DRY,NO DEFECTS,ON SCENE,INJURY AND / OR TOW DUE TO CRASH,,,,$500 OR LESS,10/15/2021 12:10:00 PM,FAILING TO YIELD RIGHT-OF-WAY,DRIVING SKILLS/KNOWLEDGE/EXPERIENCE,2849,N,CALIFORNIA AVE,1411,,,Y,,,,2,NONINCAPACITATING INJURY,1,0,0,1,0,1,0,11,6,10,41.933523372,-87.697505948,POINT (-87.69750594822 41.93352337223)
57a838892b4662c70828889cab08e3013f1bf09f39d0cd0a1e9e1f8184d61d2be51f3c815457bd233512e20cb640da258cdd6e65aa569fbf3dc9e274bb06cb32,JE429224,,10/31/2021 04:00:00 PM,30,NO CONTROLS,NO CONTROLS,CLEAR,DAYLIGHT,PEDALCYCLIST,DIVIDED - W/MEDIAN (NOT RAISED),,STRAIGHT AND LEVEL,DRY,NO DEFECTS,ON SCENE,INJURY AND / OR TOW DUE TO CRASH,,,,$500 OR LESS,10/31/2021 04:45:00 PM,UNABLE TO DETERMINE,UNABLE TO DETERMINE,4660,N,ROCKWELL ST,1911,,,,,,,2,NONINCAPACITATING INJURY,1,0,0,1,0,1,0,16,1,10,41.966633373,-87.693893844,POINT (-87.693893844465 41.966633372665)
57b305914a129d51936661302cb6ec834707ae7141457b85422be9b647a50948b0eb7ba926f9cbff4427022635adc79ea1f04850486b744562d7118a34341480,JE403063,,09/28/2021 05:45:00 PM,30,UNKNOWN,UNKNOWN,UNKNOWN,DAYLIGHT,PEDALCYCLIST,DIVIDED - W/MEDIAN (NOT RAISED),,STRAIGHT AND LEVEL,UNKNOWN,UNKNOWN,NOT ON SCENE (DESK REPORT),INJURY AND / OR TOW DUE TO CRASH,,,,"OVER $1,500",10/08/2021 06:20:00 PM,FAILING TO YIELD RIGHT-OF-WAY,NOT APPLICABLE,113,S,CLINTON ST,121,,,,,,,2,NONINCAPACITATING INJURY,1,0,0,1,0,1,0,17,3,9,41.880144356,-87.640992972,POINT (-87.640992972468 41.880144356027)
58eef493c67e7d1e2811facf4f42d3850c6a3529a2c92e76bbae1535124d6b5dc35caba52e3a1610b4eba84a103f866391d120d0b552bd40e439fc9683aecdad,JE439479,,11/09/2021 02:20:00 PM,30,TRAFFIC SIGNAL,FUNCTIONING PROPERLY,CLEAR,DAYLIGHT,PEDALCYCLIST,DIVIDED - W/MEDIAN (NOT RAISED),,STRAIGHT AND LEVEL,DRY,NO DEFECTS,NOT ON SCENE (DESK REPORT),INJURY AND / OR TOW DUE TO CRASH,Y,,,$500 OR LESS,11/09/2021 02:40:00 PM,FAILING TO YIELD RIGHT-OF-WAY,NOT APPLICABLE,1200,W,TAYLOR ST,1231,,,,,,,2,"REPORTED, NOT EVIDENT",1,0,0,0,1,1,0,14,3,11,41.869524182,-87.656819405,POINT (-87.656819404984 41.86952418193)
598e98d03debece333078b44cf3d0aca78fb9c3c74a11089063f24074da5de57a4011bd4e6fdd6940c43af346df207f40566915789f313e0bcb73d7401b58a64,JF311390,Y,07/08/2022 01:40:00 PM,25,STOP SIGN/FLASHER,NO CONTROLS,UNKNOWN,UNKNOWN,PEDALCYCLIST,ONE-WAY,,STRAIGHT AND LEVEL,UNKNOWN,UNKNOWN,NOT ON SCENE (DESK REPORT),NO INJURY / DRIVE AWAY,,,,$500 OR LESS,07/09/2022 05:31:00 PM,EQUIPMENT - VEHICLE CONDITION,NOT APPLICABLE,935,W,87TH ST,2222,,,,,,,2,NO INDICATION OF INJURY,0,0,0,0,0,2,0,13,6,7,41.735908406,-87.64742288,POINT (-87.64742288027 41.735908405707)
593a94477af356dd5187521c36ac22c818603881cac9124f679327706fe43204b51973f1fa5f36a7da45768d387e815952730d3e3c83e3a544cac829b4f45ece,JE389599,,09/27/2021 07:35:00 PM,30,TRAFFIC SIGNAL,FUNCTIONING PROPERLY,CLEAR,"DARKNESS, LIGHTED ROAD",PEDALCYCLIST,DIVIDED - W/MEDIAN (NOT RAISED),,STRAIGHT AND LEVEL,DRY,NO DEFECTS,ON SCENE,INJURY AND / OR TOW DUE TO CRASH,Y,,N,$500 OR LESS,09/27/2021 07:36:00 PM,IMPROPER OVERTAKING/PASSING,UNABLE TO DETERMINE,2300,W,DIVISION ST,1424,,N,N,,,,2,NONINCAPACITATING INJURY,1,0,0,1,0,1,0,19,2,9,41.9031687,-87.684706042,POINT (-87.684706041644 41.90316870016)
57991f6aab505a7e19c28d8018d5f5e2f5aaa18e703ecb0de098e42a2ce08e933d62478bee540fb5d2e8f16cea79990ff297ffba9f23baba129cc16b58369a6a,JE368927,,09/10/2021 08:42:00 PM,25,UNKNOWN,UNKNOWN,CLEAR,"DARKNESS, LIGHTED ROAD",PEDALCYCLIST,DIVIDED - W/MEDIAN (NOT RAISED),,STRAIGHT AND LEVEL,DRY,NO DEFECTS,ON SCENE,NO INJURY / DRIVE AWAY,,,Y,"OVER $1,500",09/10/2021 08:42:00 PM,IMPROPER LANE USAGE,IMPROPER LANE USAGE,32,E,OHIO ST,1834,,,,,,,2,NO INDICATION OF INJURY,0,0,0,0,0,2,0,20,6,9,41.892602513,-87.626823266,POINT (-87.62682326645 41.892602513485)
5ab05aef9e499fd81bf73b6c2f21c5e8f0cd6e05fed0808ca6aa24cf6ad2dbe34550ef0fb392f9ccaf546cc571765d800a9a74d8c7aa065d0acfe316c5858b6b,JE439689,,11/09/2021 04:55:00 PM,35,STOP SIGN/FLASHER,FUNCTIONING PROPERLY,CLEAR,"DARKNESS, LIGHTED ROAD",PEDALCYCLIST,FOUR WAY,,STRAIGHT AND LEVEL,DRY,NO DEFECTS,ON SCENE,NO INJURY / DRIVE AWAY,Y,,,"OVER $1,500",11/09/2021 04:57:00 PM,UNABLE TO DETERMINE,NOT APPLICABLE,3800,W,82ND ST,834,,,,,,,2,NO INDICATION OF INJURY,0,0,0,0,0,3,0,16,3,11,41.744198779,-87.716982892,POINT (-87.716982891693 41.744198779161)
57813b4c6869c1714559847153e900ff89aae2f26b95e38184dfe0bcca5d04719c38aa019f379f8ab496b8b0b43a81659beac5937ba731b5e04985dce8d27c65,JF159022,,02/28/2022 05:57:00 PM,30,TRAFFIC SIGNAL,FUNCTIONING PROPERLY,CLEAR,DUSK,PEDALCYCLIST,NOT DIVIDED,,STRAIGHT AND LEVEL,DRY,NO DEFECTS,ON SCENE,INJURY AND / OR TOW DUE TO CRASH,Y,,Y,$500 OR LESS,02/28/2022 05:57:00 PM,FAILING TO YIELD RIGHT-OF-WAY,IMPROPER OVERTAKING/PASSING,2360,N,KIMBALL AVE,1413,,,,,,,2,"REPORTED, NOT EVIDENT",1,0,0,0,1,2,0,17,2,2,41.924613538,-87.712251196,POINT (-87.712251195589 41.924613537674)