CRASH_RECORD_ID,RD_NO,CRASH_DATE_EST_I,CRASH_DATE,POSTED_SPEED_LIMIT,TRAFFIC_CONTROL_DEVICE,DEVICE_CONDITION,WEATHER_CONDITION,LIGHTING_CONDITION,FIRST_CRASH_TYPE,TRAFFICWAY_TYPE,LANE_CNT,ALIGNMENT,ROADWAY_SURFACE_COND,ROAD_DEFECT,REPORT_TYPE,CRASH_TYPE,INTERSECTION_RELATED_I,NOT_RIGHT_OF_WAY_I,HIT_AND_RUN_I,DAMAGE,DATE_POLICE_NOTIFIED,PRIM_CONTRIBUTORY_CAUSE,SEC_CONTRIBUTORY_CAUSE,STREET_NO,STREET_DIRECTION,STREET_NAME,BEAT_OF_OCCURRENCE,PHOTOS_TAKEN_I,STATEMENTS_TAKEN_I,DOORING_I,WORK_ZONE_I,WORK_ZONE_TYPE,WORKERS_PRESENT_I,NUM_UNITS,MOST_SEVERE_INJURY,INJURIES_TOTAL,INJURIES_FATAL,INJURIES_INCAPACITATING,INJURIES_NON_INCAPACITATING,INJURIES_REPORTED_NOT_EVIDENT,INJURIES_NO_INDICATION,INJURIES_UNKNOWN,CRASH_HOUR,CRASH_DAY_OF_WEEK,CRASH_MONTH,LATITUDE,LONGITUDE,LOCATION
5a09dd7c5d003e9b9796dd8e02894057635bc14719dbf66dc5446216e269f85f3a94421ef436c901a37152f35ffe730ad169498cbe9a4742f9f751ed05d8c18a,JF250709,,05/21/2022 01:42:00 PM,25,UNKNOWN,UNKNOWN,RAIN,DAYLIGHT,PEDALCYCLIST,NOT DIVIDED,,STRAIGHT AND LEVEL,WET,UNKNOWN,NOT ON SCENE (DESK REPORT),INJURY AND / OR TOW DUE TO CRASH,Y,,Y,"OVER $1,500",05/21/2022 04:00:00 PM,UNABLE TO DETERMINE,UNABLE TO DETERMINE,6300,N,CALIFORNIA AVE,2413,,,Y,,,,2,INCAPACITATING INJURY,1,0,1,0,0,1,0,13,7,5,41.995855875,-87.699727462,POINT (-87.699727462423 41.995855875363)
588223aa818696536a219667f9f659b8d90fc39c04542b481352f4fa2511ad6c6e5f817cf9de294acc86327e8cb31df6fa6f83600664eaaa5da2311d6be6c13e,JF303106,,07/02/2022 09:01:00 PM,30,TRAFFIC SIGNAL,FUNCTIONING PROPERLY,CLEAR,"DARKNESS, LIGHTED ROAD",PEDALCYCLIST,FOUR WAY,,STRAIGHT AND LEVEL,DRY,NO DEFECTS,ON SCENE,INJURY AND / OR TOW DUE TO CRASH,Y,,,"OVER $1,500",07/02/2022 09:02:00 PM,FAILING TO YIELD RIGHT-OF-WAY,UNABLE TO DETERMINE,758,N,CICERO AVE,1531,,,,,,,2,NONINCAPACITATING INJURY,1,0,0,1,0,2,0,21,7,7,41.894954146,-87.745952653,POINT (-87.74595265298 41.894954146066)
57d72fc381f8c48c1569a94d91a6db22e9c1d6eeae19c3c039cfb90619d5df60089daa1a5beb26020514c4901969bd25fca172d74c3ce7eb8ebe36ac6d9d25fb,JF304633,,07/04/2022 06:40:00 AM,30,TRAFFIC SIGNAL,FUNCTIONING PROPERLY,CLEAR,DAYLIGHT,PEDALCYCLIST,NOT DIVIDED,,STRAIGHT AND LEVEL,DRY,NO DEFECTS,ON SCENE,INJURY AND / OR TOW DUE TO CRASH,,,Y,"OVER $1,500",07/04/2022 07:01:00 AM,UNABLE TO DETERMINE,UNABLE TO DETERMINE,4400,N,CLARK ST,1912,,,,,,,2,NONINCAPACITATING INJURY,1,0,0,1,0,1,0,6,2,7,41.961700771,-87.666123724,POINT (-87.666123723744 41.961700771284)
59d117c15ce85977368d31c5fd4989fb73f7d41c56a36e6f7902f07ba060265c1b526375223607b6ba573ff60c4c0caaad71b1d026d7ab8f88a7a05e5946c585,JF146872,,02/16/2022 07:24:00 PM,30,STOP SIGN/FLASHER,FUNCTIONING PROPERLY,OTHER,DARKNESS,PEDALCYCLIST,DIVIDED - W/MEDIAN (NOT RAISED),,STRAIGHT AND LEVEL,WET,NO DEFECTS,ON SCENE,INJURY AND / OR TOW DUE TO CRASH,Y,,Y,"$501 - $1,500",02/16/2022 09:09:00 PM,UNABLE TO DETERMINE,NOT APPLICABLE,6151,W,DIVERSEY AVE,2512,,,,,,,2,NONINCAPACITATING INJURY,1,0,0,1,0,1,0,19,4,2,41.93096628,-87.780452306,POINT (-87.780452306093 41.930966279697)
5a07f16e65f152857bb7db51e2f9d9d862ac04a3789bcfeca21cc4b1e1c1afcf2bcc1fce628dbdce9ed1f7e3362690ad06b7f7b272c79f2e8649712e66fb73b2,JF258623,,05/28/2022 09:45:00 AM,35,STOP SIGN/FLASHER,FUNCTIONING PROPERLY,CLEAR,DAYLIGHT,PEDALCYCLIST,NOT DIVIDED,,STRAIGHT AND LEVEL,DRY,NO DEFECTS,ON SCENE,INJURY AND / OR TOW DUE TO CRASH,Y,,,$500 OR LESS,05/28/2022 09:47:00 AM,"VISION OBSCURED (SIGNS, TREE LIMBS, BUILDINGS, ETC.)",NOT APPLICABLE,7402,W,FOSTER AVE,1613,,,,,,,2,NONINCAPACITATING INJURY,1,0,0,1,0,1,0,9,7,5,41.97452218,-87.812154551,POINT (-87.812154550762 41.974522180064)
58e69589ea28ece429ebac7149215528757f6ae2348e99550d6381ee5129ed135f06755dce92ecae54df08130ddf7a3c8275ea067dd5ef4a2a4d898f78986ccc,JF285346,,06/19/2022 12:17:00 AM,35,TRAFFIC SIGNAL,FUNCTIONING PROPERLY,CLEAR,"DARKNESS, LIGHTED ROAD",PEDALCYCLIST,FOUR WAY,,STRAIGHT AND LEVEL,DRY,UNKNOWN,ON SCENE,INJURY AND / OR TOW DUE TO CRASH,,,,$500 OR LESS,06/19/2022 12:18:00 AM,IMPROPER OVERTAKING/PASSING,NOT APPLICABLE,609,N,DEARBORN ST,1832,,,Y,,,,2,NONINCAPACITATING INJURY,1,0,0,1,0,1,0,0,1,6,41.892778921,-87.629539228,POINT (-87.629539228029 41.892778921184)
ac229f188140b17d704c3c94530fbd6ff429a92a9b367c9bbabf111518cbfeb0150da43ed67a8a2c4379ebd59fb813804c1ff2f53b57667d7c2c1b02b4862c0f,JE419649,,10/23/2021 10:40:00 AM,30,NO CONTROLS,NO CONTROLS,CLEAR,DAYLIGHT,PEDALCYCLIST,NOT DIVIDED,,STRAIGHT AND LEVEL,DRY,NO DEFECTS,ON SCENE,INJURY AND / OR TOW DUE TO CRASH,Y,,,$500 OR LESS,10/23/2021 10:45:00 AM,UNABLE TO DETERMINE,UNABLE TO DETERMINE,5200,W,HENDERSON ST,1634,,,,,,,2,NONINCAPACITATING INJURY,1,0,0,1,0,1,0,10,7,10,41.941545979,-87.756905254,POINT (-87.756905254212 41.9415459792)
5a08bc4a78c5bdab8e2d3c2aefafd258e82548ce0bf361566b8851ff373ab77cc807802315b607cc97f17e04942356da1f4095103bce630f48389fef5939e0b4,JF193327,,04/01/2022 07:53:00 AM,30,NO CONTROLS,NO CONTROLS,CLEAR,DAYLIGHT,PEDALCYCLIST,NOT DIVIDED,,STRAIGHT AND LEVEL,DRY,NO DEFECTS,ON SCENE,INJURY AND / OR TOW DUE TO CRASH,,,,"$501 - $1,500",04/01/2022 07:53:00 AM,UNABLE TO DETERMINE,UNABLE TO DETERMINE,2800,W,JARLATH ST,2411,,,,,,,2,NONINCAPACITATING INJURY,1,0,0,1,0,1,0,7,6,4,42.013083908,-87.699780723,POINT (-87.699780723421 42.01308390793)
5a5664b4e94379970648ec4102728d3fe3b194745bc0e1584b71d82145660ad68fc585edf2123a167c374ad5d7cbb47317e6809618a6af665960b2ef3b0dc3b2,JE370745,,09/11/2021 03:45:00 PM,30,STOP SIGN/FLASHER,OTHER,CLEAR,DAYLIGHT,PEDALCYCLIST,OTHER,,STRAIGHT AND LEVEL,DRY,UNKNOWN,NOT ON SCENE (DESK REPORT),NO INJURY / DRIVE AWAY,,,,"$501 - $1,500",09/12/2021 01:10:00 PM,FAILING TO YIELD RIGHT-OF-WAY,NOT APPLICABLE,2800,N,LAKE SHORE DR,1934,,,,,,,2,NO INDICATION OF INJURY,0,0,0,0,0,2,0,15,7,9,41.932902467,-87.636373165,POINT (-87.636373165151 41.932902466506)
596b5d2ca70de1e6609e559f7dee47f9c56e391c2ac5a4d945a338667fe2fdc783c83811e7574a77e0f6f84556a380bbc8cd54a60fe69a74d995a211a4ab7cc8,JF271748,,06/08/2022 08:02:00 AM,30,TRAFFIC SIGNAL,FUNCTIONING PROPERLY,CLEAR,DAYLIGHT,PEDALCYCLIST,NOT DIVIDED,,STRAIGHT AND LEVEL,DRY,NO DEFECTS,ON SCENE,INJURY AND / OR TOW DUE TO CRASH,,,,$500 OR LESS,06/08/2022 08:02:00 AM,FOLLOWING TOO CLOSELY,UNABLE TO DETERMINE,299,E,MONROE DR,114,,,,,,,2,"REPORTED, NOT EVIDENT",1,0,0,0,1,1,0,8,4,6,41.880762423,-87.62088387,POINT (-87.620883870254 41.880762422701)
5897fa78623ec104a70b1b0df5d819581d8e6a8c8b2f61feaffb9d26adb115f73f2b51ca1bb7792c5f3dc3fab49848a2eb7d594853fe874b9e7f186283988722,JF290970,,06/23/2022 11:00:00 AM,30,TRAFFIC SIGNAL,UNKNOWN,CLEAR,DAYLIGHT,PEDALCYCLIST,FOUR WAY,,STRAIGHT AND LEVEL,DRY,NO DEFECTS,ON SCENE,INJURY AND / OR TOW DUE TO CRASH,Y,,Y,"OVER $1,500",06/23/2022 11:36:00 AM,UNABLE TO DETERMINE,UNABLE TO DETERMINE,530,N,STATE ST,1831,,,,,,,2,NONINCAPACITATING INJURY,1,0,0,1,0,1,0,11,5,6,41.891711252,-87.628216666,POINT (-87.628216665655 41.891711252168)
58956b4315c7f08b5d3af7b961aa5ab37b7f5b54512cea2f2efc0acb2df181952fa9961e4a3808d02828c91929198038479ff373e81aa408f439926e6b6cbb36,JE410022,,10/14/2021 07:26:00 PM,30,TRAFFIC SIGNAL,FUNCTIONING PROPERLY,CLEAR,"DARKNESS, LIGHTED ROAD",PEDALCYCLIST,NOT DIVIDED,,STRAIGHT AND LEVEL,DRY,NO DEFECTS,NOT ON SCENE (DESK REPORT),NO INJURY / DRIVE AWAY,,,,"OVER $1,500",10/14/2021 09:30:00 PM,FAILING TO YIELD RIGHT-OF-WAY,UNABLE TO DETERMINE,600,W,KINZIE ST,1214,,,,,,,2,NO INDICATION OF INJURY,0,0,0,0,0,2,0,19,5,10,41.889158237,-87.642948945,POINT (-87.642948945011 41.889158237063)
57c22007daae0268064589fbedd1f37e3a7aff9584ea93a05ee800c3b0dbcb42ab9ac0ac9633bdae3c1799f468d11a924cdc10844ee5ae8d7dab16a59316e940,JE423451,,10/26/2021 11:45:00 AM,30,NO CONTROLS,NO CONTROLS,CLEAR,DAYLIGHT,PEDALCYCLIST,DIVIDED - W/MEDIAN (NOT RAISED),,STRAIGHT AND LEVEL,DRY,NO DEFECTS,NOT ON SCENE (DESK REPORT),INJURY AND / OR TOW DUE TO CRASH,,,,$500 OR LESS,10/26/2021 06:24:00 PM,FAILING TO YIELD RIGHT-OF-WAY,UNABLE TO DETERMINE,2000,W,WEBSTER AVE,1432,,,,,,,2,NONINCAPACITATING INJURY,1,0,0,1,0,2,0,11,3,10,41.921504401,-87.677823226,POINT (-87.677823226126 41.921504400897)
5cb7388a085afc4d41a861a66eccbd3cb2d2a011e377fa22d84c75e5372a91bba95296470170a7cd37b8c48ff1f253c61b7cbd6d1fff70bf7838626e4f00c26b,JE437808,,11/08/2021 08:12:00 AM,30,STOP SIGN/FLASHER,FUNCTIONING PROPERLY,CLEAR,DAYLIGHT,PEDALCYCLIST,NOT DIVIDED,,STRAIGHT AND LEVEL,DRY,NO DEFECTS,ON SCENE,NO INJURY / DRIVE AWAY,,,,$500 OR LESS,11/08/2021 08:14:00 AM,FAILING TO YIELD RIGHT-OF-WAY,UNABLE TO DETERMINE,2501,W,GRAND AVE,1221,,,,,,,2,NO INDICATION OF INJURY,0,0,0,0,0,2,0,8,2,11,41.891284319,-87.689331122,POINT (-87.689331122058 41.891284319218)
5bc2bf6c5c022bfea414fc85d81618d56982eb36c99db81a5927b379c281494dfd79310e7e82297512d80da0b49721097748eb4938d61e60eb763bd2d991fc71,JF274869,,06/10/2022 03:15:00 PM,30,STOP SIGN/FLASHER,FUNCTIONING PROPERLY,CLEAR,DAYLIGHT,PEDALCYCLIST,FOUR WAY,,STRAIGHT AND LEVEL,DRY,NO DEFECTS,NOT ON SCENE (DESK REPORT),INJURY AND / OR TOW DUE TO CRASH,Y,,Y,"OVER $1,500",06/10/2022 05:32:00 PM,UNABLE TO DETERMINE,NOT APPLICABLE,5800,N,WEST CIRCLE AVE,1612,,,,,,,2,NONINCAPACITATING INJURY,1,0,0,1,0,1,0,15,6,6,41.986542125,-87.805573542,POINT (-87.805573541587 41.986542124603)
5bbb277c0b91f836fc606521a78a51eb0ba6cff2cf26d7b0afe5a403d7ea14f1818f77ec472338d212dd91b518ff1a71c18f174c783a1422b027db3aff1467c0,JF292773,,06/24/2022 05:12:00 PM,35,TRAFFIC SIGNAL,FUNCTIONING PROPERLY,CLEAR,DAYLIGHT,PEDALCYCLIST,FOUR WAY,,STRAIGHT AND LEVEL,DRY,NO DEFECTS,NOT ON SCENE (DESK REPORT),INJURY AND / OR TOW DUE TO CRASH,,,Y,"$501 - $1,500",06/24/2022 07:00:00 PM,FAILING TO YIELD RIGHT-OF-WAY,UNABLE TO DETERMINE,557,S,WELLS ST,123,,,,,,,2,NONINCAPACITATING INJURY,1,0,0,1,0,1,0,17,6,6,41.87457298,-87.633484047,POINT (-87.633484046804 41.874572980174)
5bc30661fc924b4d24dce87d86d4abb2d666240eea76a4243a077ccf963015fd255fb8c32667f12bfdd770925a2504ec582a49fd1158774dd1dd70cc393b52b5,JE359120,,09/02/2021 01:45:00 PM,30,STOP SIGN/FLASHER,OTHER,CLEAR,DAYLIGHT,PEDALCYCLIST,NOT DIVIDED,,STRAIGHT AND LEVEL,DRY,NO DEFECTS,ON SCENE,INJURY AND / OR TOW DUE TO CRASH,,,,"$501 - $1,500",09/02/2021 01:48:00 PM,UNABLE TO DETERMINE,UNABLE TO DETERMINE,5507,W,DEVON AVE,1621,,,,,,,2,INCAPACITATING INJURY,1,0,1,0,0,1,0,13,5,9,41.997223615,-87.766222698,POINT (-87.766222698249 41.99722361515)
5d0ac94b527154f48b28a49ca0a0bca6078b1345e9d8641494a7efab6284277f5f12fec5ef19aacd10b72b8d73a07cdda0c61b48f04f1625dd28e61e87195b80,JF224231,,04/29/2022 01:00:00 PM,30,STOP SIGN/FLASHER,FUNCTIONING PROPERLY,CLEAR,DAYLIGHT,PEDALCYCLIST,NOT DIVIDED,,STRAIGHT AND LEVEL,DRY,NO DEFECTS,ON SCENE,NO INJURY / DRIVE AWAY,,,,"OVER $1,500",04/29/2022 01:03:00 PM,UNABLE TO DETERMINE,UNABLE TO DETERMINE,1500,E,53RD ST,234,,,Y,,,,2,NO INDICATION OF INJURY,0,0,0,0,0,2,0,13,6,4,41.799653784,-87.589048953,POINT (-87.589048952605 41.79965378379)
5c0d52fb001524a975a47fc0dddc12cac0d1dd29aa6d3d99cef4a88446f1601572eabe548e95f12d785d51b93c5d4de8cc96a307ccf3d2bb71215d297139853f,JF295754,,06/27/2022 09:20:00 AM,30,TRAFFIC SIGNAL,FUNCTIONING PROPERLY,CLEAR,DAYLIGHT,PEDALCYCLIST,FOUR WAY,,STRAIGHT AND LEVEL,DRY,NO DEFECTS,ON SCENE,INJURY AND / OR TOW DUE TO CRASH,,,,$500 OR LESS,06/27/2022 10:02:00 AM,UNABLE TO DETERMINE,UNABLE TO DETERMINE,954,W,WILSON AVE,1914,N,Y,Y,,,,2,NONINCAPACITATING INJURY,1,0,0,1,0,1,0,9,2,6,41.965543451,-87.654522303,POINT (-87.65452230336 41.965543450707)
5b791ba183a1cb710578a79ed0f668d11df6b786b9b9b68754b25c6cfc2a493e1c4bf5527c894e3f4d3468c7addd1285835bcafdd32f45b7ee2877a2091f5d04,JE431673,,11/02/2021 12:04:00 PM,30,NO CONTROLS,NO CONTROLS,CLEAR,DAYLIGHT,PEDALCYCLIST,NOT DIVIDED,,STRAIGHT AND LEVEL,DRY,SHOULDER DEFECT,NOT ON SCENE (DESK REPORT),INJURY AND / OR TOW DUE TO CRASH,,,Y,$500 OR LESS,11/02/2021 05:00:00 PM,UNABLE TO DETERMINE,NOT APPLICABLE,2343,W,IRVING PARK RD,1921,,,,,,,2,"REPORTED, NOT EVIDENT",1,0,0,0,1,2,0,12,3,11,41.953913903,-87.687728904,POINT (-87.687728903568 41.953913903217)
5ccd9a8b3c7b17bc651efbc95701aa3eacb1824f15b665acd969b23bc0612332be600da5e8197f02890d720e31f326e8e27dd833e0cf7a22af2b72b9e7d54714,JF326552,,07/21/2022 07:25:00 PM,30,TRAFFIC SIGNAL,FUNCTIONING PROPERLY,CLEAR,DAYLIGHT,PEDALCYCLIST,FOUR WAY,,STRAIGHT AND LEVEL,DRY,NO DEFECTS,ON SCENE,INJURY AND / OR TOW DUE TO CRASH,Y,,,"$501 - $1,500",07/21/2022 07:30:00 PM,FAILING TO YIELD RIGHT-OF-WAY,UNABLE TO DETERMINE,5100,S,LAWNDALE AVE,822,,,,,,,2,NONINCAPACITATING INJURY,1,0,0,1,0,1,0,19,5,7,41.800563503,-87.716154423,POINT (-87.716154422752 41.800563502801)
5b441e6834c5695f6bf5fb1983402e3b61b4a6f1c13aef369588fe5302b05158f68aac28095fdce19cf474757fdbfd389b2393540806bbb7a31d27a0221460e3,JF283379,,06/13/2022 08:42:00 PM,30,STOP SIGN/FLASHER,FUNCTIONING PROPERLY,OTHER,DARKNESS,PEDALCYCLIST,NOT DIVIDED,,STRAIGHT AND LEVEL,WET,UNKNOWN,NOT ON SCENE (DESK REPORT),INJURY AND / OR TOW DUE TO CRASH,Y,,Y,$500 OR LESS,06/17/2022 01:49:00 PM,IMPROPER OVERTAKING/PASSING,UNABLE TO DETERMINE,3100,N,SOUTHPORT AVE,1933,,,,,,,2,"REPORTED, NOT EVIDENT",1,0,0,0,1,1,0,20,2,6,41.937983837,-87.663903855,POINT (-87.663903854575 41.937983837158)
5c3e363b01a024850d84bda2aad67d24ccd51c877cff41c97709b36d0c6dfa8cddffe73f243b63f5d780d6e5fb7d2258c87adcee902f4953c35c1f03abe6b1de,JE448605,,11/17/2021 06:09:00 PM,30,NO CONTROLS,NO CONTROLS,RAIN,"DARKNESS, LIGHTED ROAD",PEDALCYCLIST,DIVIDED - W/MEDIAN (NOT RAISED),,STRAIGHT AND LEVEL,WET,NO DEFECTS,ON SCENE,INJURY AND / OR TOW DUE TO CRASH,,,Y,$500 OR LESS,11/17/2021 06:15:00 PM,FAILING TO YIELD RIGHT-OF-WAY,NOT APPLICABLE,5300,W,55TH ST,814,,,,,,,2,INCAPACITATING INJURY,1,0,1,0,0,1,0,18,4,11,41.792957972,-87.755038409,POINT (-87.755038408928 41.79295797238)
5de63b915b926d0bcbda868e4402edc5ba4ce47820d7e29c6a718438cda8cea8f2d2cd61b72d91d2b139b45fd51c37df879613fb255a1feebe1b798752ce4b7f,JF313832,,07/04/2022 06:43:00 PM,30,STOP SIGN/FLASHER,FUNCTIONING PROPERLY,CLEAR,DAWN,PEDALCYCLIST,FOUR WAY,,STRAIGHT AND LEVEL,DRY,NO DEFECTS,NOT ON SCENE (DESK REPORT),INJURY AND / OR TOW DUE TO CRASH,,,,$500 OR LESS,07/11/2022 05:30:00 PM,FAILING TO YIELD RIGHT-OF-WAY,NOT APPLICABLE,166,W,70TH ST,731,,,,,,,2,NONINCAPACITATING INJURY,1,0,0,1,0,1,0,18,2,7,41.767366332,-87.629666696,POINT (-87.629666696136 41.767366331745)
5b0b8387604cf66dacec338837881eddb5f81fd10ec930c6e971d7ad40cd1995cda4d4325f722ea04a62a4de40108edd7570676dee37f5cc24032cfc6d33a24d,JF277043,,06/12/2022 04:00:00 PM,30,NO CONTROLS,NO CONTROLS,CLEAR,DAYLIGHT,PEDALCYCLIST,DIVIDED - W/MEDIAN (NOT RAISED),,STRAIGHT AND LEVEL,DRY,NO DEFECTS,,INJURY AND / OR TOW DUE TO CRASH,Y,,Y,"OVER $1,500",06/12/2022 04:11:00 PM,UNABLE TO DETERMINE,UNABLE TO DETERMINE,4923,N,CLARK ST,2033,,,,,,,2,NONINCAPACITATING INJURY,1,0,0,1,0,1,0,16,1,6,41.972455869,-87.66775631,POINT (-87.667756310256 41.972455869129)
5baff7f0aa2b01d460cfab580078f06bc5db3bf5012f2f19ef0ffb08c909d6ef7d8d703cceaabaa73efa83cd70f0ab063f5c296b514866688f0d746fc6b54c2b,JE402016,,10/07/2021 09:43:00 PM,30,NO CONTROLS,NO CONTROLS,CLOUDY/OVERCAST,"DARKNESS, LIGHTED ROAD",PEDALCYCLIST,NOT DIVIDED,,STRAIGHT AND LEVEL,WET,NO DEFECTS,ON SCENE,INJURY AND / OR TOW DUE TO CRASH,,,,$500 OR LESS,10/07/2021 09:43:00 PM,DRIVING SKILLS/KNOWLEDGE/EXPERIENCE,DRIVING SKILLS/KNOWLEDGE/EXPERIENCE,5913,N,CLARK ST,2013,,,Y,,,,2,NONINCAPACITATING INJURY,1,0,0,1,0,1,0,21,5,10,41.988839969,-87.669745251,POINT (-87.669745251286 41.988839969318)
5b6ef831831cd39c8ede019b4bc7e3a4a42d794ae4bcff1d33d377b70402aea051d2ba5c4eb209ede3234b0f05496e1dbbaecd19db58c01baf1eca37c0105b4c,JE377482,,09/17/2021 04:45:00 PM,30,UNKNOWN,FUNCTIONING PROPERLY,CLEAR,DAYLIGHT,PEDALCYCLIST,NOT DIVIDED,,STRAIGHT AND LEVEL,DRY,NO DEFECTS,NOT ON SCENE (DESK REPORT),INJURY AND / OR TOW DUE TO CRASH,,,,"OVER $1,500",09/17/2021 05:40:00 PM,UNABLE TO DETERMINE,UNABLE TO DETERMINE,1800,S,WENTWORTH AVE,914,,,,,,,2,"REPORTED, NOT EVIDENT",1,0,0,0,1,1,0,16,6,9,41.857743751,-87.632039063,POINT (-87.632039062819 41.857743750896)
5d210b72e47dadbb1e32425145fe22caca38b5779da47a4c6db66847623543e76d9386c644bcbe6db4575e1ceffd4acf8de1a8e875806f7e2b5b74b84d4fcde5,JE395425,N,10/02/2021 01:45:00 PM,30,NO CONTROLS,NO CONTROLS,CLEAR,DAYLIGHT,PEDALCYCLIST,DIVIDED - W/MEDIAN (NOT RAISED),,STRAIGHT AND LEVEL,DRY,NO DEFECTS,ON SCENE,INJURY AND / OR TOW DUE TO CRASH,,,,"OVER $1,500",10/02/2021 01:49:00 PM,NOT APPLICABLE,NOT APPLICABLE,2714,N,CICERO AVE,2521,,,Y,,,,2,"REPORTED, NOT EVIDENT",2,0,0,0,2,0,0,13,7,10,41.930147569,-87.746683509,POINT (-87.746683508872 41.930147568973)
5df72546896d0fdb617acfbc4f0c39b8ed28aa9baed603a800ed76a49f2194c3fa6b850f12c798189e098c94171bfcbe12d10977bada034e15a57f825a45a626,JF192593,,03/31/2022 02:00:00 PM,30,NO CONTROLS,NO CONTROLS,CLEAR,DAYLIGHT,PEDALCYCLIST,OTHER,,STRAIGHT AND LEVEL,DRY,NO DEFECTS,ON SCENE,NO INJURY / DRIVE AWAY,,,,$500 OR LESS,03/31/2022 02:20:00 PM,UNABLE TO DETERMINE,UNABLE TO DETERMINE,4020,N,NARRAGANSETT AVE,1632,,,,,,,2,NO INDICATION OF INJURY,0,0,0,0,0,2,0,14,5,3,41.953594171,-87.786731808,POINT (-87.78673180848 41.953594170549)
a5b318de26d5ec2c3596a7a9ef64746455d59af97a339ccd12d7df611129c31e626be086885ad375937e4e1753c63a5e732f55734f08c5c35c37d7bc4607ea81,JE401562,,10/01/2021 04:45:00 PM,30,UNKNOWN,UNKNOWN,UNKNOWN,UNKNOWN,PEDALCYCLIST,UNKNOWN,,STRAIGHT AND LEVEL,UNKNOWN,UNKNOWN,NOT ON SCENE (DESK REPORT),INJURY AND / OR TOW DUE TO CRASH,,,,$500 OR LESS,10/07/2021 03:37:00 PM,NOT APPLICABLE,NOT APPLICABLE,3927,W,83RD PL,834,,,,,,,2,"REPORTED, NOT EVIDENT",1,0,0,0,1,1,0,16,6,10,41.741175653,-87.720315267,POINT (-87.720315266704 41.741175653153)
5c33b4875d26f8afefa1a4912a6a1a77065ee7d49b22580636a967156de271d8f815503eef1f006cd980e0d3bd0a4b446643ee22010f8db3c82da25869e111fc,JF283617,,06/17/2022 02:30:00 PM,30,NO CONTROLS,NO CONTROLS,CLEAR,DAYLIGHT,PEDALCYCLIST,NOT DIVIDED,,STRAIGHT AND LEVEL,DRY,NO DEFECTS,NOT ON SCENE (DESK REPORT),INJURY AND / OR TOW DUE TO CRASH,,,,"OVER $1,500",06/17/2022 04:48:00 PM,IMPROPER TURNING/NO SIGNAL,NOT APPLICABLE,1407,W,LAKE ST,1224,,,,,,,2,"REPORTED, NOT EVIDENT",1,0,0,0,1,1,0,14,6,6,41.885299499,-87.662758638,POINT (-87.662758637707 41.88529949893)
5b46dd959cfab5ada668f7e5ec36581a26ac14c4b0b46764779157c78ea25ad1467cb6f3dec96228339c1d87fb2845a025c28bb2875a075a8b18bfa93991c9f5,JF284985,,06/18/2022 05:12:00 PM,30,UNKNOWN,UNKNOWN,CLEAR,DAYLIGHT,PEDALCYCLIST,NOT DIVIDED,,STRAIGHT AND LEVEL,DRY,NO DEFECTS,ON SCENE,INJURY AND / OR TOW DUE TO CRASH,,,,"$501 - $1,500",06/18/2022 05:15:00 PM,UNABLE TO DETERMINE,UNABLE TO DETERMINE,4099,N,ASHLAND AVE,1912,,Y,,,,,2,"REPORTED, NOT EVIDENT",1,0,0,0,1,1,0,17,7,6,41.956038927,-87.668949246,POINT (-87.668949245545 41.956038927499)
5c05ef2b160b9904afedb7b2b8090cd7952405f3c8de878c1078ec3f893b019425f43305b547a6053127fbe42a5225cfe84ce9655d6eeafedea374a1260e6a63,JF249517,,05/20/2022 10:40:00 AM,20,STOP SIGN/FLASHER,NO CONTROLS,UNKNOWN,DAYLIGHT,PEDALCYCLIST,T-INTERSECTION,,STRAIGHT AND LEVEL,UNKNOWN,UNKNOWN,,INJURY AND / OR TOW DUE TO CRASH,Y,,,"OVER $1,500",05/20/2022 03:49:00 PM,NOT APPLICABLE,NOT APPLICABLE,2400,W,BALMORAL AVE,2011,,,,,,,2,NONINCAPACITATING INJURY,1,0,0,1,0,1,0,10,6,5,41.979633593,-87.689359206,POINT (-87.689359205893 41.97963359316)
5f1c373a4b3faadfbb9df820353f44f292f68d2b76e63fedbf38a165a266b0fd4f15ad2c7133b88108206ea086f4bad44e3c64e46a879f09ae5d0b48880d11e6,JE424830,,10/27/2021 09:30:00 PM,30,TRAFFIC SIGNAL,FUNCTIONING PROPERLY,CLEAR,"DARKNESS, LIGHTED ROAD",PEDALCYCLIST,DIVIDED - W/MEDIAN (NOT RAISED),,STRAIGHT AND LEVEL,DRY,UNKNOWN,ON SCENE,INJURY AND / OR TOW DUE TO CRASH,,,Y,"$501 - $1,500",10/27/2021 09:40:00 PM,IMPROPER LANE USAGE,IMPROPER OVERTAKING/PASSING,1160,W,DIVERSEY PKWY,1933,,,,,,,2,NONINCAPACITATING INJURY,1,0,0,1,0,1,0,21,4,10,41.932674418,-87.658228689,POINT (-87.658228688509 41.932674418056)