CRASH_RECORD_ID,RD_NO,CRASH_DATE_EST_I,CRASH_DATE,POSTED_SPEED_LIMIT,TRAFFIC_CONTROL_DEVICE,DEVICE_CONDITION,WEATHER_CONDITION,LIGHTING_CONDITION,FIRST_CRASH_TYPE,TRAFFICWAY_TYPE,LANE_CNT,ALIGNMENT,ROADWAY_SURFACE_COND,ROAD_DEFECT,REPORT_TYPE,CRASH_TYPE,INTERSECTION_RELATED_I,NOT_RIGHT_OF_WAY_I,HIT_AND_RUN_I,DAMAGE,DATE_POLICE_NOTIFIED,PRIM_CONTRIBUTORY_CAUSE,SEC_CONTRIBUTORY_CAUSE,STREET_NO,STREET_DIRECTION,STREET_NAME,BEAT_OF_OCCURRENCE,PHOTOS_TAKEN_I,STATEMENTS_TAKEN_I,DOORING_I,WORK_ZONE_I,WORK_ZONE_TYPE,WORKERS_PRESENT_I,NUM_UNITS,MOST_SEVERE_INJURY,INJURIES_TOTAL,INJURIES_FATAL,INJURIES_INCAPACITATING,INJURIES_NON_INCAPACITATING,INJURIES_REPORTED_NOT_EVIDENT,INJURIES_NO_INDICATION,INJURIES_UNKNOWN,CRASH_HOUR,CRASH_DAY_OF_WEEK,CRASH_MONTH,LATITUDE,LONGITUDE,LOCATION
5fd4880d18a262c8d9f521b3b8f2a29d280cdcbcfcf932458fb8ed0ea428ce2f9e3eef4ac02f94667ee77480b99ace64577d684f8978b29c8117c53f7443bf65,JE434154,,11/04/2021 06:13:00 PM,30,TRAFFIC SIGNAL,FUNCTIONING PROPERLY,CLEAR,DAWN,PEDALCYCLIST,DIVIDED - W/MEDIAN (NOT RAISED),,STRAIGHT AND LEVEL,DRY,NO DEFECTS,ON SCENE,INJURY AND / OR TOW DUE TO CRASH,Y,,,"$501 - $1,500",11/04/2021 06:13:00 PM,UNABLE TO DETERMINE,UNABLE TO DETERMINE,2200,W,ADDISON ST,1921,,,,,,,2,NONINCAPACITATING INJURY,1,0,0,1,0,2,0,18,5,11,41.946909114,-87.683469891,POINT (-87.683469891004 41.946909113959)
a5fa9744fd54a0f87cd6bc64a738ffe4fe2634f5c791bc35fd21b8d638af623ee44a3a2a07c979acd0dc4f220d75cb5d3d73dbd22a6d9ebcca426cb217e921a3,JE478647,,12/15/2021 05:46:00 PM,25,NO CONTROLS,NO CONTROLS,CLEAR,DUSK,PEDALCYCLIST,NOT DIVIDED,,STRAIGHT AND LEVEL,DRY,NO DEFECTS,ON SCENE,INJURY AND / OR TOW DUE TO CRASH,Y,,,"$501 - $1,500",12/15/2021 05:46:00 PM,UNABLE TO DETERMINE,UNABLE TO DETERMINE,1841,N,OAKLEY AVE,1434,,,,,,,2,NONINCAPACITATING INJURY,1,0,0,1,0,1,0,17,4,12,41.915201186,-87.684794647,POINT (-87.684794646929 41.915201185782)
5f37f903c1df58930b0f46273c57dc3df20339a5793950d6b662fbf74bcd83305fa497a1feffa93012acca78a4b19cc1a304dd6ecef23c2fa6f11c55869cd075,JF301668,,07/01/2022 03:30:00 PM,30,TRAFFIC SIGNAL,FUNCTIONING PROPERLY,CLEAR,DAYLIGHT,PEDALCYCLIST,UNKNOWN INTERSECTION TYPE,,STRAIGHT AND LEVEL,DRY,NO DEFECTS,NOT ON SCENE (DESK REPORT),INJURY AND / OR TOW DUE TO CRASH,Y,,,$500 OR LESS,07/01/2022 05:50:00 PM,UNABLE TO DETERMINE,UNABLE TO DETERMINE,3421,N,ELSTON AVE,1733,,,,,,,2,NONINCAPACITATING INJURY,1,0,0,1,0,1,0,15,6,7,41.943239199,-87.703698032,POINT (-87.703698032362 41.943239199161)
5f96f303507feb25c890fd0499e52064314cd071e1707fec9080b05622cc5e115749a515576a37f32e1f08c19c7ba5375502bd5753c195ca8352c3ab23b5fd20,JF221158,,04/26/2022 07:00:00 PM,30,NO CONTROLS,NO CONTROLS,CLEAR,DAYLIGHT,PEDALCYCLIST,ONE-WAY,,STRAIGHT AND LEVEL,DRY,UNKNOWN,ON SCENE,INJURY AND / OR TOW DUE TO CRASH,,,,"OVER $1,500",04/26/2022 07:02:00 PM,IMPROPER BACKING,UNABLE TO DETERMINE,222,W,SUPERIOR ST,1831,,,,,,,2,NONINCAPACITATING INJURY,1,0,0,1,0,1,0,19,3,4,41.895689887,-87.635183348,POINT (-87.635183347784 41.895689886917)
603baf067526775cc114e730d70d52620f8c63352895814d63e95e7ea6e676e0231b7f7587d8f01e46d6dafabb9624ac5f83c84ef697edea73c613bc5fb609b2,JE388325,,09/26/2021 08:30:00 PM,30,TRAFFIC SIGNAL,FUNCTIONING PROPERLY,CLEAR,DAYLIGHT,PEDALCYCLIST,NOT DIVIDED,,STRAIGHT AND LEVEL,DRY,NO DEFECTS,NOT ON SCENE (DESK REPORT),NO INJURY / DRIVE AWAY,Y,,,"$501 - $1,500",09/26/2021 08:45:00 PM,UNABLE TO DETERMINE,NOT APPLICABLE,3129,W,LOGAN BLVD,1414,,,,,,,2,NO INDICATION OF INJURY,0,0,0,0,0,2,0,20,1,9,41.927864203,-87.706161882,POINT (-87.706161881884 41.927864202687)
5ee4a225c05a04386642dd8e7e41b0cb6bf0a71144afa290d1ae00e0fb458b41b7c5fad7991cc821458e6c546420ef22fd3211941a197b4ec5a5d345242cb08f,JF141322,,02/11/2022 02:20:00 PM,30,NO CONTROLS,UNKNOWN,CLEAR,DAYLIGHT,PEDALCYCLIST,NOT DIVIDED,,STRAIGHT ON GRADE,DRY,UNKNOWN,ON SCENE,INJURY AND / OR TOW DUE TO CRASH,,,,$500 OR LESS,02/11/2022 03:01:00 PM,UNABLE TO DETERMINE,UNABLE TO DETERMINE,520,N,WABASH AVE,1834,,Y,Y,,,,2,NONINCAPACITATING INJURY,1,0,0,1,0,1,0,14,6,2,41.891644442,-87.626863541,POINT (-87.626863540571 41.891644442098)
611e95c038de4a350d9c55bb4d4f0bdfad3f67ea865a18a307e2382309219a8935a876af36b60fbfaedacddc494a4cf785833d6798123e32a47474992a50799f,JE379876,,09/19/2021 05:37:00 PM,15,STOP SIGN/FLASHER,FUNCTIONING PROPERLY,CLEAR,DAYLIGHT,PEDALCYCLIST,NOT DIVIDED,,STRAIGHT AND LEVEL,DRY,NO DEFECTS,NOT ON SCENE (DESK REPORT),NO INJURY / DRIVE AWAY,,,,"OVER $1,500",09/19/2021 05:39:00 PM,FAILING TO YIELD RIGHT-OF-WAY,NOT APPLICABLE,3130,N,BELMONT HARBOR ACCESS RD,1934,,,,,,,2,NO INDICATION OF INJURY,0,0,0,0,0,2,0,17,1,9,41.939731816,-87.637331745,POINT (-87.637331745195 41.939731815985)
5fb8a6691b9cc9e7b7e233dbdd032448534b1d636b9b1a82b7431e44f5408e39cb61396677e7302c93d42b2aae0115a9ca47527eca72248cd1852a622ab4a7c1,JF119894,,01/21/2022 02:05:00 PM,35,TRAFFIC SIGNAL,FUNCTIONING PROPERLY,CLEAR,DAYLIGHT,PEDALCYCLIST,FOUR WAY,,STRAIGHT AND LEVEL,DRY,NO DEFECTS,ON SCENE,INJURY AND / OR TOW DUE TO CRASH,Y,,,$500 OR LESS,01/21/2022 02:05:00 PM,UNABLE TO DETERMINE,UNABLE TO DETERMINE,1537,W,DIVISION ST,1213,,,,,,,2,NONINCAPACITATING INJURY,1,0,0,1,0,1,0,14,6,1,41.903247442,-87.666609574,POINT (-87.666609574432 41.903247441534)
6024b19b85a1396569c0abf5b607e7f0b38bce9ffc3acd011a074f4705bf120c729cf4a2b9973bb8d0c361c5cc62d5255a233556aae7a2a0a77c061a4e83db58,JE387270,,09/25/2021 07:40:00 PM,30,NO CONTROLS,NO CONTROLS,CLEAR,"DARKNESS, LIGHTED ROAD",PEDALCYCLIST,DIVIDED - W/MEDIAN (NOT RAISED),,STRAIGHT AND LEVEL,DRY,NO DEFECTS,ON SCENE,INJURY AND / OR TOW DUE TO CRASH,,,,$500 OR LESS,09/25/2021 07:43:00 PM,FAILING TO YIELD RIGHT-OF-WAY,NOT APPLICABLE,4555,N,BROADWAY,1914,,,,,,,2,"REPORTED, NOT EVIDENT",1,0,0,0,1,1,0,19,7,9,41.965200222,-87.657183461,POINT (-87.657183460607 41.965200222034)
60bef1ec9d5a7461b97fc2d4b7586ee84f56d4faab98eb21f5b33674f17bbbea64bc9d98487100f95c1eb09e2e45ddf4c1a27e4c3e73b8f6645e5a042c0cc234,JE382432,,09/21/2021 05:44:00 PM,30,TRAFFIC SIGNAL,FUNCTIONING PROPERLY,CLOUDY/OVERCAST,DAYLIGHT,PEDALCYCLIST,DIVIDED - W/MEDIAN BARRIER,,STRAIGHT AND LEVEL,DRY,NO DEFECTS,ON SCENE,INJURY AND / OR TOW DUE TO CRASH,,,,$500 OR LESS,09/21/2021 05:51:00 PM,BICYCLE ADVANCING LEGALLY ON RED LIGHT,NOT APPLICABLE,298,S,MICHIGAN AVE,113,,,,,,,2,NONINCAPACITATING INJURY,1,0,0,1,0,1,0,17,3,9,41.87834487,-87.62445364,POINT (-87.624453640106 41.878344870377)
5fea6294a44982d53c68dc21865553f1740da36ce35f0abfd3a68f33de82f601d1a7ea459eaae671f516d9fc2118848550b36e4059b7b366f55250359da61808,JF289667,,06/22/2022 10:28:00 AM,30,NO CONTROLS,NO CONTROLS,CLEAR,DAYLIGHT,PEDALCYCLIST,FOUR WAY,,STRAIGHT AND LEVEL,DRY,NO DEFECTS,ON SCENE,INJURY AND / OR TOW DUE TO CRASH,Y,,Y,"OVER $1,500",06/22/2022 10:44:00 AM,FAILING TO YIELD RIGHT-OF-WAY,DISREGARDING ROAD MARKINGS,6066,W,HIGGINS AVE,1622,,Y,,,,,2,INCAPACITATING INJURY,1,0,1,0,0,1,0,10,4,6,41.974027887,-87.780520458,POINT (-87.78052045817 41.974027887275)
5f538307e2667d6c30341e18b7a2942c9a31406367e1fa403e3f7a81102f712f523db4ff581c51e98b6c54a32cffa4ee10674141327db4b07f7109f7391b630f,JF221159,Y,04/26/2022 08:30:00 AM,30,STOP SIGN/FLASHER,FUNCTIONING PROPERLY,CLEAR,DAYLIGHT,PEDALCYCLIST,FOUR WAY,,STRAIGHT AND LEVEL,DRY,NO DEFECTS,ON SCENE,INJURY AND / OR TOW DUE TO CRASH,,,Y,$500 OR LESS,04/26/2022 07:06:00 PM,FAILING TO REDUCE SPEED TO AVOID CRASH,UNABLE TO DETERMINE,1901,W,WILSON AVE,1912,,,,,,,2,"REPORTED, NOT EVIDENT",1,0,0,0,1,1,0,8,3,4,41.965029254,-87.676180012,POINT (-87.676180011933 41.965029254255)
5ec14111ec6de15c576881c8796d8d2794e835144984c7ddeaa2a1644c7219b3f4ac28783200130468b523c218ed6ebfcd5675ccf3d6962b7c4f11b18d2f0752,JF260548,,05/29/2022 11:02:00 PM,30,TRAFFIC SIGNAL,FUNCTIONING PROPERLY,CLEAR,DARKNESS,PEDALCYCLIST,T-INTERSECTION,,STRAIGHT AND LEVEL,DRY,NO DEFECTS,ON SCENE,INJURY AND / OR TOW DUE TO CRASH,,,,"OVER $1,500",05/29/2022 11:07:00 PM,FAILING TO REDUCE SPEED TO AVOID CRASH,FAILING TO YIELD RIGHT-OF-WAY,2432,S,MICHIGAN AVE,131,,,,,,,2,NONINCAPACITATING INJURY,1,0,0,1,0,3,0,23,1,5,41.848180955,-87.623828772,POINT (-87.623828772097 41.848180955243)
5eb39ba3dc2645ac5e51a9dc0351c7b2c8208687444079befd94d63f807499ebfe8468f91a32b275256ea1a37092dfbdd40596459903d7f08583c3ce142e9805,JF304016,,07/03/2022 03:44:00 PM,30,STOP SIGN/FLASHER,OTHER,CLEAR,DAYLIGHT,PEDALCYCLIST,T-INTERSECTION,,STRAIGHT AND LEVEL,DRY,UNKNOWN,ON SCENE,INJURY AND / OR TOW DUE TO CRASH,Y,,,"OVER $1,500",07/03/2022 03:44:00 PM,FAILING TO REDUCE SPEED TO AVOID CRASH,NOT APPLICABLE,5500,S,PRAIRIE AVE,231,,,,,,,2,NONINCAPACITATING INJURY,1,0,0,1,0,1,0,15,1,7,41.794392086,-87.619362623,POINT (-87.619362622546 41.794392085533)
5ef7aa8ab938d0ea7e184d2345a280b6ee2417422d742aa9bdd68e833bfccfed24340cb661a77141b8a85c9c175d66cd7204263cc9f463854b4b2623c21f29cf,JF202627,,04/09/2022 02:00:00 PM,30,NO CONTROLS,NO CONTROLS,CLEAR,DAYLIGHT,PEDALCYCLIST,NOT DIVIDED,,STRAIGHT AND LEVEL,DRY,NO DEFECTS,ON SCENE,INJURY AND / OR TOW DUE TO CRASH,,,,"OVER $1,500",04/09/2022 02:01:00 PM,UNABLE TO DETERMINE,NOT APPLICABLE,2414,N,OAK PARK AVE,2512,,,Y,,,,2,NONINCAPACITATING INJURY,1,0,0,1,0,2,0,14,7,4,41.924082197,-87.7954045,POINT (-87.795404500099 41.924082197416)
61acff725fecde07533d3d791096ffb1fa3413a3aa780d5a9dd58c043e71c65621421bcd98568212c97b4ab5ff85521cea5bd68a8b67e505aa1f3ec478d03557,JF290904,,06/23/2022 10:55:00 AM,30,NO CONTROLS,NO CONTROLS,CLEAR,DAYLIGHT,PEDALCYCLIST,NOT DIVIDED,,STRAIGHT AND LEVEL,DRY,NO DEFECTS,ON SCENE,NO INJURY / DRIVE AWAY,,,,$500 OR LESS,06/23/2022 11:00:00 AM,NOT APPLICABLE,NOT APPLICABLE,114,N,HALSTED ST,1224,,,,,,,2,NO INDICATION OF INJURY,0,0,0,0,0,2,0,10,5,6,41.883639396,-87.64756109,POINT (-87.647561089902 41.883639396362)
643b568d916695a76cd7dd325d61c1443fc41de45ca4e915794a2bdda72521f3ffa9423bcef50fe046d63cbd11368ae9fc0afbe6850b8bd52c3baaea517a117f,JF100667,,01/01/2022 03:33:00 PM,30,NO CONTROLS,NO CONTROLS,SNOW,DAYLIGHT,PEDALCYCLIST,NOT DIVIDED,,STRAIGHT AND LEVEL,SNOW OR SLUSH,NO DEFECTS,ON SCENE,INJURY AND / OR TOW DUE TO CRASH,,,,$500 OR LESS,01/01/2022 03:33:00 PM,"VISION OBSCURED (SIGNS, TREE LIMBS, BUILDINGS, ETC.)",FAILING TO YIELD RIGHT-OF-WAY,3531,N,BROADWAY,1925,,,Y,,,,2,NONINCAPACITATING INJURY,1,0,0,1,0,1,0,15,7,1,41.946384652,-87.646524863,POINT (-87.646524863347 41.946384651554)
62f764c89279615b0340a8d6cc98f2f0a6067a81cdd33f8aa82a9514d08a383232fa8050c39f9b0b94ffa0b75b4ebc834081e212a3bbd81a7ae24477f84a41df,JF254294,,05/24/2022 06:45:00 PM,30,NO CONTROLS,NO CONTROLS,CLEAR,DAYLIGHT,PEDALCYCLIST,T-INTERSECTION,,STRAIGHT AND LEVEL,DRY,NO DEFECTS,ON SCENE,INJURY AND / OR TOW DUE TO CRASH,Y,,Y,"$501 - $1,500",05/24/2022 06:52:00 PM,"OPERATING VEHICLE IN ERRATIC, RECKLESS, CARELESS, NEGLIGENT OR AGGRESSIVE MANNER",FAILING TO REDUCE SPEED TO AVOID CRASH,429,W,ARMITAGE AVE,1813,,,,,,,2,NONINCAPACITATING INJURY,1,0,0,1,0,2,0,18,3,5,41.918195563,-87.63989307,POINT (-87.639893069688 41.918195562666)
63d36384d856c1b0e8fe0ee521c659f849af32535cf894943fa614f917c1db7e0f6119ea97832595eba9c08f474e96de8f4a4399ad7986d21468d1a538508d45,JF265022,,06/02/2022 01:20:00 PM,30,TRAFFIC SIGNAL,FUNCTIONING PROPERLY,CLEAR,DAYLIGHT,PEDALCYCLIST,NOT DIVIDED,,STRAIGHT AND LEVEL,DRY,NO DEFECTS,ON SCENE,NO INJURY / DRIVE AWAY,Y,,Y,$500 OR LESS,06/02/2022 01:23:00 PM,IMPROPER TURNING/NO SIGNAL,NOT APPLICABLE,350,W,BELDEN AVE,1814,,,,,,,2,NO INDICATION OF INJURY,0,0,0,0,0,2,0,13,5,6,41.923894957,-87.638495491,POINT (-87.638495491216 41.923894957243)
64b7ac8cae9db96759dbfa181ede6e3c7cae37c932e374814f699c9c75c190607ae7975d73410da9d50fadde085af6bb3b6f9acc32af1444d1de358afab78447,JF287098,,06/19/2022 09:48:00 PM,10,NO CONTROLS,NO CONTROLS,CLEAR,"DARKNESS, LIGHTED ROAD",PEDALCYCLIST,ONE-WAY,,STRAIGHT AND LEVEL,DRY,NO DEFECTS,NOT ON SCENE (DESK REPORT),NO INJURY / DRIVE AWAY,,,Y,"$501 - $1,500",06/20/2022 12:30:00 PM,NOT APPLICABLE,NOT APPLICABLE,7208,N,ROGERS AVE,2424,,,,,,,2,NO INDICATION OF INJURY,0,0,0,0,0,1,0,21,1,6,42.012760502,-87.682427262,POINT (-87.682427262373 42.012760502423)
649b48a285696ec48bf043731b85a3cbf2a03aa992efccde3016558a2d63ccbc12c78f456f25f1e43903b03d91d1968ffb01f2e5bc694237dcf6c8be190c85ee,JF305042,,07/03/2022 01:15:00 PM,25,NO CONTROLS,NO CONTROLS,CLEAR,DAYLIGHT,PEDALCYCLIST,ONE-WAY,,STRAIGHT AND LEVEL,DRY,NO DEFECTS,NOT ON SCENE (DESK REPORT),INJURY AND / OR TOW DUE TO CRASH,,,,$500 OR LESS,07/04/2022 02:30:00 PM,FAILING TO YIELD RIGHT-OF-WAY,DRIVING SKILLS/KNOWLEDGE/EXPERIENCE,911,W,RANDOLPH ST,1224,,,Y,,,,2,"REPORTED, NOT EVIDENT",1,0,0,0,1,1,0,13,1,7,41.884249178,-87.650264212,POINT (-87.650264212141 41.884249178319)
6393b5935266975d59308f214e4b9b07f6a641c3f7809c803dafcf1e9375d9033430d23832c1a271be65ab145b1bd98037bb52bf348ada7fe0c58d4219f8ed1f,JE380923,,09/18/2021 08:02:00 PM,30,NO CONTROLS,NO CONTROLS,CLEAR,"DARKNESS, LIGHTED ROAD",PEDALCYCLIST,NOT DIVIDED,,STRAIGHT AND LEVEL,DRY,NO DEFECTS,,INJURY AND / OR TOW DUE TO CRASH,,,Y,$500 OR LESS,09/20/2021 03:20:00 PM,UNABLE TO DETERMINE,NOT APPLICABLE,45,E,CHICAGO AVE,1833,,,Y,,,,2,"REPORTED, NOT EVIDENT",1,0,0,0,1,1,0,20,7,9,41.896591442,-87.626467111,POINT (-87.626467110625 41.896591441537)
6421efef56dbb0e49b0fe3b488e4c50e3e1561748d2a157e68e7a3a856e64421f6cc0feecf2c2afd1aaf879388d24aa3b177a124150c4ac91c22a6796f7a0021,JE428693,,10/31/2021 07:15:00 AM,25,NO CONTROLS,NO CONTROLS,UNKNOWN,DAWN,PEDALCYCLIST,NOT DIVIDED,,STRAIGHT AND LEVEL,UNKNOWN,UNKNOWN,ON SCENE,NO INJURY / DRIVE AWAY,,,,"OVER $1,500",10/31/2021 07:25:00 AM,UNABLE TO DETERMINE,UNABLE TO DETERMINE,4810,W,AUGUSTA BLVD,1531,,,,,,,2,NO INDICATION OF INJURY,0,0,0,0,0,2,0,7,1,10,41.898773875,-87.746392517,POINT (-87.746392517472 41.898773875295)
6346b9ae71ffebb5b8fc18d7908ea9288abc5f38037bef428d736cea95168a92bcfccb3dbd23576d9a5e0b68dac7a9198e95d1b9889cea1d2dd2cbb8edb7dd4c,JF287814,,06/20/2022 08:30:00 PM,30,STOP SIGN/FLASHER,FUNCTIONING PROPERLY,CLEAR,DAYLIGHT,PEDALCYCLIST,NOT DIVIDED,,STRAIGHT AND LEVEL,DRY,NO DEFECTS,NOT ON SCENE (DESK REPORT),NO INJURY / DRIVE AWAY,Y,,,"$501 - $1,500",06/20/2022 10:10:00 PM,FAILING TO YIELD RIGHT-OF-WAY,FAILING TO YIELD RIGHT-OF-WAY,6300,W,RAVEN ST,1611,,,,,,,2,NO INDICATION OF INJURY,0,0,0,0,0,4,0,20,2,6,41.994527192,-87.785360049,POINT (-87.785360048589 41.994527192186)
630d795f3e7405f2c644fa2f1d9e8160726875a351dc60364aa08700a9f564541642aba9d76540c0dc16183a43270f19c7b053e0f504d0d5f047c55c4a59bf47,JE368864,Y,09/10/2021 07:15:00 PM,30,TRAFFIC SIGNAL,FUNCTIONING PROPERLY,CLEAR,DAYLIGHT,PEDALCYCLIST,NOT DIVIDED,,STRAIGHT AND LEVEL,DRY,NO DEFECTS,ON SCENE,INJURY AND / OR TOW DUE TO CRASH,Y,,,"OVER $1,500",09/10/2021 07:21:00 PM,DISREGARDING TRAFFIC SIGNALS,NOT APPLICABLE,524,N,RUSH ST,1834,,,,,,,2,"REPORTED, NOT EVIDENT",1,0,0,0,1,1,0,19,6,9,41.891673236,-87.625518526,POINT (-87.625518526412 41.891673235519)
6405f10e4111276614faf8fb66845550e8384ebe6d07a513778e564daa3b2ebf6d28dccae7d1546c5c7f010d90950a0d5f554b0bffe313334011fafa51802c19,JF292122,,06/24/2022 10:10:00 AM,30,STOP SIGN/FLASHER,FUNCTIONING PROPERLY,CLEAR,DAYLIGHT,PEDALCYCLIST,DIVIDED - W/MEDIAN BARRIER,,STRAIGHT AND LEVEL,DRY,NO DEFECTS,ON SCENE,INJURY AND / OR TOW DUE TO CRASH,Y,,,$500 OR LESS,06/24/2022 10:12:00 AM,FAILING TO YIELD RIGHT-OF-WAY,NOT APPLICABLE,617,W,WILSON DR,1914,,,,,,,2,"REPORTED, NOT EVIDENT",1,0,0,0,1,1,0,10,6,6,41.96571405,-87.646011069,POINT (-87.646011068911 41.965714049552)
6201bacac77aa25754270858cee607b72b734acc9a61d692afd52e82cc6f0aa35b485fe2a694396f20d6f47877fdb91f180b58fbeeaf28dbb2b8e50af53519cd,JF313680,,07/11/2022 01:45:00 PM,30,NO CONTROLS,NO CONTROLS,CLEAR,DAYLIGHT,PEDALCYCLIST,DIVIDED - W/MEDIAN (NOT RAISED),,STRAIGHT AND LEVEL,DRY,NO DEFECTS,ON SCENE,INJURY AND / OR TOW DUE TO CRASH,,,,"$501 - $1,500",07/11/2022 04:14:00 PM,FAILING TO YIELD RIGHT-OF-WAY,NOT APPLICABLE,4517,S,ARCHER AVE,821,,,,,,,2,INCAPACITATING INJURY,1,0,1,0,0,1,0,13,2,7,41.811246511,-87.708645189,POINT (-87.708645189009 41.811246511152)
61f914450b8286ea79e5da8d70c6189526e25741378921a51d9c45143fab6454014d0eaa0573feb59d3c6a30122d30c43b262cff57fcd2e94b021486663aeacd,JF291266,,06/23/2022 04:00:00 PM,30,NO CONTROLS,NO CONTROLS,CLEAR,DAYLIGHT,PEDALCYCLIST,NOT DIVIDED,,STRAIGHT AND LEVEL,DRY,NO DEFECTS,ON SCENE,INJURY AND / OR TOW DUE TO CRASH,,,,"OVER $1,500",06/23/2022 04:05:00 PM,UNABLE TO DETERMINE,NOT APPLICABLE,4621,N,BROADWAY,1914,,,,,,,2,NONINCAPACITATING INJURY,1,0,0,1,0,1,0,16,5,6,41.966013876,-87.65770297,POINT (-87.657702969761 41.9660138764)
64057e04056c59d68db9d9e3039938abb39dfbabc851c5e3abb81eb4206333968162bf2699c6086fce49370a272ce62f8c8568e47f645172669d004f7d726346,JE417908,,10/21/2021 05:55:00 PM,25,NO CONTROLS,NO CONTROLS,CLEAR,"DARKNESS, LIGHTED ROAD",PEDALCYCLIST,NOT DIVIDED,,STRAIGHT AND LEVEL,WET,NO DEFECTS,ON SCENE,INJURY AND / OR TOW DUE TO CRASH,,,,"$501 - $1,500",10/21/2021 05:58:00 PM,UNABLE TO DETERMINE,UNABLE TO DETERMINE,2929,N,BROADWAY,1934,,,,,,,2,NONINCAPACITATING INJURY,1,0,0,1,0,0,0,17,5,10,41.935803622,-87.644109571,POINT (-87.644109570509 41.935803621754)
66858b316907fbd2cd723ea0a31010a7cb8a32ae51b351f9a2484067636b85531fdd30c73085e87a19f1094d20d061431dd754be7fd02deef87070431418c325,JF297041,,06/28/2022 08:30:00 AM,30,STOP SIGN/FLASHER,FUNCTIONING PROPERLY,CLEAR,DAYLIGHT,PEDALCYCLIST,NOT DIVIDED,,STRAIGHT AND LEVEL,DRY,NO DEFECTS,ON SCENE,INJURY AND / OR TOW DUE TO CRASH,Y,,Y,$500 OR LESS,06/28/2022 08:55:00 AM,FAILING TO YIELD RIGHT-OF-WAY,UNABLE TO DETERMINE,1200,W,PRATT BLVD,2431,,,,,,,2,NONINCAPACITATING INJURY,1,0,0,1,0,1,0,8,3,6,42.005647985,-87.661058722,POINT (-87.661058722319 42.005647984688)
67d593df50a9d6d3e9435f0885baf5b3b50d1b89ce34106b23edc4bf8ac371309919105b390ae1d5e78cdf4f6f0e3f55b55729c69b6d6148c17cdde750fef165,JE418969,,10/22/2021 05:13:00 PM,30,NO CONTROLS,NO CONTROLS,CLEAR,DAYLIGHT,PEDALCYCLIST,DIVIDED - W/MEDIAN BARRIER,,STRAIGHT AND LEVEL,DRY,NO DEFECTS,ON SCENE,INJURY AND / OR TOW DUE TO CRASH,,,,$500 OR LESS,10/22/2021 05:24:00 PM,UNABLE TO DETERMINE,UNABLE TO DETERMINE,1830,N,MILWAUKEE AVE,1434,,,Y,,,,2,NONINCAPACITATING INJURY,1,0,0,1,0,1,0,17,6,10,41.91460002,-87.6842056,POINT (-87.684205599663 41.914600019998)
6741ab9be554c534706627db0fd9a3561b9de6eca1d8e68906e1c3964a518cc8a2ab44d40ced6f36e3282845f09e3d41948b7ca00c1c8d25d46b97cb0d1bfa0e,JF121686,,01/23/2022 11:59:00 AM,30,TRAFFIC SIGNAL,FUNCTIONING PROPERLY,SNOW,DAYLIGHT,PEDALCYCLIST,NOT DIVIDED,,STRAIGHT AND LEVEL,SNOW OR SLUSH,NO DEFECTS,ON SCENE,INJURY AND / OR TOW DUE TO CRASH,Y,,Y,$500 OR LESS,01/23/2022 12:05:00 PM,UNABLE TO DETERMINE,UNABLE TO DETERMINE,200,E,41ST ST,213,,,,,,,2,NONINCAPACITATING INJURY,1,0,0,1,0,1,0,11,1,1,41.820280362,-87.621427946,POINT (-87.62142794593 41.820280361758)
af5c2871588f5b003251ef6979554171c3ac719cb182245f2ad9c84f7aafc503c21a3068322c81fb389ed55b3521d61b436f347be7e7385d138b4dafcd01a4bd,JF299146,,06/29/2022 07:16:00 PM,30,NO CONTROLS,NO CONTROLS,CLEAR,DAYLIGHT,PEDALCYCLIST,NOT DIVIDED,,STRAIGHT AND LEVEL,DRY,NO DEFECTS,ON SCENE,INJURY AND / OR TOW DUE TO CRASH,,,,"OVER $1,500",06/29/2022 07:18:00 PM,NOT APPLICABLE,NOT APPLICABLE,1530,N,DAMEN AVE,1424,,,,,,,2,NONINCAPACITATING INJURY,1,0,0,1,0,1,0,19,4,6,41.909187572,-87.677576738,POINT (-87.677576737949 41.90918757212)
65e75698f561cd43d0e6129e09e03983cbe2ebb0bb352232825f3c08c25f27e0fd8fb18405855ded93d6f6e53061ae6e94d5d55c0a28eb552cc13489b1bacc3d,JF286805,,06/19/2022 01:30:00 PM,25,NO CONTROLS,NO CONTROLS,CLEAR,DAYLIGHT,PEDALCYCLIST,ONE-WAY,,STRAIGHT AND LEVEL,DRY,NO DEFECTS,NOT ON SCENE (DESK REPORT),NO INJURY / DRIVE AWAY,,,Y,$500 OR LESS,06/20/2022 08:50:00 AM,UNABLE TO DETERMINE,UNABLE TO DETERMINE,1426,W,SCHOOL ST,1922,,,,,,,2,NO INDICATION OF INJURY,0,0,0,0,0,2,0,13,1,6,41.941685491,-87.66497028,POINT (-87.664970279784 41.941685491468)