CRASH_RECORD_ID,RD_NO,CRASH_DATE_EST_I,CRASH_DATE,POSTED_SPEED_LIMIT,TRAFFIC_CONTROL_DEVICE,DEVICE_CONDITION,WEATHER_CONDITION,LIGHTING_CONDITION,FIRST_CRASH_TYPE,TRAFFICWAY_TYPE,LANE_CNT,ALIGNMENT,ROADWAY_SURFACE_COND,ROAD_DEFECT,REPORT_TYPE,CRASH_TYPE,INTERSECTION_RELATED_I,NOT_RIGHT_OF_WAY_I,HIT_AND_RUN_I,DAMAGE,DATE_POLICE_NOTIFIED,PRIM_CONTRIBUTORY_CAUSE,SEC_CONTRIBUTORY_CAUSE,STREET_NO,STREET_DIRECTION,STREET_NAME,BEAT_OF_OCCURRENCE,PHOTOS_TAKEN_I,STATEMENTS_TAKEN_I,DOORING_I,WORK_ZONE_I,WORK_ZONE_TYPE,WORKERS_PRESENT_I,NUM_UNITS,MOST_SEVERE_INJURY,INJURIES_TOTAL,INJURIES_FATAL,INJURIES_INCAPACITATING,INJURIES_NON_INCAPACITATING,INJURIES_REPORTED_NOT_EVIDENT,INJURIES_NO_INDICATION,INJURIES_UNKNOWN,CRASH_HOUR,CRASH_DAY_OF_WEEK,CRASH_MONTH,LATITUDE,LONGITUDE,LOCATION
672dc6a5042ccfc590ceb193b3437f7412b835c0a87ccdabf084044d2248cacd15acbc384d08a5c672bbabad602ddfb83900448cd03aee6599ca21d953aa64b7,JE480512,,12/17/2021 11:05:00 AM,30,TRAFFIC SIGNAL,FUNCTIONING PROPERLY,CLEAR,DAWN,PEDALCYCLIST,FOUR WAY,,STRAIGHT AND LEVEL,DRY,NO DEFECTS,ON SCENE,INJURY AND / OR TOW DUE TO CRASH,Y,,,$500 OR LESS,12/17/2021 11:10:00 AM,FAILING TO REDUCE SPEED TO AVOID CRASH,NOT APPLICABLE,1000,W,NORTH AVE,1811,,,,,,,3,INCAPACITATING INJURY,1,0,1,0,0,2,0,11,6,12,41.910948763,-87.653159551,POINT (-87.653159551272 41.910948762561)
64dba34f97c5b02456f69134226c7f77c7f357fa29b3f4c4d3a72356b4ef83302ed1c3ea608a794c469f97711db2142d2492f27b43111f47d17654cb85ec7f06,JE378969,,09/18/2021 09:34:00 PM,25,NO CONTROLS,NO CONTROLS,CLEAR,"DARKNESS, LIGHTED ROAD",PEDALCYCLIST,NOT DIVIDED,,STRAIGHT AND LEVEL,DRY,NO DEFECTS,ON SCENE,INJURY AND / OR TOW DUE TO CRASH,,,,$500 OR LESS,09/18/2021 09:34:00 PM,DISTRACTION - FROM OUTSIDE VEHICLE,NOT APPLICABLE,5521,N,CLARK ST,2013,,,Y,,,,2,NONINCAPACITATING INJURY,1,0,0,1,0,2,0,21,7,9,41.982337822,-87.668378943,POINT (-87.668378943062 41.982337822489)
66d7d2a3356020e74299c2f190092fc4f8862d1ef8e03d9a9c08b5c6e192ac9583f0f33ec075c9436c7ab35064936ae7e6e7bf3ea4476db53290ba139dbeecd4,JE438967,,11/09/2021 07:30:00 AM,30,TRAFFIC SIGNAL,FUNCTIONING PROPERLY,CLEAR,DAYLIGHT,PEDALCYCLIST,NOT DIVIDED,,STRAIGHT AND LEVEL,DRY,NO DEFECTS,ON SCENE,INJURY AND / OR TOW DUE TO CRASH,,,,$500 OR LESS,11/09/2021 07:35:00 AM,UNABLE TO DETERMINE,UNABLE TO DETERMINE,1159,N,KOSTNER AVE,1111,,,,,,,2,NONINCAPACITATING INJURY,2,0,0,2,0,0,0,7,3,11,41.902470042,-87.735997091,POINT (-87.735997091067 41.902470041658)
67eb32733f572ad337c430aaec39c01ceddf80038b69885c3362ed1f6552a0d9fd08708c18a56a625e7386c7c085ac8b2998663079b9e1fdd86b87ae46fedb77,JE369723,,09/11/2021 12:10:00 PM,20,STOP SIGN/FLASHER,UNKNOWN,CLEAR,DAYLIGHT,PEDALCYCLIST,ONE-WAY,,STRAIGHT AND LEVEL,UNKNOWN,UNKNOWN,ON SCENE,NO INJURY / DRIVE AWAY,,,,$500 OR LESS,09/11/2021 02:00:00 PM,UNABLE TO DETERMINE,NOT APPLICABLE,6501,N,CLARK ST,2432,,,,,,,2,NO INDICATION OF INJURY,0,0,0,0,0,2,0,12,7,9,41.999988015,-87.67109449,POINT (-87.671094489865 41.999988014812)
6761413e1d34a02ef0b2f57a02975779603740b143fad583e0bd564950fc8fd3fa671df9f06425e72dcbb74ce9364cfda84b4be8dadd49a411468602f8354594,JF297856,,06/28/2022 07:57:00 PM,30,POLICE/FLAGMAN,FUNCTIONING PROPERLY,CLEAR,DAYLIGHT,PEDALCYCLIST,FOUR WAY,,STRAIGHT AND LEVEL,DRY,NO DEFECTS,ON SCENE,INJURY AND / OR TOW DUE TO CRASH,Y,,,"OVER $1,500",06/28/2022 07:57:00 PM,DISREGARDING OTHER TRAFFIC SIGNS,FAILING TO YIELD RIGHT-OF-WAY,800,W,ADDISON ST,1923,,,,,,,2,INCAPACITATING INJURY,1,0,1,0,0,2,0,19,3,6,41.94742642,-87.649540425,POINT (-87.649540424981 41.9474264204)
670175f84825975f0926a4b2048f97749d9c3e2e31acc87a20432cbd57023f375ed7fbe530efda84b880e7bb0ea55efe3fcc51498a426ae6c3b1a8b8850229d0,JF196495,,04/04/2022 07:35:00 AM,30,TRAFFIC SIGNAL,FUNCTIONING PROPERLY,CLEAR,DAYLIGHT,PEDALCYCLIST,NOT DIVIDED,,STRAIGHT AND LEVEL,WET,NO DEFECTS,ON SCENE,NO INJURY / DRIVE AWAY,,,,$500 OR LESS,04/04/2022 07:39:00 AM,FOLLOWING TOO CLOSELY,UNABLE TO DETERMINE,4001,W,63RD ST,813,,,,,,,2,NO INDICATION OF INJURY,0,0,0,0,0,2,0,7,2,4,41.778547871,-87.722819312,POINT (-87.722819311822 41.778547871129)
65c7d4d1300acc99e61e9790b92f7a8ae2d3eaa76bd6fd6a34466a2d4afdbf9dc0c38681a013a9a5df93ee29aa5cff209d0c311701f0ce06ba1d2211e92c65ae,JF196199,,04/03/2022 08:29:00 PM,30,TRAFFIC SIGNAL,FUNCTIONING PROPERLY,CLEAR,"DARKNESS, LIGHTED ROAD",PEDALCYCLIST,DIVIDED - W/MEDIAN BARRIER,,STRAIGHT AND LEVEL,DRY,NO DEFECTS,ON SCENE,INJURY AND / OR TOW DUE TO CRASH,,,,$500 OR LESS,04/03/2022 08:29:00 PM,"EVASIVE ACTION DUE TO ANIMAL, OBJECT, NONMOTORIST","EVASIVE ACTION DUE TO ANIMAL, OBJECT, NONMOTORIST",5600,W,MADISON ST,1513,,,N,,,,2,NONINCAPACITATING INJURY,1,0,0,1,0,1,0,20,1,4,41.880354556,-87.764948136,POINT (-87.764948136348 41.880354556326)
66b18d6719d0fc73ca0b5ce6d7ae237a737cae6e8ecb505ce78b70a09d1bcbe69befbd526fafd397b3640b6d70af08d3fe799af0836d2073a71640f0a4451eb9,JF200742,,04/07/2022 06:19:00 PM,30,NO CONTROLS,NO CONTROLS,RAIN,DAYLIGHT,PEDALCYCLIST,NOT DIVIDED,,STRAIGHT AND LEVEL,WET,UNKNOWN,ON SCENE,INJURY AND / OR TOW DUE TO CRASH,,,,$500 OR LESS,04/07/2022 06:19:00 PM,UNABLE TO DETERMINE,NOT APPLICABLE,3408,S,HALSTED ST,913,,,,,,,2,"REPORTED, NOT EVIDENT",1,0,0,0,1,1,0,18,5,4,41.832471324,-87.646291049,POINT (-87.646291048653 41.832471323546)
66f509ead0b63d3283e1264b5bb4decacd38b186d94d4bd69cc2a423684d01be925b3ad3a0c6cf7e8a85fbf90772287d8644866b83cf0d3f1419ef270fc6b778,JE434657,,11/05/2021 09:45:00 AM,30,TRAFFIC SIGNAL,FUNCTIONING PROPERLY,CLEAR,DAYLIGHT,PEDALCYCLIST,NOT DIVIDED,,STRAIGHT AND LEVEL,DRY,UNKNOWN,ON SCENE,INJURY AND / OR TOW DUE TO CRASH,,,,"OVER $1,500",11/05/2021 09:50:00 AM,UNABLE TO DETERMINE,NOT APPLICABLE,4400,N,LINCOLN AVE,1911,,,,,,,2,NONINCAPACITATING INJURY,1,0,0,1,0,1,0,9,6,11,41.961426337,-87.684021397,POINT (-87.684021397337 41.961426336795)
67f4afc3d2790826033b6afdef83801550d8dc09fe06a55a60ce975a686f5f30f0e9a51242a04882b87613bbaf4b982ed30f62945b4bbfb9916524450c1aff8e,JF234560,,05/07/2022 06:22:00 PM,30,NO CONTROLS,NO CONTROLS,UNKNOWN,UNKNOWN,PEDALCYCLIST,NOT DIVIDED,,STRAIGHT AND LEVEL,UNKNOWN,UNKNOWN,NOT ON SCENE (DESK REPORT),INJURY AND / OR TOW DUE TO CRASH,,,Y,$500 OR LESS,05/08/2022 02:22:00 PM,UNABLE TO DETERMINE,NOT APPLICABLE,1756,W,CHICAGO AVE,1213,,,Y,,,,2,INCAPACITATING INJURY,1,0,1,0,0,1,0,18,7,5,41.896105731,-87.671947714,POINT (-87.671947713596 41.896105730698)
664b137e06ce08f3b742c294d17804fa982b1a42ec872b104e2e176ac5380f9899cb88237c226be6fedd585521ba89d7ec611baa67b6b827d639c895330e3e50,JE396310,,10/02/2021 08:41:00 PM,30,TRAFFIC SIGNAL,FUNCTIONING PROPERLY,CLEAR,"DARKNESS, LIGHTED ROAD",PEDALCYCLIST,NOT DIVIDED,,STRAIGHT AND LEVEL,DRY,NO DEFECTS,NOT ON SCENE (DESK REPORT),INJURY AND / OR TOW DUE TO CRASH,Y,,Y,"$501 - $1,500",10/03/2021 09:47:00 AM,DISREGARDING TRAFFIC SIGNALS,NOT APPLICABLE,800,W,ARMITAGE AVE,1812,,,,,,,2,"REPORTED, NOT EVIDENT",1,0,0,0,1,2,0,20,7,10,41.918288967,-87.648571347,POINT (-87.648571346722 41.918288966518)
6577bc7eb682275f3e089e5226cab77e91384f51e993788461e1de41d5c2271b8acd2aff8431d2b34d0915f8989e364bffe93bd73ff5b1e6996be0745d28c504,JF173519,,03/14/2022 12:44:00 PM,30,TRAFFIC SIGNAL,FUNCTIONING PROPERLY,CLEAR,DAYLIGHT,PEDALCYCLIST,NOT DIVIDED,,STRAIGHT ON GRADE,DRY,NO DEFECTS,,INJURY AND / OR TOW DUE TO CRASH,Y,,N,"OVER $1,500",03/14/2022 12:47:00 PM,DISREGARDING TRAFFIC SIGNALS,UNABLE TO DETERMINE,6399,W,BRYN MAWR AVE,1622,,,,,,,2,INCAPACITATING INJURY,1,0,1,0,0,1,0,12,2,3,41.982788471,-87.787675442,POINT (-87.787675442273 41.98278847129)
6a322ad50e2238a6be4148076e491e9ebb20bbb7988ea9762ecf183aabdeb9f1719974dc4082ee55fe5c0775a5eb5bf9a5f8c7c238f3bef794e273509b7da0e2,JF297469,,06/28/2022 02:07:00 PM,30,TRAFFIC SIGNAL,FUNCTIONING PROPERLY,CLEAR,DAYLIGHT,PEDALCYCLIST,CENTER TURN LANE,,STRAIGHT AND LEVEL,DRY,NO DEFECTS,,NO INJURY / DRIVE AWAY,,,,$500 OR LESS,06/28/2022 02:08:00 PM,UNABLE TO DETERMINE,UNABLE TO DETERMINE,3900,S,WALLACE ST,925,,,,,,,2,NO INDICATION OF INJURY,0,0,0,0,0,2,0,14,3,6,41.82343237,-87.641207889,POINT (-87.641207888873 41.823432370008)
6947d0c21535f7e88bafb5339ca201f21c5109ca15759e851c5d6ad67cddabfcef0436d354b60063e35c7ea869b725abb9d08a0d6f54364ff9769c43fdd7e598,JF282297,,06/16/2022 04:14:00 PM,30,NO CONTROLS,NO CONTROLS,CLEAR,DAYLIGHT,PEDALCYCLIST,NOT DIVIDED,,STRAIGHT AND LEVEL,DRY,NO DEFECTS,ON SCENE,NO INJURY / DRIVE AWAY,Y,,Y,$500 OR LESS,06/16/2022 04:15:00 PM,UNABLE TO DETERMINE,UNABLE TO DETERMINE,785,N,LARRABEE ST,1831,,,,,,,2,NO INDICATION OF INJURY,0,0,0,0,0,2,0,16,5,6,41.89639165,-87.642815362,POINT (-87.642815361726 41.896391650148)
684f9ddef3e86a00cfdf2745472db0ccaf0a39f7cdb9fa31138913a6f609243430bb766d6a58df62c9aa468cc30f8038879020818819a7f5ade1e7220a3e23b2,JE435016,,11/05/2021 03:32:00 PM,25,STOP SIGN/FLASHER,FUNCTIONING IMPROPERLY,CLEAR,DAYLIGHT,PEDALCYCLIST,FOUR WAY,,STRAIGHT AND LEVEL,DRY,NO DEFECTS,,INJURY AND / OR TOW DUE TO CRASH,Y,,,"$501 - $1,500",11/05/2021 03:35:00 PM,DISREGARDING STOP SIGN,NOT APPLICABLE,2600,W,FOSTER AVE,2011,,,,,,,2,NONINCAPACITATING INJURY,1,0,0,1,0,1,0,15,6,11,41.975963519,-87.694199587,POINT (-87.694199587273 41.975963519373)
af06aa9bacebc73485103e2c3f8878353e1ae9aa443b936c5b23bca6ded19f2b35d146e7f374113eb0a2c5f3bc29fe05c98b2741f0919ff01d4608bcd29bb0f1,JE453675,,11/22/2021 02:40:00 PM,30,NO CONTROLS,NO CONTROLS,CLEAR,DAYLIGHT,PEDALCYCLIST,PARKING LOT,,STRAIGHT AND LEVEL,DRY,NO DEFECTS,NOT ON SCENE (DESK REPORT),NO INJURY / DRIVE AWAY,,,,"OVER $1,500",11/22/2021 03:10:00 PM,UNABLE TO DETERMINE,UNABLE TO DETERMINE,765,W,ADAMS ST,1232,,,,,,,2,NO INDICATION OF INJURY,0,0,0,0,0,2,0,14,2,11,41.879117244,-87.646607192,POINT (-87.646607192167 41.879117244017)
6b0e01e3475f09f08f95fbc0f42b06669fc070fdbc8ab9db314f6800e20a3d5ad9b8e39235e4de8203f561107e7312019d262249a75f80ea640f98336f3a8e4e,JF307180,,07/06/2022 09:25:00 AM,30,TRAFFIC SIGNAL,FUNCTIONING PROPERLY,CLOUDY/OVERCAST,DAYLIGHT,PEDALCYCLIST,NOT DIVIDED,,STRAIGHT AND LEVEL,OTHER,NO DEFECTS,ON SCENE,INJURY AND / OR TOW DUE TO CRASH,N,,,"$501 - $1,500",07/06/2022 09:26:00 AM,IMPROPER LANE USAGE,IMPROPER OVERTAKING/PASSING,5710,N,WAYNE AVE,2013,,,,,,,2,NONINCAPACITATING INJURY,1,0,0,1,0,1,0,9,4,7,41.985874465,-87.66336255,POINT (-87.663362549836 41.985874465078)
69bddb630a46d2b693cea84b3321ab4fa09e4716b41e05700b265df9723d1eb49de5dbd24013378c1498eee7d44b5422217fcd93c14ca271deebb3ee1928dfa7,JF323670,,07/07/2022 03:24:00 PM,30,TRAFFIC SIGNAL,FUNCTIONING PROPERLY,CLEAR,DAYLIGHT,PEDALCYCLIST,FOUR WAY,,STRAIGHT AND LEVEL,DRY,NO DEFECTS,NOT ON SCENE (DESK REPORT),INJURY AND / OR TOW DUE TO CRASH,,,Y,$500 OR LESS,07/19/2022 04:45:00 PM,UNABLE TO DETERMINE,NOT APPLICABLE,1601,W,DIVISION ST,1213,,,,,,,2,NONINCAPACITATING INJURY,1,0,0,1,0,1,0,15,5,7,41.903235815,-87.667554068,POINT (-87.667554067597 41.9032358152)
6ab3a7a9120b64821c1e9501b9ab405556d40bfff3ce96031f3496056afed07dbf4d681636d4af5a3b7e34f686db069733ae950cda5137330de4eabe5285eebf,JE380899,,09/20/2021 01:40:00 PM,30,TRAFFIC SIGNAL,UNKNOWN,UNKNOWN,UNKNOWN,PEDALCYCLIST,T-INTERSECTION,,STRAIGHT AND LEVEL,UNKNOWN,UNKNOWN,NOT ON SCENE (DESK REPORT),NO INJURY / DRIVE AWAY,Y,,,"OVER $1,500",09/20/2021 02:50:00 PM,UNABLE TO DETERMINE,UNABLE TO DETERMINE,725,S,STATE ST,123,,,,,,,2,NO INDICATION OF INJURY,0,0,0,0,0,4,0,13,2,9,41.872486592,-87.62739892,POINT (-87.627398919621 41.872486591756)
6b21164d7ad3ef5f84aae9acf5987adaf1f0381859d59d98930213d02ad83a17effa7af46449aa69034f468dfafb63cfab52d94a803e7d990138b7b7bd64b96d,JE405773,,10/11/2021 07:45:00 AM,30,TRAFFIC SIGNAL,FUNCTIONING PROPERLY,CLEAR,DAYLIGHT,PEDALCYCLIST,DIVIDED - W/MEDIAN BARRIER,,STRAIGHT AND LEVEL,DRY,UNKNOWN,NOT ON SCENE (DESK REPORT),NO INJURY / DRIVE AWAY,,,,$500 OR LESS,10/11/2021 10:15:00 AM,FAILING TO YIELD RIGHT-OF-WAY,IMPROPER LANE USAGE,825,N,MICHIGAN AVE,1833,,,,,,,2,NO INDICATION OF INJURY,0,0,0,0,0,2,0,7,2,10,41.897526699,-87.623987575,POINT (-87.623987575215 41.897526698563)
68274d39414523506db7e0f76416891a62360f72f4a92849e608b68284b93ea22b6e1a4da1663cb83a97d1d08b6f10fc4fb6566fe8837bd2534e32fd5bf5aefe,JF163684,Y,03/04/2022 07:30:00 PM,30,UNKNOWN,UNKNOWN,CLEAR,UNKNOWN,PEDALCYCLIST,NOT DIVIDED,,STRAIGHT AND LEVEL,UNKNOWN,UNKNOWN,NOT ON SCENE (DESK REPORT),INJURY AND / OR TOW DUE TO CRASH,,N,Y,$500 OR LESS,03/04/2022 10:58:00 PM,UNABLE TO DETERMINE,UNABLE TO DETERMINE,2900,N,MILWAUKEE AVE,1412,,,,,,,2,NONINCAPACITATING INJURY,1,0,0,1,0,1,0,19,6,3,41.934027095,-87.715766623,POINT (-87.715766622935 41.934027094683)
6a6a402615504af830ef3be552c294bbf646b9e8eb2df9f3e60499aca71d1d6215a8a3f342ff9f6dff757a7b08692ca614694e9b97d23c9dff44ee2568cc2e0f,JE486244,,12/22/2021 06:35:00 PM,30,NO CONTROLS,NO CONTROLS,CLEAR,"DARKNESS, LIGHTED ROAD",PEDALCYCLIST,NOT DIVIDED,,STRAIGHT AND LEVEL,DRY,NO DEFECTS,ON SCENE,NO INJURY / DRIVE AWAY,,,,"$501 - $1,500",12/22/2021 06:59:00 PM,UNABLE TO DETERMINE,NOT APPLICABLE,1446,N,PAULINA ST,1433,,,,,,,2,NO INDICATION OF INJURY,0,0,0,0,0,2,0,18,4,12,41.908289342,-87.670215091,POINT (-87.670215091412 41.90828934235)
6a53297e58bb17ed257f416b60e7dc098a3404acc5922a261a351e4461a9d6d793b34656c51089908d4d601ff32152536390ea9136f602a0a4be2d5d46a541f0,JF309126,,07/07/2022 06:52:00 PM,30,STOP SIGN/FLASHER,FUNCTIONING PROPERLY,CLEAR,DAYLIGHT,PEDALCYCLIST,NOT DIVIDED,,STRAIGHT AND LEVEL,DRY,NO DEFECTS,ON SCENE,INJURY AND / OR TOW DUE TO CRASH,Y,,,"OVER $1,500",07/07/2022 06:52:00 PM,DISREGARDING STOP SIGN,FAILING TO YIELD RIGHT-OF-WAY,1776,W,DEVON AVE,2432,,,,,,,2,INCAPACITATING INJURY,1,0,1,0,0,1,0,18,5,7,41.99810228,-87.675027177,POINT (-87.675027177277 41.998102280013)
6b44ed66a0ce81bf5b029769dbfedbee1f299287d2fe9c7471e6fe6ea98ab3840341283b8466c14b4bedd269d667560104e211ac434e50a89acbdab3e5c09d3d,JF248423,,05/19/2022 05:03:00 PM,30,TRAFFIC SIGNAL,FUNCTIONING PROPERLY,CLEAR,DAYLIGHT,PEDALCYCLIST,FOUR WAY,,STRAIGHT AND LEVEL,DRY,NO DEFECTS,ON SCENE,INJURY AND / OR TOW DUE TO CRASH,,,,"$501 - $1,500",05/19/2022 05:03:00 PM,FAILING TO YIELD RIGHT-OF-WAY,NOT APPLICABLE,134,W,GRAND AVE,1831,,,Y,,,,2,NONINCAPACITATING INJURY,1,0,0,1,0,1,0,17,5,5,41.891715458,-87.632511812,POINT (-87.632511811736 41.891715458283)
68eda8b2fbffe7fea0baae1c3a263b09e94f88f890c9de4cd1b32baa98f6d7ec5f7f9f35865ae09fdcfd9f9776db9a1a2aa74ef5ba9ce6663dba009d918118a2,JF267986,,06/04/2022 09:30:00 PM,30,NO CONTROLS,NO CONTROLS,CLEAR,"DARKNESS, LIGHTED ROAD",PEDALCYCLIST,NOT DIVIDED,,STRAIGHT AND LEVEL,DRY,NO DEFECTS,NOT ON SCENE (DESK REPORT),NO INJURY / DRIVE AWAY,Y,,,"OVER $1,500",06/04/2022 10:30:00 PM,UNABLE TO DETERMINE,UNABLE TO DETERMINE,2076,N,LINCOLN AVE,1812,,,,,,,2,NO INDICATION OF INJURY,0,0,0,0,0,4,0,21,7,6,41.919941032,-87.641281556,POINT (-87.641281556274 41.919941032317)
6ab9084137ec996acc4173b01fd0cb15482b7081a68a3c222cb95dd14d20265eb3e5bbe7bfbb424fe284c82a9e61458bce658d1df45c65d57c71427f800c95bf,JF256335,,05/26/2022 11:53:00 AM,30,TRAFFIC SIGNAL,FUNCTIONING PROPERLY,CLEAR,DAYLIGHT,PEDALCYCLIST,FOUR WAY,,STRAIGHT AND LEVEL,DRY,NO DEFECTS,ON SCENE,INJURY AND / OR TOW DUE TO CRASH,,,,$500 OR LESS,05/26/2022 11:53:00 AM,DISREGARDING ROAD MARKINGS,DISREGARDING ROAD MARKINGS,200,S,DESPLAINES ST,121,,,,,,,2,NONINCAPACITATING INJURY,1,0,0,1,0,1,0,11,5,5,41.879223772,-87.644187533,POINT (-87.64418753334 41.879223772458)
6991312bcb44b74c71a41691a5a3d1a86c878fe71c551a036d4c2b7cac46bd109f3e528aa0be68de141bcf0e08c8971db1bfe1ef559a077777e9432ab2c1d356,JE424118,,10/27/2021 10:40:00 AM,20,STOP SIGN/FLASHER,FUNCTIONING PROPERLY,CLEAR,DAYLIGHT,PEDALCYCLIST,ONE-WAY,,STRAIGHT AND LEVEL,DRY,NO DEFECTS,ON SCENE,INJURY AND / OR TOW DUE TO CRASH,Y,,Y,$500 OR LESS,10/27/2021 10:59:00 AM,DISREGARDING STOP SIGN,FAILING TO YIELD RIGHT-OF-WAY,1100,N,MOZART ST,1211,,,,,,,2,NONINCAPACITATING INJURY,1,0,0,1,0,2,0,10,4,10,41.901184499,-87.698233528,POINT (-87.69823352846 41.901184499034)
69d7b94e1fedc18c90e4f82830cbdc66229d9d924add0eabab78552736c745b177313a182a8757262c0c6dc2447e69aae11136c5ac276163eafc0b844ffa7559,JE489861,,12/27/2021 09:10:00 AM,30,TRAFFIC SIGNAL,FUNCTIONING PROPERLY,RAIN,DAYLIGHT,PEDALCYCLIST,FOUR WAY,,STRAIGHT AND LEVEL,WET,NO DEFECTS,ON SCENE,NO INJURY / DRIVE AWAY,Y,,,$500 OR LESS,12/27/2021 09:15:00 AM,FAILING TO YIELD RIGHT-OF-WAY,UNABLE TO DETERMINE,6300,S,MORGAN ST,724,,,,,,,2,NO INDICATION OF INJURY,0,0,0,0,0,2,0,9,2,12,41.779581013,-87.649787129,POINT (-87.649787129108 41.779581012899)
68880a6f83f25416dfd9d4658a2308472727f394f78d702c99c0d51bf34ba07e5a4703dd56c54880020a0c60cb2e0af44d62cf06d05ada1155f381417b7f33ff,JE471988,,12/09/2021 03:00:00 PM,30,NO CONTROLS,NO CONTROLS,CLEAR,DAYLIGHT,PEDALCYCLIST,NOT DIVIDED,,STRAIGHT AND LEVEL,DRY,NO DEFECTS,NOT ON SCENE (DESK REPORT),INJURY AND / OR TOW DUE TO CRASH,,,,$500 OR LESS,12/09/2021 09:10:00 PM,UNABLE TO DETERMINE,UNABLE TO DETERMINE,656,N,STATE ST,1832,,,Y,,,,2,NONINCAPACITATING INJURY,1,0,0,1,0,0,0,15,5,12,41.894029091,-87.628279873,POINT (-87.628279872963 41.894029091289)
6afce881a1861867acfdf48cc276a8e3bb332ee350845dde9381cabe4e148b9d01e895fc5d7539402567b445bcdd86e94610adfe94e33be5303262672e125391,JF249292,Y,05/20/2022 12:41:00 PM,30,DELINEATORS,FUNCTIONING PROPERLY,CLEAR,DAYLIGHT,PEDALCYCLIST,DIVIDED - W/MEDIAN (NOT RAISED),,STRAIGHT AND LEVEL,DRY,NO DEFECTS,ON SCENE,INJURY AND / OR TOW DUE TO CRASH,,,,"OVER $1,500",05/20/2022 12:41:00 PM,FAILING TO YIELD RIGHT-OF-WAY,UNABLE TO DETERMINE,431,N,HALSTED ST,1214,,,,,,,2,NONINCAPACITATING INJURY,1,0,0,1,0,3,0,12,6,5,41.890073301,-87.647462351,POINT (-87.647462350782 41.890073300607)
6b90665c797742ece621b1c140a4ecce9c8dc22e3e9c221fb5c284bad7d7837795d7a2d4375d30dbc3d820a44d0caf6338158ac92314ec4e38138d1a6ac8dff0,JF254124,,05/24/2022 04:55:00 PM,30,UNKNOWN,UNKNOWN,CLEAR,DAYLIGHT,PEDALCYCLIST,OTHER,,STRAIGHT AND LEVEL,UNKNOWN,UNKNOWN,ON SCENE,INJURY AND / OR TOW DUE TO CRASH,,,,"OVER $1,500",05/24/2022 04:55:00 PM,UNABLE TO DETERMINE,UNABLE TO DETERMINE,3357,W,WILSON AVE,1724,,,,,,,2,"REPORTED, NOT EVIDENT",1,0,0,0,1,1,0,16,3,5,41.964565885,-87.71312713,POINT (-87.713127130357 41.964565885)
6cfc2051289841e2cebc0fdf74ab99fd0966278519ec1a5fea60dc6e3b06233cd62e4e797cec88f4efe4ed89187975b463c56c070e14d4bb9fce3f2797a81fc6,JF267440,,06/04/2022 11:58:00 AM,30,TRAFFIC SIGNAL,FUNCTIONING PROPERLY,CLEAR,DAYLIGHT,PEDALCYCLIST,NOT DIVIDED,,STRAIGHT AND LEVEL,DRY,UNKNOWN,ON SCENE,NO INJURY / DRIVE AWAY,,N,,"OVER $1,500",06/04/2022 12:01:00 PM,UNABLE TO DETERMINE,UNABLE TO DETERMINE,3658,W,26TH ST,1013,,,,,,,2,NO INDICATION OF INJURY,0,0,0,0,0,6,0,11,7,6,41.844461195,-87.717174746,POINT (-87.717174745518 41.844461195498)
6da43fe046931aa42207cf0c4ee4f80dde5d8e62da463ce90c5e37aafb9d8ccbf6981a533db82f54c7886988906059a7c314f317b3a5ed114f35ea2f13bdae62,JE479692,,12/16/2021 03:25:00 PM,25,STOP SIGN/FLASHER,FUNCTIONING PROPERLY,CLEAR,DAYLIGHT,PEDALCYCLIST,NOT DIVIDED,,STRAIGHT AND LEVEL,DRY,NO DEFECTS,ON SCENE,NO INJURY / DRIVE AWAY,,,,"OVER $1,500",12/16/2021 03:25:00 PM,FAILING TO REDUCE SPEED TO AVOID CRASH,NOT APPLICABLE,3557,N,ALBANY AVE,1733,,,,,,,2,NO INDICATION OF INJURY,0,0,0,0,0,3,0,15,5,12,41.94643684,-87.705213003,POINT (-87.705213002689 41.946436839853)
6cc97f7e496d48beadcca53a72d996760243acd93bb3b1070181a283a5c9603c97513143747e27763dfe8a7b20c5b59a868f61186c3e2bc154e2459bdfeabf73,JE217348,,04/23/2022 02:30:00 PM,30,NO CONTROLS,NO CONTROLS,CLEAR,DAYLIGHT,PEDALCYCLIST,NOT DIVIDED,,STRAIGHT AND LEVEL,DRY,NO DEFECTS,NOT ON SCENE (DESK REPORT),INJURY AND / OR TOW DUE TO CRASH,,,Y,$500 OR LESS,04/23/2022 04:26:00 PM,FAILING TO YIELD RIGHT-OF-WAY,IMPROPER LANE USAGE,1611,N,WELLS ST,1814,,,Y,,,,2,NONINCAPACITATING INJURY,1,0,0,1,0,2,0,14,7,4,41.911499419,-87.634574272,POINT (-87.634574272098 41.911499419064)