CRASH_RECORD_ID,RD_NO,CRASH_DATE_EST_I,CRASH_DATE,POSTED_SPEED_LIMIT,TRAFFIC_CONTROL_DEVICE,DEVICE_CONDITION,WEATHER_CONDITION,LIGHTING_CONDITION,FIRST_CRASH_TYPE,TRAFFICWAY_TYPE,LANE_CNT,ALIGNMENT,ROADWAY_SURFACE_COND,ROAD_DEFECT,REPORT_TYPE,CRASH_TYPE,INTERSECTION_RELATED_I,NOT_RIGHT_OF_WAY_I,HIT_AND_RUN_I,DAMAGE,DATE_POLICE_NOTIFIED,PRIM_CONTRIBUTORY_CAUSE,SEC_CONTRIBUTORY_CAUSE,STREET_NO,STREET_DIRECTION,STREET_NAME,BEAT_OF_OCCURRENCE,PHOTOS_TAKEN_I,STATEMENTS_TAKEN_I,DOORING_I,WORK_ZONE_I,WORK_ZONE_TYPE,WORKERS_PRESENT_I,NUM_UNITS,MOST_SEVERE_INJURY,INJURIES_TOTAL,INJURIES_FATAL,INJURIES_INCAPACITATING,INJURIES_NON_INCAPACITATING,INJURIES_REPORTED_NOT_EVIDENT,INJURIES_NO_INDICATION,INJURIES_UNKNOWN,CRASH_HOUR,CRASH_DAY_OF_WEEK,CRASH_MONTH,LATITUDE,LONGITUDE,LOCATION
6df8e01847b93fabb84b4a976e28eb81a4071b700afba30346badca57053822ffa3818270303c02fbf6a5460e071612371d75f7a8bb3a059bdc629f09cc8705d,JF279397,,06/14/2022 02:27:00 PM,30,NO CONTROLS,NO CONTROLS,CLEAR,DAYLIGHT,PEDALCYCLIST,DIVIDED - W/MEDIAN (NOT RAISED),,STRAIGHT AND LEVEL,DRY,NO DEFECTS,ON SCENE,NO INJURY / DRIVE AWAY,,,,$500 OR LESS,06/14/2022 02:27:00 PM,UNABLE TO DETERMINE,NOT APPLICABLE,4942,W,MADISON ST,1533,,N,,,,,2,NO INDICATION OF INJURY,0,0,0,0,0,3,0,14,3,6,41.880555963,-87.749337381,POINT (-87.749337380765 41.880555962728)
6ca2a66102cdfff5f229591bb6e696d37e04a33ee2e8c75e61d1096c6f237345e12552f77accfb8f5ac4c572c6c047840d9086df8c27709a70cb351c41b2160c,JF301034,,07/01/2022 08:50:00 AM,30,TRAFFIC SIGNAL,FUNCTIONING PROPERLY,CLEAR,DAYLIGHT,PEDALCYCLIST,NOT DIVIDED,,STRAIGHT AND LEVEL,DRY,NO DEFECTS,ON SCENE,INJURY AND / OR TOW DUE TO CRASH,Y,,,"OVER $1,500",07/01/2022 09:04:00 AM,UNABLE TO DETERMINE,UNABLE TO DETERMINE,1138,W,ARDMORE AVE,2022,,,N,,,,2,"REPORTED, NOT EVIDENT",1,0,0,0,1,1,0,8,6,7,41.987386474,-87.65976154,POINT (-87.659761539641 41.987386474166)
6e41f16c257a2014104d8cfd1adfce1b50c699c043ce0c35279da1284df0712a52a007195f057490701e79cc64db1d3670a9275cff20f8d0417eed6a01d68e92,JE461130,,11/30/2021 09:30:00 AM,30,STOP SIGN/FLASHER,FUNCTIONING PROPERLY,CLEAR,DAYLIGHT,PEDALCYCLIST,NOT DIVIDED,,STRAIGHT AND LEVEL,DRY,UNKNOWN,ON SCENE,NO INJURY / DRIVE AWAY,Y,,,$500 OR LESS,11/30/2021 10:00:00 AM,UNABLE TO DETERMINE,NOT APPLICABLE,2398,W,52ND ST,932,,,,,,,2,NO INDICATION OF INJURY,0,0,0,0,0,2,0,9,3,11,41.798937536,-87.683516382,POINT (-87.683516382369 41.798937536372)
6e08016a847de626c1080b0ff7db1cb5a881b0fb7ba048c20a31ec8dee9a18236d510fb429791a14de7613ee3953509f09c799194749b4c79ce08a33bf76e941,JE468889,,12/07/2021 09:55:00 AM,30,TRAFFIC SIGNAL,FUNCTIONING PROPERLY,CLEAR,DAYLIGHT,PEDALCYCLIST,NOT DIVIDED,,STRAIGHT AND LEVEL,DRY,NO DEFECTS,ON SCENE,INJURY AND / OR TOW DUE TO CRASH,Y,,,$500 OR LESS,12/07/2021 09:57:00 AM,UNABLE TO DETERMINE,NOT APPLICABLE,4700,S,RACINE AVE,933,,,,,,,2,NONINCAPACITATING INJURY,1,0,0,1,0,1,0,9,3,12,41.808687881,-87.655386777,POINT (-87.655386777207 41.808687881101)
6e5e60564d87d31db7849e887ccd8bbaf602d5bd1c5b3831fb0777be9df52f24a68e5ef5fb364e5e8d75c61b112d2078dbdd7b018ce6253f1678bd19f7c8862a,JE409826,,10/06/2021 08:25:00 PM,30,NO CONTROLS,NO CONTROLS,UNKNOWN,"DARKNESS, LIGHTED ROAD",PEDALCYCLIST,NOT DIVIDED,,STRAIGHT AND LEVEL,UNKNOWN,NO DEFECTS,NOT ON SCENE (DESK REPORT),NO INJURY / DRIVE AWAY,,,,$500 OR LESS,10/14/2021 06:05:00 PM,UNABLE TO DETERMINE,NOT APPLICABLE,2235,N,MILWAUKEE AVE,1431,,,,,,,2,NO INDICATION OF INJURY,0,0,0,0,0,2,0,20,4,10,41.921488876,-87.694814926,POINT (-87.694814926002 41.921488875628)
6c47b2d044abecee0a1ba43094f498a40bca472c137b3e0d49773331e28a30776fb67f58d80ec2f3445ce801d5e8630ed89525d52833a0322cfbb9d5d41b1aa6,JE377188,,09/16/2021 05:15:00 PM,30,NO CONTROLS,NO CONTROLS,CLEAR,DAYLIGHT,PEDALCYCLIST,NOT DIVIDED,,STRAIGHT AND LEVEL,DRY,NO DEFECTS,NOT ON SCENE (DESK REPORT),INJURY AND / OR TOW DUE TO CRASH,,,Y,$500 OR LESS,09/17/2021 02:15:00 PM,UNABLE TO DETERMINE,NOT APPLICABLE,1219,N,MILWAUKEE AVE,1433,,,Y,,,,2,NONINCAPACITATING INJURY,1,0,0,1,0,2,0,17,5,9,41.903854729,-87.667036281,POINT (-87.667036280636 41.903854728889)
6b860b129be424d97af8acdf6ad112670ef0fe4b1519305d69e37f943bed28078d646e8aa9b4a56c504664a96821797d450e6f4e2607eebc652dd8f909c26b15,JF224591,,04/29/2022 05:30:00 PM,10,NO CONTROLS,NO CONTROLS,CLEAR,DUSK,PEDALCYCLIST,OTHER,,STRAIGHT AND LEVEL,DRY,NO DEFECTS,ON SCENE,NO INJURY / DRIVE AWAY,,,,"OVER $1,500",04/29/2022 05:45:00 PM,NOT APPLICABLE,NOT APPLICABLE,4800,N,PULASKI RD,1712,,,,,,,2,NO INDICATION OF INJURY,0,0,0,0,0,3,0,17,6,4,41.968262595,-87.728175316,POINT (-87.72817531576 41.968262595101)
6dcf54038149bfc8964a08ad4157045b46aba1b8b6e6e399ba12dc49b92f754aa7575fc2399de9ea91ad75f6a29959b7fbcf572ea5d625c49f6ea5df7ca0c64a,JE437308,,11/07/2021 04:45:00 PM,20,STOP SIGN/FLASHER,UNKNOWN,CLEAR,DAYLIGHT,PEDALCYCLIST,NOT DIVIDED,,STRAIGHT AND LEVEL,DRY,UNKNOWN,ON SCENE,INJURY AND / OR TOW DUE TO CRASH,,,Y,"OVER $1,500",11/07/2021 04:50:00 PM,UNABLE TO DETERMINE,UNABLE TO DETERMINE,3401,N,KILBOURN AVE,1731,,,,,,,2,"REPORTED, NOT EVIDENT",1,0,0,0,1,1,0,16,1,11,41.942671031,-87.739458411,POINT (-87.739458411419 41.942671030795)
6c2020ac2ef11627baf29564d9ae270d8a49db392679597d1a69fef30975c4a32061b3da44fa2983a901bff72fee17a3b2b276a4c6aca587676b1ca5afee6037,JF244147,,05/16/2022 10:30:00 AM,30,NO CONTROLS,NO CONTROLS,CLEAR,DAYLIGHT,PEDALCYCLIST,DIVIDED - W/MEDIAN (NOT RAISED),,STRAIGHT AND LEVEL,DRY,NO DEFECTS,ON SCENE,INJURY AND / OR TOW DUE TO CRASH,,,,$500 OR LESS,05/16/2022 10:35:00 AM,NOT APPLICABLE,NOT APPLICABLE,4631,N,CLARK ST,1913,,,Y,,,,2,NONINCAPACITATING INJURY,1,0,0,1,0,0,0,10,2,5,41.96621963,-87.666787007,POINT (-87.666787006719 41.966219629742)
6d7c894067db13428ae280b19eb35be02fd0cd3ad22692225d40e183e5b4b142e803225345e30dab9f37783c8ea10da8d8ca4b8abd323c71e236328c1db0b59c,JF290506,,06/22/2022 11:10:00 PM,25,NO CONTROLS,NO CONTROLS,CLEAR,"DARKNESS, LIGHTED ROAD",PEDALCYCLIST,NOT DIVIDED,,STRAIGHT AND LEVEL,DRY,UNKNOWN,ON SCENE,NO INJURY / DRIVE AWAY,,,,"$501 - $1,500",06/22/2022 11:45:00 PM,DISTRACTION - FROM OUTSIDE VEHICLE,NOT APPLICABLE,1100,N,STATE ST,1824,,,,,,,2,NO INDICATION OF INJURY,0,0,0,0,0,2,0,23,4,6,41.901905554,-87.628493076,POINT (-87.628493076134 41.901905554238)
6d9086230139c4e9da0cdd2aca85ae31c729c28ff4322dfce18cf8fa349be160e6e59e1f198d769dcf9a30e2a923de1af4327600eec20c1f78b0b39b9499b5ab,JF281107,,06/15/2022 06:15:00 PM,30,NO CONTROLS,NO CONTROLS,CLEAR,DAYLIGHT,PEDALCYCLIST,NOT DIVIDED,,STRAIGHT AND LEVEL,DRY,NO DEFECTS,ON SCENE,INJURY AND / OR TOW DUE TO CRASH,,,,$500 OR LESS,06/15/2022 06:35:00 PM,FAILING TO YIELD RIGHT-OF-WAY,UNABLE TO DETERMINE,3460,W,FOSTER AVE,1712,,,,,,,2,NONINCAPACITATING INJURY,1,0,0,1,0,1,0,18,4,6,41.975774963,-87.715930083,POINT (-87.715930082934 41.975774962779)
6dbee3aec2e62caa0ec82a8ae7a7a8106688dc031f4c26f8d6c158694ff2c7f3b71cac21aa3f830e79db687992f374b0e27cb7d706165e9d61804625f9a30932,JE370762,,09/12/2021 12:50:00 PM,35,NO CONTROLS,NO CONTROLS,CLEAR,DAYLIGHT,PEDALCYCLIST,DIVIDED - W/MEDIAN (NOT RAISED),,STRAIGHT ON GRADE,DRY,NO DEFECTS,NOT ON SCENE (DESK REPORT),NO INJURY / DRIVE AWAY,,,,"$501 - $1,500",09/12/2021 01:25:00 PM,DISTRACTION - FROM OUTSIDE VEHICLE,NOT APPLICABLE,4431,S,ARCHER AVE,821,,,,,,,2,NO INDICATION OF INJURY,0,0,0,0,0,2,0,12,1,9,41.812628989,-87.706394204,POINT (-87.706394204098 41.812628989175)
6b85eb65b6a09a950ba19c5a4ab19ab04445fae2e584c53bf6653106e97a2a4c5e340fa7fa7130b32915b2765eb6fe89efa6500c592fb1580b674036bab06b38,JF278245,,06/13/2022 02:46:00 PM,30,STOP SIGN/FLASHER,FUNCTIONING PROPERLY,CLEAR,DAYLIGHT,PEDALCYCLIST,NOT DIVIDED,,STRAIGHT AND LEVEL,DRY,NO DEFECTS,ON SCENE,INJURY AND / OR TOW DUE TO CRASH,Y,,,$500 OR LESS,06/13/2022 02:48:00 PM,FAILING TO YIELD RIGHT-OF-WAY,IMPROPER TURNING/NO SIGNAL,825,N,STATE ST,1833,,,,,,,2,INCAPACITATING INJURY,1,0,1,0,0,1,0,14,2,6,41.89748024,-87.62807432,POINT (-87.628074320122 41.897480239743)
6be0a7f63e6f72b66ba5c5833cbef194405415a11da24218f33f7e7183e3a85b20401c34e0510509ec3144edf4a8c09e2a018f2917d2a2382176c4dc21dab8af,JF263439,,05/31/2022 04:45:00 PM,30,TRAFFIC SIGNAL,FUNCTIONING PROPERLY,CLEAR,DAYLIGHT,PEDALCYCLIST,ONE-WAY,,STRAIGHT AND LEVEL,DRY,NO DEFECTS,NOT ON SCENE (DESK REPORT),INJURY AND / OR TOW DUE TO CRASH,Y,,,"$501 - $1,500",06/01/2022 10:15:00 AM,IMPROPER TURNING/NO SIGNAL,NOT APPLICABLE,10,N,DEARBORN ST,112,,,,,,,2,"REPORTED, NOT EVIDENT",1,0,0,0,1,1,0,16,3,5,41.882215698,-87.629556254,POINT (-87.629556253578 41.882215697948)
6d066754a859885bc3b15b17481b244f75c0e318bfdf9d5548a195c820531d103b6bc97ce96b1101e68f6332a01c6e16c70c652bf1ff6d69961a973c23333ecc,JF304980,,07/04/2022 01:11:00 PM,30,STOP SIGN/FLASHER,FUNCTIONING PROPERLY,CLEAR,DAYLIGHT,PEDALCYCLIST,ONE-WAY,,STRAIGHT AND LEVEL,DRY,NO DEFECTS,ON SCENE,INJURY AND / OR TOW DUE TO CRASH,Y,,,"$501 - $1,500",07/04/2022 01:11:00 PM,FAILING TO REDUCE SPEED TO AVOID CRASH,FAILING TO YIELD RIGHT-OF-WAY,65,E,HURON ST,1834,,,,,,,2,INCAPACITATING INJURY,1,0,1,0,0,1,0,13,2,7,41.894806174,-87.625736107,POINT (-87.625736107269 41.89480617407)
6f70b2a0a796d52ec15bff2d5cd7e377f02ad36c0aca1d5147a80ec6b4f56585aaa7edc3d414b069f3035d1f818be39f06ec97ace309f85c46bcb0fa7e6676df,JF280383,,06/15/2022 10:00:00 AM,30,NO CONTROLS,NO CONTROLS,CLEAR,DAYLIGHT,PEDALCYCLIST,NOT DIVIDED,,"CURVE, LEVEL",DRY,NO DEFECTS,ON SCENE,NO INJURY / DRIVE AWAY,,,,$500 OR LESS,06/15/2022 10:00:00 AM,FAILING TO YIELD RIGHT-OF-WAY,NOT APPLICABLE,2701,N,STOCKTON DR,1935,,,,,,,2,NO INDICATION OF INJURY,0,0,0,0,0,2,0,10,4,6,41.931541491,-87.638847396,POINT (-87.638847396161 41.931541490558)
70600a43aac5c586f1b11043b6744889c30ad196ebf1a48e29f1de93380fc77dbcaff08ae2f3a7864a86528217c7f57645d60ecc6a6267695b093eab6460a141,JF201433,,04/08/2022 12:25:00 PM,30,NO CONTROLS,NO CONTROLS,RAIN,DAYLIGHT,PEDALCYCLIST,NOT DIVIDED,,STRAIGHT AND LEVEL,WET,NO DEFECTS,ON SCENE,INJURY AND / OR TOW DUE TO CRASH,,,,"$501 - $1,500",04/08/2022 12:25:00 PM,UNABLE TO DETERMINE,UNABLE TO DETERMINE,2812,N,WOLCOTT AVE,1931,,,,,,,2,INCAPACITATING INJURY,1,0,1,0,0,1,0,12,6,4,41.932731956,-87.675849269,POINT (-87.675849269447 41.932731956407)
6ed4e1d3f79fbfe619f67ec9ca8a689dd5c2728d5f7be82d2905a3815221b2ccde24a9c309aefe1517938e6db6498b1d3d93c0dc2400bf3c9299c1ee38f04c7d,JF121865,,12/27/2021 02:45:00 PM,30,NO CONTROLS,NO CONTROLS,UNKNOWN,DAYLIGHT,PEDALCYCLIST,NOT DIVIDED,,STRAIGHT AND LEVEL,UNKNOWN,UNKNOWN,NOT ON SCENE (DESK REPORT),INJURY AND / OR TOW DUE TO CRASH,,,,"OVER $1,500",01/23/2022 03:40:00 PM,FOLLOWING TOO CLOSELY,NOT APPLICABLE,3523,N,WHIPPLE ST,1733,,,,,,,2,NONINCAPACITATING INJURY,1,0,0,1,0,1,0,14,2,12,41.945467149,-87.703962438,POINT (-87.703962438352 41.945467149402)
7062ca1f674413495439fa77e44fa4446cdf9e867b3d318c99d885cd10074375e52efcb2dae16afee78c54a103b2d33306829922f54aa6626c30eade0fdcf6a5,JF176657,,03/17/2022 07:18:00 AM,30,STOP SIGN/FLASHER,FUNCTIONING PROPERLY,CLEAR,DAYLIGHT,PEDALCYCLIST,T-INTERSECTION,,STRAIGHT AND LEVEL,DRY,NO DEFECTS,ON SCENE,INJURY AND / OR TOW DUE TO CRASH,Y,,,"OVER $1,500",03/17/2022 07:20:00 AM,FAILING TO YIELD RIGHT-OF-WAY,UNABLE TO DETERMINE,5501,S,ALBANY AVE,824,,,,,,,2,NONINCAPACITATING INJURY,1,0,0,1,0,1,0,7,5,3,41.793469923,-87.700969778,POINT (-87.700969777741 41.793469922756)
717a031c7d4b0f9c7bf4ba3ee28281d8c7f7cf0a7d7547b87c9b44db26bc96dbbea6ad9c9a698cfb4586ad66e7a50abc94093fa8ab364b5e5d9256e5c1634af8,JF239581,,05/12/2022 03:41:00 PM,30,NO CONTROLS,NO CONTROLS,CLEAR,DAYLIGHT,PEDALCYCLIST,ALLEY,,STRAIGHT AND LEVEL,DRY,NO DEFECTS,ON SCENE,NO INJURY / DRIVE AWAY,,,,"OVER $1,500",05/12/2022 03:41:00 PM,UNABLE TO DETERMINE,FAILING TO YIELD RIGHT-OF-WAY,1617,W,LAWRENCE AVE,1912,,,,,,,2,NO INDICATION OF INJURY,0,0,0,0,0,2,0,15,5,5,41.968763175,-87.670185141,POINT (-87.670185141227 41.968763174909)
71bb862061d461eacd4a3917ca9b1c114c1b8657cd77fde3536904d41bebe5f87bd331c8dd522d3a774893480f49a6f9beff5b3d3a4f622a1c50af271849ece4,JE381115,,09/20/2021 05:00:00 PM,35,TRAFFIC SIGNAL,FUNCTIONING PROPERLY,CLEAR,DAYLIGHT,PEDALCYCLIST,DIVIDED - W/MEDIAN (NOT RAISED),,STRAIGHT AND LEVEL,DRY,UNKNOWN,ON SCENE,NO INJURY / DRIVE AWAY,Y,,,$500 OR LESS,09/20/2021 05:05:00 PM,UNABLE TO DETERMINE,UNABLE TO DETERMINE,3002,N,CICERO AVE,2521,,,,,,,2,NO INDICATION OF INJURY,0,0,0,0,0,2,0,17,2,9,41.93528188,-87.746891998,POINT (-87.746891997887 41.935281880066)
6f4c0463e7ebf011dd7a83283f21657af739e4cb4817f4e53e0b6994ab87292d9225c51cc01c045b9abca9b557e78898c24b22e836890b89ab0390cb2449519e,JF142598,Y,02/11/2022 05:00:00 PM,30,NO CONTROLS,NO CONTROLS,CLOUDY/OVERCAST,DUSK,PEDALCYCLIST,NOT DIVIDED,,STRAIGHT AND LEVEL,UNKNOWN,UNKNOWN,NOT ON SCENE (DESK REPORT),INJURY AND / OR TOW DUE TO CRASH,,,Y,$500 OR LESS,02/12/2022 06:20:00 PM,UNABLE TO DETERMINE,UNABLE TO DETERMINE,3100,W,47TH ST,922,,,,,,,2,NONINCAPACITATING INJURY,1,0,0,1,0,1,0,17,6,2,41.808272164,-87.701609054,POINT (-87.701609053589 41.808272163666)
6f7e21cda5bb022832e6441ae7ffd8f543f8719dd4996b3fdf9f23caf23f18244710bbd1669f757d2d74556e637244b1be5ac2f56b3276b83c71f4daee50e31b,JE383654,,09/22/2021 07:32:00 PM,30,TRAFFIC SIGNAL,FUNCTIONING PROPERLY,CLEAR,"DARKNESS, LIGHTED ROAD",PEDALCYCLIST,FOUR WAY,,STRAIGHT AND LEVEL,DRY,UNKNOWN,ON SCENE,INJURY AND / OR TOW DUE TO CRASH,Y,,,"OVER $1,500",09/22/2021 07:39:00 PM,UNABLE TO DETERMINE,UNABLE TO DETERMINE,600,W,DIVISION ST,1822,,,,,,,2,NONINCAPACITATING INJURY,1,0,0,1,0,3,0,19,4,9,41.903825234,-87.64328636,POINT (-87.643286359995 41.903825233976)
7108f8faab32f6134c605df13c8bb4231e9abd4f2784d8a81c232d045d224d9027d9e7de8249e2c573bb1354ac0755bbab8460d0c535ca82bf7c133f6b36fe74,JF283744,,06/17/2022 05:15:00 PM,30,NO CONTROLS,NO CONTROLS,CLEAR,DAYLIGHT,PEDALCYCLIST,T-INTERSECTION,,STRAIGHT AND LEVEL,DRY,NO DEFECTS,ON SCENE,INJURY AND / OR TOW DUE TO CRASH,Y,,,"OVER $1,500",06/17/2022 05:15:00 PM,UNABLE TO DETERMINE,NOT APPLICABLE,2434,W,MONTROSE AVE,1911,,,,,,,2,INCAPACITATING INJURY,1,0,1,0,0,1,0,17,6,6,41.961412697,-87.69010741,POINT (-87.69010740968 41.961412697164)
704d765c83dd57feb7cebdfba4a0e0fb2bfeabb2898166b4cdd7f1d56deedb49e26cc10deefb768da4741bb018b3a68568f279b41888673245830565d1122efb,JF262996,,05/30/2022 10:15:00 PM,30,NO CONTROLS,NO CONTROLS,CLEAR,"DARKNESS, LIGHTED ROAD",PEDALCYCLIST,NOT DIVIDED,,STRAIGHT AND LEVEL,DRY,NO DEFECTS,NOT ON SCENE (DESK REPORT),NO INJURY / DRIVE AWAY,,,Y,"$501 - $1,500",05/31/2022 09:15:00 PM,IMPROPER TURNING/NO SIGNAL,NOT APPLICABLE,6100,N,NAGLE AVE,1611,,,,,,,2,NO INDICATION OF INJURY,0,0,0,0,0,2,0,22,2,5,41.991646831,-87.787719451,POINT (-87.787719451005 41.991646831067)
7069cd8b20a975e8af9ffd20a09b97ce4eeb428c54867d39b205f1453a8fb5314a7b8203312b047fb7ab075795fc47c78e65cd4661980c5c3e9ce97ae75dea61,JF258694,,05/28/2022 11:00:00 AM,30,NO CONTROLS,NO CONTROLS,CLEAR,DAYLIGHT,PEDALCYCLIST,NOT DIVIDED,,STRAIGHT AND LEVEL,DRY,NO DEFECTS,ON SCENE,INJURY AND / OR TOW DUE TO CRASH,,,,$500 OR LESS,05/28/2022 11:03:00 AM,UNABLE TO DETERMINE,UNABLE TO DETERMINE,3441,N,SHEFFIELD AVE,1924,,,,,,,2,NONINCAPACITATING INJURY,1,0,0,1,0,2,0,11,7,5,41.944772763,-87.654107848,POINT (-87.654107848133 41.944772763281)
70acdb2304f13f9a5db86bf11a5e1d474188f0385943febcecc5d11143170b09b8293f5e71a94139ee86878d3c4d2d0dd9b4d4f9c7780a78ac87ee5b6efa5976,JF302054,,07/02/2022 12:20:00 AM,30,NO CONTROLS,NO CONTROLS,CLEAR,"DARKNESS, LIGHTED ROAD",PEDALCYCLIST,DIVIDED - W/MEDIAN (NOT RAISED),,STRAIGHT AND LEVEL,DRY,UNKNOWN,ON SCENE,INJURY AND / OR TOW DUE TO CRASH,,,Y,"$501 - $1,500",07/02/2022 12:24:00 AM,UNABLE TO DETERMINE,NOT APPLICABLE,1226,W,18TH ST,1233,,,,,,,2,NONINCAPACITATING INJURY,1,0,0,1,0,1,0,0,7,7,41.858044585,-87.657591914,POINT (-87.657591914044 41.858044585109)
6f61fa23ac16e303d7ef99c85d0cf1ebe73da34833d26b0afca5e725e458255033509eac5e307630420d06512e1d5d083bcec77983e6546257e9473359bbd64c,JF278045,,06/13/2022 01:45:00 PM,30,TRAFFIC SIGNAL,FUNCTIONING PROPERLY,CLEAR,DAYLIGHT,PEDALCYCLIST,DIVIDED - W/MEDIAN BARRIER,,STRAIGHT AND LEVEL,DRY,NO DEFECTS,ON SCENE,NO INJURY / DRIVE AWAY,Y,,,$500 OR LESS,06/13/2022 01:47:00 PM,UNABLE TO DETERMINE,UNABLE TO DETERMINE,3000,N,ASHLAND AVE,1931,,,,,,,2,NO INDICATION OF INJURY,0,0,0,0,0,2,0,13,2,6,41.936091122,-87.668678154,POINT (-87.668678153513 41.936091121625)
70ad0d82367a7f4f1e302c7b99288398a211149a030681a725f97a2dcd4e1b3cffc831804191ae431f78d931a8edcf7508ae98dd756448b80ac66e1cc2a27037,JE388113,,09/19/2021 06:30:00 PM,30,TRAFFIC SIGNAL,FUNCTIONING PROPERLY,CLEAR,DAYLIGHT,PEDALCYCLIST,ONE-WAY,,STRAIGHT AND LEVEL,DRY,NO DEFECTS,NOT ON SCENE (DESK REPORT),NO INJURY / DRIVE AWAY,Y,,,"OVER $1,500",09/26/2021 04:45:00 PM,UNABLE TO DETERMINE,UNABLE TO DETERMINE,181,N,CLARK ST,111,,,,,,,2,NO INDICATION OF INJURY,0,0,0,0,0,2,0,18,1,9,41.885253798,-87.630815614,POINT (-87.630815614115 41.885253798084)
70f5c701b87a928942ae8a06fa8493d31a7e62c4ee6fa4cb273bce9d6dacc8c92a522a6c76aab2b052492ca44ab44a8da305a9fde8e90169170bbb50a868571b,JF242745,,05/15/2022 02:49:00 AM,30,NO CONTROLS,NO CONTROLS,CLEAR,"DARKNESS, LIGHTED ROAD",PEDALCYCLIST,NOT DIVIDED,,STRAIGHT AND LEVEL,DRY,NO DEFECTS,ON SCENE,NO INJURY / DRIVE AWAY,,,,"$501 - $1,500",05/15/2022 03:05:00 AM,FOLLOWING TOO CLOSELY,NOT APPLICABLE,218,W,DIVISION ST,1821,,,,,,,2,NO INDICATION OF INJURY,0,0,0,0,0,2,0,2,1,5,41.903951814,-87.635319803,POINT (-87.635319802879 41.903951813957)
71dcfc89359dc4c503951172ecf5467ee66e64a54f3fba79e0719f8f3309301d9323eb86272263ce3f49d3cdf17ede301a9efa9b9af0250520115278e1c0e602,JF314083,,07/11/2022 09:00:00 PM,35,STOP SIGN/FLASHER,FUNCTIONING PROPERLY,CLEAR,"DARKNESS, LIGHTED ROAD",PEDALCYCLIST,FOUR WAY,,STRAIGHT AND LEVEL,DRY,NO DEFECTS,NOT ON SCENE (DESK REPORT),NO INJURY / DRIVE AWAY,Y,,,"$501 - $1,500",07/11/2022 09:00:00 PM,DISREGARDING STOP SIGN,DRIVING SKILLS/KNOWLEDGE/EXPERIENCE,2729,W,DEVON AVE,2413,,,,,,,2,NO INDICATION OF INJURY,0,0,0,0,0,2,0,21,2,7,41.997471914,-87.698364983,POINT (-87.698364983179 41.997471913695)
7374cc75615bb78028e8aa901dee15fc9052f8e2e6441065bc2a797a0c75576a6fabcf58491405c9f646850e156b418bc2057a5e79d94adf0610a43d3adc8574,JF302707,,07/02/2022 02:34:00 PM,25,NO CONTROLS,NO CONTROLS,CLEAR,DAYLIGHT,PEDALCYCLIST,NOT DIVIDED,,STRAIGHT AND LEVEL,DRY,NO DEFECTS,ON SCENE,NO INJURY / DRIVE AWAY,,,,$500 OR LESS,07/02/2022 02:34:00 PM,UNABLE TO DETERMINE,UNABLE TO DETERMINE,4728,N,ROCKWELL ST,1911,,,,,,,2,NO INDICATION OF INJURY,0,0,0,0,0,1,0,14,7,7,41.967601059,-87.693915679,POINT (-87.693915679189 41.96760105916)
72a7bd71134210b4fa233a06ac5006d8d96cbd447ecbe87cf239500ac56e9eb3db57e7b26ba96a96c2b9223c2997830e256fb3f881ff478a5aa03f20cfef1971,JE374128,,09/15/2021 07:40:00 AM,30,TRAFFIC SIGNAL,FUNCTIONING PROPERLY,CLEAR,DAYLIGHT,PEDALCYCLIST,RAMP,,STRAIGHT AND LEVEL,DRY,NO DEFECTS,ON SCENE,INJURY AND / OR TOW DUE TO CRASH,,,,"OVER $1,500",09/15/2021 07:40:00 AM,FAILING TO REDUCE SPEED TO AVOID CRASH,NOT APPLICABLE,2000,W,CONGRESS PKWY,1225,,,Y,,,,2,NONINCAPACITATING INJURY,1,0,0,1,0,1,0,7,4,9,41.875130979,-87.676510983,POINT (-87.676510983089 41.875130978949)
728b7eccecb598ac5c1889b8fb7a2013e8e1371edeaabdd8a78e253fae75e472700b706ce3bbc7712bc81ade7d1df73e3fe4cb91364f7be2422678a5983d8800,JF284066,N,06/17/2022 10:50:00 PM,30,TRAFFIC SIGNAL,FUNCTIONING PROPERLY,CLEAR,"DARKNESS, LIGHTED ROAD",PEDALCYCLIST,DIVIDED - W/MEDIAN BARRIER,,STRAIGHT AND LEVEL,DRY,NO DEFECTS,ON SCENE,INJURY AND / OR TOW DUE TO CRASH,N,,,"OVER $1,500",06/17/2022 11:00:00 PM,IMPROPER OVERTAKING/PASSING,IMPROPER OVERTAKING/PASSING,241,N,STATE ST,111,,,,,,,2,NO INDICATION OF INJURY,0,0,0,0,0,2,0,22,6,6,41.88679716,-87.627825772,POINT (-87.627825771868 41.886797160425)
74188bbc8ee53dad65d965a49bff25b9d07a7df0db749e9c07c660c55557a4af567a89f69dfbdf0a0a99e6092243b5175b6aeb2ea71830963e37b34486598802,JF267329,,06/04/2022 10:30:00 AM,30,NO CONTROLS,NO CONTROLS,CLEAR,DAYLIGHT,PEDALCYCLIST,NOT DIVIDED,,STRAIGHT AND LEVEL,DRY,NO DEFECTS,ON SCENE,NO INJURY / DRIVE AWAY,,,,$500 OR LESS,06/04/2022 10:45:00 AM,NOT APPLICABLE,NOT APPLICABLE,1425,W,18TH ST,1233,,,Y,,,,2,NO INDICATION OF INJURY,0,0,0,0,0,2,0,10,7,6,41.857749973,-87.662313786,POINT (-87.662313786452 41.857749973459)