CRASH_RECORD_ID,RD_NO,CRASH_DATE_EST_I,CRASH_DATE,POSTED_SPEED_LIMIT,TRAFFIC_CONTROL_DEVICE,DEVICE_CONDITION,WEATHER_CONDITION,LIGHTING_CONDITION,FIRST_CRASH_TYPE,TRAFFICWAY_TYPE,LANE_CNT,ALIGNMENT,ROADWAY_SURFACE_COND,ROAD_DEFECT,REPORT_TYPE,CRASH_TYPE,INTERSECTION_RELATED_I,NOT_RIGHT_OF_WAY_I,HIT_AND_RUN_I,DAMAGE,DATE_POLICE_NOTIFIED,PRIM_CONTRIBUTORY_CAUSE,SEC_CONTRIBUTORY_CAUSE,STREET_NO,STREET_DIRECTION,STREET_NAME,BEAT_OF_OCCURRENCE,PHOTOS_TAKEN_I,STATEMENTS_TAKEN_I,DOORING_I,WORK_ZONE_I,WORK_ZONE_TYPE,WORKERS_PRESENT_I,NUM_UNITS,MOST_SEVERE_INJURY,INJURIES_TOTAL,INJURIES_FATAL,INJURIES_INCAPACITATING,INJURIES_NON_INCAPACITATING,INJURIES_REPORTED_NOT_EVIDENT,INJURIES_NO_INDICATION,INJURIES_UNKNOWN,CRASH_HOUR,CRASH_DAY_OF_WEEK,CRASH_MONTH,LATITUDE,LONGITUDE,LOCATION
7274f6dac86be95b60f355703e3a239bb382d04c2ebe65c4bd12820b436005ec78c22ad45929ca6116d10e361c62cc3a323d1bfbdf945a5162aa4d0c3716f898,JE416783,,10/20/2021 03:22:00 PM,30,TRAFFIC SIGNAL,FUNCTIONING PROPERLY,CLEAR,DAYLIGHT,PEDALCYCLIST,NOT DIVIDED,,STRAIGHT AND LEVEL,DRY,NO DEFECTS,NOT ON SCENE (DESK REPORT),NO INJURY / DRIVE AWAY,Y,,Y,$500 OR LESS,10/20/2021 07:20:00 PM,UNABLE TO DETERMINE,UNABLE TO DETERMINE,40,S,HALSTED ST,1232,,,,,,,2,NO INDICATION OF INJURY,0,0,0,0,0,2,0,15,4,10,41.880554245,-87.647470406,POINT (-87.647470405718 41.880554245414)
72db09747cd3b917266df8220510e3e96639efd50815296dbd8c961338ccaf9cc7ef1e762b7bcca066ce5cdb8f0de8756c3c108be6612d6df4516ece9aa43165,JE386160,,09/24/2021 05:20:00 PM,30,NO CONTROLS,NO CONTROLS,CLEAR,DAYLIGHT,PEDALCYCLIST,NOT DIVIDED,,STRAIGHT AND LEVEL,DRY,NO DEFECTS,ON SCENE,INJURY AND / OR TOW DUE TO CRASH,,,Y,"OVER $1,500",09/24/2021 05:23:00 PM,"OPERATING VEHICLE IN ERRATIC, RECKLESS, CARELESS, NEGLIGENT OR AGGRESSIVE MANNER",UNABLE TO DETERMINE,3021,E,83RD ST,424,,,,,,,2,INCAPACITATING INJURY,1,0,1,0,0,2,0,17,6,9,41.744560793,-87.550603673,POINT (-87.550603673258 41.744560792645)
739fb67fe643770890eb93e39ba6276f6b5d1e4fbaece08cd2f12d6bebc90a338f84dc7156f7062829fcc9664f486f8dc1a4387072bc600f1e600843bae2b768,JE476033,,12/13/2021 10:40:00 AM,30,TRAFFIC SIGNAL,FUNCTIONING PROPERLY,CLEAR,DAYLIGHT,PEDALCYCLIST,DIVIDED - W/MEDIAN (NOT RAISED),,STRAIGHT AND LEVEL,DRY,UNKNOWN,NOT ON SCENE (DESK REPORT),NO INJURY / DRIVE AWAY,Y,,Y,$500 OR LESS,12/13/2021 01:40:00 PM,DISREGARDING TRAFFIC SIGNALS,UNABLE TO DETERMINE,2005,S,HALSTED ST,1235,,,,,,,2,NO INDICATION OF INJURY,0,0,0,0,0,2,0,10,2,12,41.855195843,-87.646421123,POINT (-87.646421122532 41.855195842942)
72c9eb8bf158ae1ca12cf111ee8cbbb1b8210d64ff32fdc1e866731eba38f6478e45e7816836e5a3d7a8070ebd044c62b6ad29e9159b302a903d8d28a7422b07,JE390348,,09/27/2021 04:45:00 PM,35,TRAFFIC SIGNAL,FUNCTIONING PROPERLY,CLEAR,DAYLIGHT,PEDALCYCLIST,T-INTERSECTION,,STRAIGHT AND LEVEL,DRY,NO DEFECTS,NOT ON SCENE (DESK REPORT),INJURY AND / OR TOW DUE TO CRASH,Y,,Y,"$501 - $1,500",09/28/2021 01:10:00 PM,IMPROPER OVERTAKING/PASSING,FAILING TO YIELD RIGHT-OF-WAY,1000,N,ELSTON AVE,1213,,,,,,,2,NONINCAPACITATING INJURY,1,0,0,1,0,1,0,16,2,9,41.899919352,-87.656794999,POINT (-87.656794999036 41.899919351805)
74ce366761a22c64a8c38609b5101fe730dff82e8a4e32770dc4ce1daf6f9001817420a8d5837972e8be616026f432f4f36fea71ff407d9f446981532b459b2a,JF333856,,07/27/2022 04:41:00 PM,30,NO CONTROLS,NO CONTROLS,CLEAR,DAYLIGHT,PEDALCYCLIST,DIVIDED - W/MEDIAN (NOT RAISED),,STRAIGHT AND LEVEL,DRY,NO DEFECTS,ON SCENE,INJURY AND / OR TOW DUE TO CRASH,,,Y,$500 OR LESS,07/27/2022 04:55:00 PM,UNABLE TO DETERMINE,UNABLE TO DETERMINE,3911,N,BROADWAY,1925,,,,,,,2,NONINCAPACITATING INJURY,1,0,0,1,0,1,0,16,4,7,41.953172054,-87.649521644,POINT (-87.649521644121 41.953172054334)
733f590163faa83adfd4eb52ca1e945af48909c810907049f1b5a06b39e26240fac3f0533f49aec3f03139e81ee073b300eaf623bc6d0cf0e895e35ce18da0c4,JF301201,,07/01/2022 11:24:00 AM,30,NO CONTROLS,NO CONTROLS,CLEAR,DAYLIGHT,PEDALCYCLIST,T-INTERSECTION,,STRAIGHT AND LEVEL,DRY,UNKNOWN,,INJURY AND / OR TOW DUE TO CRASH,Y,,,$500 OR LESS,07/01/2022 11:36:00 AM,UNABLE TO DETERMINE,UNABLE TO DETERMINE,2485,N,CLARK ST,1935,,,,,,,2,NONINCAPACITATING INJURY,1,0,0,1,0,1,0,11,6,7,41.927833818,-87.641658809,POINT (-87.641658809105 41.927833817665)
935340ac15c5f9f1c9e40de843c7f7402c43ff3627e0cb19fdfeb4334d839ca6a806fccba24cad220d8bb4eddfbb2610d140e26ca2bd4726fb2c425602ffbb81,JF288202,,06/21/2022 09:30:00 AM,30,NO CONTROLS,NO CONTROLS,CLEAR,DAYLIGHT,PEDALCYCLIST,NOT DIVIDED,,STRAIGHT AND LEVEL,DRY,NO DEFECTS,,INJURY AND / OR TOW DUE TO CRASH,,,,$500 OR LESS,06/21/2022 09:35:00 AM,UNABLE TO DETERMINE,UNABLE TO DETERMINE,6742,N,CLARK ST,2432,,,,,,,2,NONINCAPACITATING INJURY,1,0,0,1,0,1,0,9,3,6,42.004749135,-87.673055025,POINT (-87.673055024671 42.004749135379)
73bc1b4a6278e3660d41747d436de1999c87625defdf9f4d3943e95510fd235dcd84e1cdc5aec49f765e1d8a523e3969253239a8beb9ab1fac42e4307eb3e6e6,JF313637,,07/11/2022 03:57:00 PM,30,STOP SIGN/FLASHER,OTHER,CLEAR,DAYLIGHT,PEDALCYCLIST,OTHER,,STRAIGHT AND LEVEL,DRY,UNKNOWN,ON SCENE,INJURY AND / OR TOW DUE TO CRASH,Y,,,"$501 - $1,500",07/11/2022 03:58:00 PM,UNABLE TO DETERMINE,UNABLE TO DETERMINE,3332,W,LAWRENCE AVE,1713,,,,,,,2,NONINCAPACITATING INJURY,1,0,0,1,0,1,0,15,2,7,41.968524527,-87.7122112,POINT (-87.712211199545 41.968524526613)
74feb5bdb10e8f1f42f1f0be663c2bd3fbab9b9185f2b852e2ae6753524af1c85893bcb70bbfea6fe9e0f88e5fbbe216e720e25a43178763132363864fe25fad,JE366302,,09/08/2021 04:43:00 PM,30,TRAFFIC SIGNAL,FUNCTIONING PROPERLY,CLEAR,DAYLIGHT,PEDALCYCLIST,DIVIDED - W/MEDIAN (NOT RAISED),,STRAIGHT AND LEVEL,DRY,NO DEFECTS,ON SCENE,NO INJURY / DRIVE AWAY,Y,,,$500 OR LESS,09/08/2021 04:48:00 PM,UNABLE TO DETERMINE,NOT APPLICABLE,4758,W,IRVING PARK RD,1722,,,,,,,2,NO INDICATION OF INJURY,0,0,0,0,0,2,0,16,4,9,41.953530563,-87.747224359,POINT (-87.747224358827 41.953530563276)
7589b9806affa9c3bfda3550b5061dd0ea307c93b6bad1710c4a6895d38a1fa6cf3d447cf3c4ed8aea9a83c67eafba9752135a6f5270cb894048734fde3246a0,JF238674,,05/11/2022 07:01:00 PM,30,STOP SIGN/FLASHER,FUNCTIONING PROPERLY,CLEAR,DAYLIGHT,PEDALCYCLIST,NOT DIVIDED,,STRAIGHT AND LEVEL,UNKNOWN,UNKNOWN,ON SCENE,INJURY AND / OR TOW DUE TO CRASH,,,,$500 OR LESS,05/11/2022 07:20:00 PM,UNABLE TO DETERMINE,NOT APPLICABLE,7659,N,PAULINA ST,2422,,,,,,,2,NONINCAPACITATING INJURY,1,0,0,1,0,1,0,19,4,5,42.021086045,-87.672931954,POINT (-87.672931953873 42.021086045205)
75cb07afb326d05eb5e4da663fbce189163c2b5b9b29d10961ca51367e4f2420e31913440a4ce96892b5144aeee45626d6322531d279250b5d1fc076035e9926,JE386358,,09/25/2021 12:00:00 AM,30,UNKNOWN,UNKNOWN,RAIN,"DARKNESS, LIGHTED ROAD",PEDALCYCLIST,NOT DIVIDED,,STRAIGHT AND LEVEL,WET,NO DEFECTS,ON SCENE,INJURY AND / OR TOW DUE TO CRASH,,,Y,"OVER $1,500",09/25/2021 12:00:00 AM,DRIVING ON WRONG SIDE/WRONG WAY,UNABLE TO DETERMINE,2511,W,DIVISION ST,1211,,,,,,,2,INCAPACITATING INJURY,1,0,1,0,0,1,0,0,7,9,41.902879057,-87.689944994,POINT (-87.689944993631 41.90287905694)
77a7dae5bad04b53a4d040ed28219ca9a4292af0e0c595beeed4f6322121e46dc78e438f4e2f39905ca90c8175982992d0204a2823b183a5ab4db6fd83dbc63c,JF208910,,04/15/2022 03:25:00 PM,30,TRAFFIC SIGNAL,FUNCTIONING PROPERLY,RAIN,DAYLIGHT,PEDALCYCLIST,FOUR WAY,,STRAIGHT AND LEVEL,WET,NO DEFECTS,ON SCENE,INJURY AND / OR TOW DUE TO CRASH,,,Y,"$501 - $1,500",04/15/2022 03:40:00 PM,FAILING TO YIELD RIGHT-OF-WAY,UNABLE TO DETERMINE,813,N,CENTRAL AVE,1524,,,,,,,2,NONINCAPACITATING INJURY,1,0,0,1,0,1,0,15,6,4,41.895312589,-87.765263804,POINT (-87.765263804347 41.89531258899)
78aa5569d6abbc17d2b6b4949481c802a50fedac1d650d3865e12a0a5c7a36e95593017217e4bf0cd87856a7590c6ddb4868c15a0fe50f1f2f245a713fbfc528,JF300468,,06/30/2022 07:20:00 PM,25,NO CONTROLS,NO CONTROLS,CLEAR,DAYLIGHT,PEDALCYCLIST,ALLEY,,STRAIGHT AND LEVEL,UNKNOWN,UNKNOWN,NOT ON SCENE (DESK REPORT),NO INJURY / DRIVE AWAY,,,,"$501 - $1,500",06/30/2022 07:50:00 PM,UNABLE TO DETERMINE,NOT APPLICABLE,2737,N,CENTRAL AVE,2514,,,,,,,2,NO INDICATION OF INJURY,0,0,0,0,0,2,0,19,5,6,41.930589395,-87.766074121,POINT (-87.76607412094 41.930589394852)
766a332b6b1c3df155b0e0c018c287d65fbc1521c6295dd46cad4f224030152819868c4599c26b0b182ad7cf1b79123900894232a038fd1a587ea8002e9b37ae,JF239927,,05/12/2022 07:20:00 PM,30,NO CONTROLS,NO CONTROLS,CLEAR,DAYLIGHT,PEDALCYCLIST,NOT DIVIDED,,STRAIGHT AND LEVEL,DRY,NO DEFECTS,NOT ON SCENE (DESK REPORT),INJURY AND / OR TOW DUE TO CRASH,,,Y,"$501 - $1,500",05/12/2022 07:45:00 PM,IMPROPER OVERTAKING/PASSING,NOT APPLICABLE,600,W,63RD ST,711,,,,,,,2,"REPORTED, NOT EVIDENT",1,0,0,0,1,1,0,19,5,5,41.779933356,-87.640066904,POINT (-87.64006690396 41.779933355749)
77c0589d2b87856cbf75f314e58affd46193e8de3451bc3bdce85cfa607576ca0944b2d10e09e8bc1198da51b2bcaabba7d36f3873e989a42d0d90cfc8b36d46,JE391408,,09/24/2021 02:35:00 PM,25,NO CONTROLS,NO CONTROLS,CLEAR,DAYLIGHT,PEDALCYCLIST,NOT DIVIDED,,STRAIGHT AND LEVEL,DRY,NO DEFECTS,NOT ON SCENE (DESK REPORT),INJURY AND / OR TOW DUE TO CRASH,,,,"$501 - $1,500",09/29/2021 10:30:00 AM,FOLLOWING TOO CLOSELY,UNABLE TO DETERMINE,7422,S,MARYLAND AVE,323,,,,,,,2,"REPORTED, NOT EVIDENT",1,0,0,0,1,1,0,14,6,9,41.759706116,-87.604319828,POINT (-87.604319828296 41.759706115797)
76210e3ab5cf29a08f7e93e9c0cfc374af5de30ce62a10c4028ab4440b68261f2f6aa81e9499cd1dc057121c19439c61911f53be48943a59284f0222b59fb36f,JF255222,,05/24/2022 05:51:00 PM,30,NO CONTROLS,NO CONTROLS,CLEAR,DAYLIGHT,PEDALCYCLIST,FOUR WAY,,STRAIGHT AND LEVEL,DRY,NO DEFECTS,NOT ON SCENE (DESK REPORT),INJURY AND / OR TOW DUE TO CRASH,,,Y,"$501 - $1,500",05/25/2022 02:57:00 PM,FAILING TO YIELD RIGHT-OF-WAY,NOT APPLICABLE,1199,S,CLINTON ST,124,,,,,,,2,NONINCAPACITATING INJURY,1,0,0,1,0,1,0,17,3,5,41.867290331,-87.640575867,POINT (-87.640575866664 41.867290331398)
75aea74b982525db75f4cf441eae13fbc1b8d029961b9e03939a9c8d051d86e00d8936a8f5f55c28c8d87c68867b0ca0c3c2f78213ef1ffa55b37b9a795e93dc,JF315306,,07/12/2022 07:00:00 PM,30,NO CONTROLS,NO CONTROLS,CLEAR,DAYLIGHT,PEDALCYCLIST,NOT DIVIDED,,STRAIGHT AND LEVEL,DRY,NO DEFECTS,ON SCENE,INJURY AND / OR TOW DUE TO CRASH,,,,$500 OR LESS,07/12/2022 07:05:00 PM,UNABLE TO DETERMINE,NOT APPLICABLE,708,W,26TH ST,914,,,Y,,,,2,NONINCAPACITATING INJURY,1,0,0,1,0,0,0,19,3,7,41.845474974,-87.64367435,POINT (-87.643674350064 41.845474974417)
7671c2583e8e74330a20618712cf538088a51a83874e7645c1649f42566d3317c5c41c9226794ebcfc90975576a41caef4ec4ce519b19a9df4b9cf318be26704,JF262700,,05/31/2022 05:05:00 PM,30,TRAFFIC SIGNAL,FUNCTIONING IMPROPERLY,CLEAR,DAYLIGHT,PEDALCYCLIST,NOT DIVIDED,,STRAIGHT AND LEVEL,DRY,UNKNOWN,ON SCENE,INJURY AND / OR TOW DUE TO CRASH,Y,,,"$501 - $1,500",05/31/2022 05:09:00 PM,FAILING TO YIELD RIGHT-OF-WAY,DISREGARDING TRAFFIC SIGNALS,4000,N,SHERIDAN RD,1915,,,,,,,2,NONINCAPACITATING INJURY,1,0,0,1,0,1,0,17,3,5,41.954532689,-87.654693025,POINT (-87.65469302487 41.954532688932)
783ca2408d97554127accc03f479b20a317419b7678de0b322b24376bc815d095480ca9d180f80262812d47f25a803aab2797c7e16f42548898c79f14480af58,JF194529,,04/02/2022 08:30:00 AM,30,NO CONTROLS,NO CONTROLS,CLOUDY/OVERCAST,DAYLIGHT,PEDALCYCLIST,NOT DIVIDED,,STRAIGHT AND LEVEL,DRY,NO DEFECTS,ON SCENE,INJURY AND / OR TOW DUE TO CRASH,,,,$500 OR LESS,04/02/2022 08:34:00 AM,DRIVING SKILLS/KNOWLEDGE/EXPERIENCE,NOT APPLICABLE,1818,N,HALSTED ST,1813,,,Y,,,,2,NONINCAPACITATING INJURY,1,0,0,1,0,1,0,8,7,4,41.914417032,-87.648514203,POINT (-87.648514202518 41.914417032034)
7727df4c9b2277f82e08fd124a8b3fed73535cb8b4d3e7f156cd154389ab58d8c1fddecec48e0a0031583f68b01f120039c3df1cc1b576bf903f64b471bd6f18,JE386203,,09/24/2021 05:50:00 PM,30,UNKNOWN,UNKNOWN,CLEAR,DAYLIGHT,PEDALCYCLIST,DIVIDED - W/MEDIAN (NOT RAISED),,STRAIGHT AND LEVEL,DRY,NO DEFECTS,NOT ON SCENE (DESK REPORT),INJURY AND / OR TOW DUE TO CRASH,Y,,Y,$500 OR LESS,09/24/2021 08:40:00 PM,FAILING TO YIELD RIGHT-OF-WAY,NOT APPLICABLE,3458,W,CHICAGO AVE,1121,,,,,,,2,"REPORTED, NOT EVIDENT",1,0,0,0,1,1,0,17,6,9,41.895593703,-87.713813994,POINT (-87.713813994063 41.895593702977)
777fc7f808b655f56ccf0b236fd81ac16dc2845aed4bb4809c314ea33590b38af713a323aa184da352ca9e79174b393757790929912281c0f9c232da1262ce1e,JF283190,,06/12/2022 06:27:00 PM,25,TRAFFIC SIGNAL,FUNCTIONING PROPERLY,CLEAR,DAYLIGHT,PEDALCYCLIST,NOT DIVIDED,,STRAIGHT AND LEVEL,DRY,NO DEFECTS,NOT ON SCENE (DESK REPORT),NO INJURY / DRIVE AWAY,,,Y,"$501 - $1,500",06/17/2022 11:40:00 AM,UNABLE TO DETERMINE,UNABLE TO DETERMINE,151,N,FRANKLIN ST,122,,,,,,,2,NO INDICATION OF INJURY,0,0,0,0,0,2,0,18,1,6,41.884499493,-87.635233576,POINT (-87.635233576018 41.884499492655)
77d76e175133c88f12dd82c5b0aa60c1af03d06c19f3e069e32ede112d99ceb4a9fad2764e3b2feadad0d715827e7566469e6d483708742841611341ec0a64c8,JF256869,,05/26/2022 06:50:00 PM,30,NO CONTROLS,NO CONTROLS,CLEAR,DAYLIGHT,PEDALCYCLIST,DIVIDED - W/MEDIAN (NOT RAISED),,STRAIGHT AND LEVEL,DRY,NO DEFECTS,ON SCENE,INJURY AND / OR TOW DUE TO CRASH,,,,$500 OR LESS,05/26/2022 07:02:00 PM,DRIVING SKILLS/KNOWLEDGE/EXPERIENCE,UNABLE TO DETERMINE,4125,N,CLARENDON AVE,1915,,,Y,,,,2,NONINCAPACITATING INJURY,1,0,0,1,0,0,0,18,5,5,41.956450411,-87.649609623,POINT (-87.649609623455 41.956450411303)
7867a1021a2f05d595f65f5df4a5ce55df154defa3f797b0eb84dac68ee17c398c7da30d631146830a7753d4e3f630b865d7cbc236b02c96d0f36d52b73a80d6,JE418113,,10/21/2021 07:45:00 AM,30,TRAFFIC SIGNAL,FUNCTIONING PROPERLY,CLEAR,DAYLIGHT,PEDALCYCLIST,NOT DIVIDED,,STRAIGHT AND LEVEL,DRY,NO DEFECTS,NOT ON SCENE (DESK REPORT),INJURY AND / OR TOW DUE TO CRASH,,,,$500 OR LESS,10/21/2021 10:30:00 PM,FAILING TO YIELD RIGHT-OF-WAY,FAILING TO YIELD RIGHT-OF-WAY,8501,W,HIGGINS RD,1614,,,,,,,2,NONINCAPACITATING INJURY,1,0,0,1,0,1,0,7,5,10,41.986677892,-87.839358609,POINT (-87.839358609257 41.986677891905)
7835bab5fe8409d993c7f12da16fa6a70e09a1ab8cc7213fe279621e221f79326ac0ed6cef24420a7e860a652c6267640b971da14ee46d0149703ce4f51b1652,JE376252,,09/16/2021 05:30:00 PM,30,TRAFFIC SIGNAL,FUNCTIONING PROPERLY,CLEAR,DAYLIGHT,PEDALCYCLIST,T-INTERSECTION,,STRAIGHT AND LEVEL,DRY,NO DEFECTS,ON SCENE,INJURY AND / OR TOW DUE TO CRASH,,,,"$501 - $1,500",09/16/2021 06:40:00 PM,UNABLE TO DETERMINE,NOT APPLICABLE,1198,N,ORLEANS ST,1823,,,,,,,2,NONINCAPACITATING INJURY,1,0,0,1,0,1,0,17,5,9,41.903756097,-87.637591257,POINT (-87.637591256505 41.903756096762)
783a63eefb6d482a280fc14650c9ea85ae95a34a66acad528990a494be771f9364fd04e40771535c025762336e3e7c47c27654d2aca236f4cf193834b7beef2c,JE362005,,09/04/2021 08:32:00 PM,30,TRAFFIC SIGNAL,FUNCTIONING PROPERLY,CLEAR,"DARKNESS, LIGHTED ROAD",PEDALCYCLIST,ONE-WAY,,STRAIGHT AND LEVEL,DRY,NO DEFECTS,ON SCENE,INJURY AND / OR TOW DUE TO CRASH,,,,$500 OR LESS,09/05/2021 01:50:00 AM,DISREGARDING TRAFFIC SIGNALS,NOT APPLICABLE,39,W,WASHINGTON ST,112,,,,,,,2,NONINCAPACITATING INJURY,1,0,0,1,0,1,0,20,7,9,41.883105737,-87.629355564,POINT (-87.629355564469 41.883105736973)
93967c7ab7787bb554ce641f99b620f569c3968cb91521b3c44a16ea712cd8e97480c222550d27220de78e66dc9ac2e8b3b4d808b61a92d545f4f5a7f8561e4b,JF310610,,07/09/2022 12:32:00 AM,30,TRAFFIC SIGNAL,FUNCTIONING PROPERLY,CLEAR,"DARKNESS, LIGHTED ROAD",PEDALCYCLIST,NOT DIVIDED,,STRAIGHT AND LEVEL,DRY,NO DEFECTS,ON SCENE,NO INJURY / DRIVE AWAY,Y,,Y,$500 OR LESS,07/09/2022 12:35:00 AM,UNABLE TO DETERMINE,UNABLE TO DETERMINE,2200,N,DAMEN AVE,1432,,,,,,,2,NO INDICATION OF INJURY,0,0,0,0,0,2,0,0,7,7,41.921422143,-87.677900109,POINT (-87.677900108728 41.921422143149)
92cd8f80581424e62edfc5380a25813112af55674dd9b1e6c85dc03e3aa5d115b6e25d75488949138b5f37cce25ec4a23a106c11d149190128112ffc5aa37475,JF312463,,07/10/2022 11:30:00 AM,25,UNKNOWN,UNKNOWN,CLEAR,DAYLIGHT,PEDALCYCLIST,UNKNOWN,,STRAIGHT AND LEVEL,DRY,UNKNOWN,NOT ON SCENE (DESK REPORT),INJURY AND / OR TOW DUE TO CRASH,,,Y,$500 OR LESS,07/10/2022 05:00:00 PM,NOT APPLICABLE,NOT APPLICABLE,3200,N,LAVERGNE AVE,1634,,,N,,,,2,NONINCAPACITATING INJURY,1,0,0,1,0,1,0,11,1,7,41.938806588,-87.751938564,POINT (-87.751938564352 41.938806587559)
90b89b72a2096da0e9cf03eb6c19e49606d9dd0dc2c1b63ecb92235c891b981428767246376553ad3dcbca07c7cf9a9051cfd2430585709589ebbb47f9fffc21,JF238602,,05/07/2022 06:55:00 PM,25,TRAFFIC SIGNAL,FUNCTIONING PROPERLY,CLEAR,DUSK,PEDALCYCLIST,FOUR WAY,,STRAIGHT AND LEVEL,DRY,NO DEFECTS,ON SCENE,INJURY AND / OR TOW DUE TO CRASH,Y,,,$500 OR LESS,05/11/2022 05:27:00 PM,UNABLE TO DETERMINE,UNABLE TO DETERMINE,2358,W,CHICAGO AVE,1212,,,,,,,2,NONINCAPACITATING INJURY,1,0,0,1,0,1,0,18,7,5,41.895854921,-87.686723401,POINT (-87.686723400822 41.895854921103)
942831b8ed7255685402a9241514a97603d866596e2ceccaed98bcaa9475b44d7f471fb93a5c830019740da3db2ffb38aa7ab51cc96f46eb0519e868e8586dad,JF172946,,03/13/2022 08:42:00 PM,35,TRAFFIC SIGNAL,FUNCTIONING PROPERLY,CLEAR,"DARKNESS, LIGHTED ROAD",PEDALCYCLIST,FOUR WAY,,STRAIGHT AND LEVEL,DRY,NO DEFECTS,ON SCENE,INJURY AND / OR TOW DUE TO CRASH,Y,,Y,"OVER $1,500",03/13/2022 09:00:00 PM,NOT APPLICABLE,NOT APPLICABLE,2929,W,PETERSON AVE,2011,,,,,,,2,NONINCAPACITATING INJURY,1,0,0,1,0,1,0,20,1,3,41.990313895,-87.70290518,POINT (-87.702905179858 41.990313895098)
95c55b32abd10db47fbef5a274bba38af10f54b27ee02f3de02cb30becb5ec03bba06d4ff3a65bb43a18426fd915b3a405a2736da39566310b852c95ca289e59,JF195431,,04/03/2022 03:30:00 AM,30,NO CONTROLS,NO CONTROLS,CLEAR,"DARKNESS, LIGHTED ROAD",PEDALCYCLIST,NOT DIVIDED,,STRAIGHT AND LEVEL,WET,UNKNOWN,ON SCENE,INJURY AND / OR TOW DUE TO CRASH,,,Y,"$501 - $1,500",04/03/2022 04:26:00 AM,UNABLE TO DETERMINE,HAD BEEN DRINKING (USE WHEN ARREST IS NOT MADE),2415,W,56TH ST,824,,,,,,,2,INCAPACITATING INJURY,1,0,1,0,0,1,0,3,1,4,41.791911758,-87.684703673,POINT (-87.684703673311 41.791911757925)
966ca4dd7ec805565fc0e069cc5542b78c3947bb11e6b15313d7bd2d5b4841bd10dedc1dea3944e2c965a0068ede8cb9afdd2a61076eea13464a466b3b7b59f5,JE390560,,09/28/2021 03:45:00 PM,25,STOP SIGN/FLASHER,FUNCTIONING PROPERLY,CLEAR,DAYLIGHT,PEDALCYCLIST,NOT DIVIDED,,STRAIGHT AND LEVEL,DRY,NO DEFECTS,ON SCENE,NO INJURY / DRIVE AWAY,,,,"$501 - $1,500",09/28/2021 03:46:00 PM,FAILING TO YIELD RIGHT-OF-WAY,NOT APPLICABLE,6401,W,59TH ST,811,,,,,,,2,NO INDICATION OF INJURY,0,0,0,0,0,2,0,15,3,9,41.784900518,-87.781597878,POINT (-87.781597878242 41.784900517543)
9454760d8afbf36a6b8c1d21350c52b89aef283bfdd58049b55e14166d72b969704281f5a2b681c3dd6e63c90abc23d43743942c4b90503f071092c1f25a502e,JF317471,,07/14/2022 02:34:00 PM,20,NO CONTROLS,NO CONTROLS,CLEAR,DAYLIGHT,PEDALCYCLIST,ONE-WAY,,STRAIGHT AND LEVEL,DRY,NO DEFECTS,ON SCENE,NO INJURY / DRIVE AWAY,,,Y,"$501 - $1,500",07/14/2022 02:55:00 PM,UNABLE TO DETERMINE,NOT APPLICABLE,2847,N,AVERS AVE,2523,,,,,,,2,NO INDICATION OF INJURY,0,0,0,0,0,2,0,14,5,7,41.933234246,-87.723177111,POINT (-87.72317711078 41.933234245821)
964b01f6a5472b193f9ba58a320e4f7a76501d8ed339aa25f0f86e9cf8655b0935bf095fea5b3cf1d617edba0da3a62ddb4b901c1f1c8c3976d0d8fab4833d51,JF107419,,01/08/2022 12:12:00 PM,30,TRAFFIC SIGNAL,UNKNOWN,UNKNOWN,UNKNOWN,PEDALCYCLIST,NOT DIVIDED,,STRAIGHT AND LEVEL,ICE,UNKNOWN,NOT ON SCENE (DESK REPORT),NO INJURY / DRIVE AWAY,Y,,Y,$500 OR LESS,01/09/2022 08:15:00 AM,UNABLE TO DETERMINE,UNABLE TO DETERMINE,2758,W,AUGUSTA BLVD,1211,,,,,,,2,NO INDICATION OF INJURY,0,0,0,0,0,2,0,12,7,1,41.899392715,-87.696728595,POINT (-87.696728594523 41.899392714805)
9546e5896f3b50306d8ba7b37e41285ace086e4c31b42386200161fb64bb6d87f01c0f22ada8289ca4696259f21eae78d1101c7416c1f5a475ea8d2ef81d1ce0,JE418928,,10/15/2021 03:30:00 PM,30,TRAFFIC SIGNAL,FUNCTIONING PROPERLY,CLEAR,DAYLIGHT,PEDALCYCLIST,FOUR WAY,,STRAIGHT AND LEVEL,DRY,NO DEFECTS,NOT ON SCENE (DESK REPORT),INJURY AND / OR TOW DUE TO CRASH,Y,,,$500 OR LESS,10/22/2021 05:30:00 PM,FAILING TO YIELD RIGHT-OF-WAY,NOT APPLICABLE,800,W,VAN BUREN ST,1232,,,,,,,2,NONINCAPACITATING INJURY,1,0,0,1,0,1,0,15,6,10,41.876780553,-87.647263735,POINT (-87.647263735271 41.876780553232)