CRASH_RECORD_ID,RD_NO,CRASH_DATE_EST_I,CRASH_DATE,POSTED_SPEED_LIMIT,TRAFFIC_CONTROL_DEVICE,DEVICE_CONDITION,WEATHER_CONDITION,LIGHTING_CONDITION,FIRST_CRASH_TYPE,TRAFFICWAY_TYPE,LANE_CNT,ALIGNMENT,ROADWAY_SURFACE_COND,ROAD_DEFECT,REPORT_TYPE,CRASH_TYPE,INTERSECTION_RELATED_I,NOT_RIGHT_OF_WAY_I,HIT_AND_RUN_I,DAMAGE,DATE_POLICE_NOTIFIED,PRIM_CONTRIBUTORY_CAUSE,SEC_CONTRIBUTORY_CAUSE,STREET_NO,STREET_DIRECTION,STREET_NAME,BEAT_OF_OCCURRENCE,PHOTOS_TAKEN_I,STATEMENTS_TAKEN_I,DOORING_I,WORK_ZONE_I,WORK_ZONE_TYPE,WORKERS_PRESENT_I,NUM_UNITS,MOST_SEVERE_INJURY,INJURIES_TOTAL,INJURIES_FATAL,INJURIES_INCAPACITATING,INJURIES_NON_INCAPACITATING,INJURIES_REPORTED_NOT_EVIDENT,INJURIES_NO_INDICATION,INJURIES_UNKNOWN,CRASH_HOUR,CRASH_DAY_OF_WEEK,CRASH_MONTH,LATITUDE,LONGITUDE,LOCATION
95e164757633f2471d6f5780edd76036ad343c97ca3918e7d51da3eb1460daf27d2a2afeeac26e40e80fb995247be4f7c1a5e4998cc6b1c0da823a19f7c6048e,JF246567,,05/18/2022 10:00:00 AM,25,STOP SIGN/FLASHER,FUNCTIONING PROPERLY,RAIN,DAYLIGHT,PEDALCYCLIST,T-INTERSECTION,,STRAIGHT AND LEVEL,WET,NO DEFECTS,ON SCENE,INJURY AND / OR TOW DUE TO CRASH,,,,"$501 - $1,500",05/18/2022 10:05:00 AM,UNABLE TO DETERMINE,UNABLE TO DETERMINE,6852,N,CENTRAL AVE,1621,,,,,,,2,NONINCAPACITATING INJURY,1,0,0,1,0,1,0,10,4,5,42.006241366,-87.76189348,POINT (-87.761893479637 42.006241365684)
9724b588fc16ea0a67dddf9fe175672d91c4a89524520580f1e4fef37e876cf57f37502f959dc58397515a719054d48007e499bc4b9cfe715d05923d761455cf,JE415137,,10/19/2021 01:20:00 PM,30,STOP SIGN/FLASHER,FUNCTIONING PROPERLY,CLEAR,DAYLIGHT,PEDALCYCLIST,NOT DIVIDED,,STRAIGHT AND LEVEL,DRY,NO DEFECTS,ON SCENE,NO INJURY / DRIVE AWAY,,,Y,"$501 - $1,500",10/19/2021 01:22:00 PM,IMPROPER TURNING/NO SIGNAL,NOT APPLICABLE,1101,N,DAMEN AVE,1212,,,,,,,2,NO INDICATION OF INJURY,0,0,0,0,0,2,0,13,3,10,41.901419078,-87.677060023,POINT (-87.677060023207 41.901419077595)
95961baf86bdb2918d378dffc6621c7bb21b3e826573e96f21ccaf03079f240436f6d5f874e33ee72586e10a169095916dc230101dd27a302c1c3223d2795682,JF166553,,03/07/2022 06:30:00 PM,30,STOP SIGN/FLASHER,MISSING,CLEAR,"DARKNESS, LIGHTED ROAD",PEDALCYCLIST,FOUR WAY,,STRAIGHT AND LEVEL,DRY,NO DEFECTS,NOT ON SCENE (DESK REPORT),NO INJURY / DRIVE AWAY,Y,,,"$501 - $1,500",03/07/2022 07:00:00 PM,FAILING TO YIELD RIGHT-OF-WAY,UNABLE TO DETERMINE,675,N,FRANKLIN ST,1831,,,,,,,2,NO INDICATION OF INJURY,0,0,0,0,0,3,0,18,2,3,41.894589025,-87.635506367,POINT (-87.63550636652 41.894589024846)
96103998fca3a32c6ec00540552524d80e211e85500eebb58ba41cf03445ddfb6a123091b877095b858aae16558f3be7df198814f994e8d2357c1d4c5288dfe1,JE417780,,10/21/2021 04:40:00 PM,30,NO CONTROLS,NO CONTROLS,CLEAR,DAYLIGHT,PEDALCYCLIST,DIVIDED - W/MEDIAN (NOT RAISED),,STRAIGHT AND LEVEL,DRY,NO DEFECTS,ON SCENE,INJURY AND / OR TOW DUE TO CRASH,,,,$500 OR LESS,10/21/2021 04:41:00 PM,FAILING TO YIELD RIGHT-OF-WAY,NOT APPLICABLE,4617,N,ELSTON AVE,1722,,,,,,,2,NONINCAPACITATING INJURY,1,0,0,1,0,1,0,16,5,10,41.96503659,-87.735449138,POINT (-87.735449137928 41.965036590182)
971260fe2c3f43090e906b03e143a854a7147297954a90c402f3404d4f31a74923df8c5b4a6c4768d5e3caafaf5712a4eb58abbbfd243d981844c3947ab30d96,JE358672,,09/02/2021 06:45:00 AM,30,TRAFFIC SIGNAL,FUNCTIONING PROPERLY,CLEAR,DAWN,PEDALCYCLIST,NOT DIVIDED,,STRAIGHT AND LEVEL,DRY,NO DEFECTS,ON SCENE,INJURY AND / OR TOW DUE TO CRASH,Y,,,"OVER $1,500",09/02/2021 06:47:00 AM,"VISION OBSCURED (SIGNS, TREE LIMBS, BUILDINGS, ETC.)",NOT APPLICABLE,2500,W,BELMONT AVE,1921,,,,,,,2,NONINCAPACITATING INJURY,1,0,0,1,0,1,0,6,5,9,41.939547842,-87.690699014,POINT (-87.690699013504 41.93954784173)
3b4bdd0d4936c0b90a7bd2ac0bd17976d3bd18bbaf57df67d2ca36e951a2a56be91150cd1d1ae0b05857ff9615d8dce6bab5275a662e411fc8e82ef75961ec9d,JF367900,,08/23/2022 05:00:00 PM,30,NO CONTROLS,NO CONTROLS,CLEAR,DAYLIGHT,PEDALCYCLIST,CENTER TURN LANE,,STRAIGHT AND LEVEL,DRY,NO DEFECTS,ON SCENE,INJURY AND / OR TOW DUE TO CRASH,,,,"OVER $1,500",08/23/2022 06:43:00 PM,FAILING TO YIELD RIGHT-OF-WAY,FAILING TO YIELD RIGHT-OF-WAY,1154,S,CANAL ST,124,,,,,,,2,"REPORTED, NOT EVIDENT",1,0,0,0,1,1,0,17,3,8,41.867439565,-87.639341179,POINT (-87.639341178656 41.867439565249)
9a0a6315eba7ce431a966d981d014c5aa2bd7ba3409ca6906b2fcafd6a1462b1fd835c38ede6a0c8e8cfa59196c4077197f77e29a99f2add3300949cc0735828,JE359566,,09/02/2021 05:35:00 PM,30,NO CONTROLS,NO CONTROLS,CLEAR,DAYLIGHT,PEDALCYCLIST,ONE-WAY,,STRAIGHT AND LEVEL,DRY,NO DEFECTS,ON SCENE,INJURY AND / OR TOW DUE TO CRASH,,,,$500 OR LESS,09/02/2021 08:14:00 PM,UNABLE TO DETERMINE,NOT APPLICABLE,5842,N,WINTHROP AVE,2022,,,,,,,2,NONINCAPACITATING INJURY,1,0,0,1,0,1,0,17,5,9,41.988495725,-87.65831331,POINT (-87.658313309612 41.988495725357)
986c81548edf04200bce636b4ea6563b9472fa8ac9ca532755358b70869016aabd2305cf00866ff515e099af496508c32a83ac2177d720c841f405f7e9aea709,JF268968,,06/05/2022 08:44:00 PM,35,TRAFFIC SIGNAL,UNKNOWN,CLEAR,"DARKNESS, LIGHTED ROAD",PEDALCYCLIST,FOUR WAY,,STRAIGHT AND LEVEL,DRY,UNKNOWN,ON SCENE,NO INJURY / DRIVE AWAY,Y,,,"OVER $1,500",06/05/2022 08:44:00 PM,FAILING TO YIELD RIGHT-OF-WAY,FAILING TO YIELD RIGHT-OF-WAY,7200,W,TALCOTT AVE,1612,,Y,,,,,2,NO INDICATION OF INJURY,0,0,0,0,0,2,0,20,1,6,41.985980844,-87.80690787,POINT (-87.806907869923 41.985980844436)
986bb0e02d3decfc3cd775616eab9eac2675c305d7fe6f8cabc3e046be1688a2d4d2fd3f31d70bfb28a4b08b38ef4c690ba492f92e8e209624fbec05a8ada459,JE395514,,10/02/2021 12:30:00 PM,25,STOP SIGN/FLASHER,FUNCTIONING PROPERLY,CLEAR,DAYLIGHT,PEDALCYCLIST,T-INTERSECTION,,STRAIGHT AND LEVEL,DRY,NO DEFECTS,NOT ON SCENE (DESK REPORT),NO INJURY / DRIVE AWAY,,,,"$501 - $1,500",10/02/2021 03:30:00 PM,DISREGARDING STOP SIGN,NOT APPLICABLE,3000,W,83RD ST,835,,,N,,,,2,NO INDICATION OF INJURY,0,0,0,0,0,3,0,12,7,10,41.742686178,-87.697370787,POINT (-87.697370786786 41.742686177615)
9ac9156ebb49f8a221315335f8f4fb41bb8b315620a6dd49f71fce0edb930d35cb9fd2beb75a31363458fa450463c41408781884d4705d10ea827c96bb446302,JE368112,Y,09/10/2021 08:50:00 AM,30,STOP SIGN/FLASHER,FUNCTIONING PROPERLY,CLEAR,DAYLIGHT,PEDALCYCLIST,T-INTERSECTION,,STRAIGHT AND LEVEL,DRY,NO DEFECTS,NOT ON SCENE (DESK REPORT),INJURY AND / OR TOW DUE TO CRASH,,,,$500 OR LESS,09/10/2021 08:55:00 AM,"VISION OBSCURED (SIGNS, TREE LIMBS, BUILDINGS, ETC.)",NOT APPLICABLE,4801,W,POLK ST,1533,,,,,,,2,NONINCAPACITATING INJURY,1,0,0,1,0,1,0,8,6,9,41.870157838,-87.74500211,POINT (-87.745002110438 41.870157837773)
99d1a4730d971508db263d5316fedc683255e16d28d1baa8b986ae697a485d44e4d9b223b2f5b8454bda195a7ba870010e429df26a931c4074af9e9391c452d2,JE397895,,10/04/2021 11:10:00 AM,30,NO CONTROLS,NO CONTROLS,UNKNOWN,DAYLIGHT,PEDALCYCLIST,NOT DIVIDED,,STRAIGHT AND LEVEL,UNKNOWN,UNKNOWN,ON SCENE,INJURY AND / OR TOW DUE TO CRASH,,,Y,"OVER $1,500",10/04/2021 03:01:00 PM,UNABLE TO DETERMINE,UNABLE TO DETERMINE,347,S,LARAMIE AVE,1533,,,,,,,2,INCAPACITATING INJURY,1,0,1,0,0,1,0,11,2,10,41.87530437,-87.75472746,POINT (-87.754727460212 41.875304369632)
99b6cb505bfc275e04b0e2ad2e24e50b87cf6506da41b1c30dbe7c2a88fca8bdf0c4c828cda138b786ba469d81f369c6a7efd245d90c9cd9eef6d4dcaa49a91b,JF316542,,07/13/2022 06:54:00 PM,30,NO CONTROLS,NO CONTROLS,CLEAR,DAYLIGHT,PEDALCYCLIST,FOUR WAY,,STRAIGHT AND LEVEL,DRY,NO DEFECTS,ON SCENE,NO INJURY / DRIVE AWAY,Y,,,"OVER $1,500",07/13/2022 07:02:00 PM,FAILING TO REDUCE SPEED TO AVOID CRASH,NOT APPLICABLE,6259,W,DIVERSEY AVE,2512,,,,,,,2,NO INDICATION OF INJURY,0,0,0,0,0,2,0,18,4,7,41.93092779,-87.783195059,POINT (-87.783195059001 41.930927789668)
9a716c90c28d2a6aca3ee3d7dc7f7da6daba4f182f2b2335896f6225f6a7b19e1de70fcfd03480d0fa44a8ffbb7475f99b85d1fe00f134f3ea4235bfb586fa72,JE358361,,09/01/2021 08:08:00 PM,30,TRAFFIC SIGNAL,FUNCTIONING PROPERLY,CLEAR,"DARKNESS, LIGHTED ROAD",PEDALCYCLIST,DIVIDED - W/MEDIAN (NOT RAISED),,STRAIGHT AND LEVEL,DRY,UNKNOWN,ON SCENE,INJURY AND / OR TOW DUE TO CRASH,,,,"OVER $1,500",09/01/2021 08:18:00 PM,DRIVING SKILLS/KNOWLEDGE/EXPERIENCE,NOT APPLICABLE,3149,W,BRYN MAWR AVE,1712,,,,,,,2,NONINCAPACITATING INJURY,1,0,0,1,0,1,0,20,4,9,41.982963523,-87.708469607,POINT (-87.708469607409 41.982963523225)
9858b0567067d125cfe5ecd3c1ae4c96c03a0bf8499b0e9ecbb53caf98fee6d545f31bf4d191e1a93b09cebe1cbc2e1b620aa2825fdd55323c4d0585813d83c2,JE399855,,10/06/2021 09:00:00 AM,30,NO CONTROLS,NO CONTROLS,CLOUDY/OVERCAST,DAYLIGHT,PEDALCYCLIST,UNKNOWN INTERSECTION TYPE,,STRAIGHT AND LEVEL,DRY,NO DEFECTS,ON SCENE,INJURY AND / OR TOW DUE TO CRASH,Y,,,"OVER $1,500",10/06/2021 09:08:00 AM,UNABLE TO DETERMINE,UNABLE TO DETERMINE,2100,S,HALSTED ST,1235,,,,,,,2,NONINCAPACITATING INJURY,1,0,0,1,0,1,0,9,4,10,41.853922786,-87.646675979,POINT (-87.646675979396 41.853922786104)
9a199a8ab3a6c385bd28eb07eda37a305cdd2a2717b219ada26bcd55798f8421ba8e568dc1a8532bbb36f17f4a9d8cd8436cf6409ac4aec532bff5b94fdfaa51,JE421049,,10/24/2021 05:05:00 PM,30,NO CONTROLS,FUNCTIONING PROPERLY,RAIN,"DARKNESS, LIGHTED ROAD",PEDALCYCLIST,Y-INTERSECTION,,STRAIGHT AND LEVEL,WET,NO DEFECTS,ON SCENE,INJURY AND / OR TOW DUE TO CRASH,Y,,,"$501 - $1,500",10/24/2021 05:16:00 PM,WEATHER,UNABLE TO DETERMINE,3901,N,MILWAUKEE AVE,1731,,,,,,,2,NONINCAPACITATING INJURY,1,0,0,1,0,2,0,17,1,10,41.951688931,-87.744274447,POINT (-87.744274447321 41.951688930712)
99fccfc8b270b4ff3af9bb54fe0c9a7ab859acc2f51c7d6527b8121dceb4eccd26d687396587f90d6f5880b80973c85b08b2673aaa3fb9275faad58d5044c80f,JF306812,,07/05/2022 08:15:00 PM,30,NO CONTROLS,NO CONTROLS,CLEAR,"DARKNESS, LIGHTED ROAD",PEDALCYCLIST,NOT DIVIDED,,STRAIGHT AND LEVEL,DRY,NO DEFECTS,NOT ON SCENE (DESK REPORT),NO INJURY / DRIVE AWAY,N,,Y,"$501 - $1,500",07/05/2022 09:30:00 PM,UNABLE TO DETERMINE,UNABLE TO DETERMINE,1047,W,BELMONT AVE,1933,,,,,,,2,NO INDICATION OF INJURY,0,0,0,0,0,2,0,20,3,7,41.939772388,-87.655968171,POINT (-87.6559681707 41.939772387505)
996acf8c89ffa6e09797947ac370f64a1719e0747a3455901c6353a8661732d12d833a57664db213eec4fdd9b77ae046c9476672bd2c4c858f5f92fac451c317,JE370944,,09/12/2021 03:51:00 PM,30,STOP SIGN/FLASHER,FUNCTIONING PROPERLY,CLEAR,DAYLIGHT,PEDALCYCLIST,NOT DIVIDED,,STRAIGHT AND LEVEL,UNKNOWN,UNKNOWN,NOT ON SCENE (DESK REPORT),INJURY AND / OR TOW DUE TO CRASH,,,,"$501 - $1,500",09/12/2021 04:17:00 PM,IMPROPER OVERTAKING/PASSING,IMPROPER OVERTAKING/PASSING,3458,N,HALSTED ST,1924,,,,,,,2,"REPORTED, NOT EVIDENT",1,0,0,0,1,1,0,15,1,9,41.945411604,-87.649575086,POINT (-87.649575086361 41.945411604149)
98e4508853e8a99ff6fabe9bffb843c795646a4011b2d61e7b9dc716cae8844bb0e93a8cd8ca38fbca091714186b7b809634d4eded87632154ecd1c365e0ac53,JE370972,,09/12/2021 04:32:00 PM,30,STOP SIGN/FLASHER,FUNCTIONING PROPERLY,CLEAR,DAYLIGHT,PEDALCYCLIST,TRAFFIC ROUTE,,STRAIGHT AND LEVEL,DRY,NO DEFECTS,ON SCENE,NO INJURY / DRIVE AWAY,,,Y,$500 OR LESS,09/12/2021 04:33:00 PM,IMPROPER LANE USAGE,FAILING TO REDUCE SPEED TO AVOID CRASH,802,W,CHICAGO AVE,1213,,,,,,,2,NO INDICATION OF INJURY,0,0,0,0,0,2,0,16,1,9,41.896515084,-87.647916631,POINT (-87.647916631165 41.896515083578)
97fb39ed29fd023dbfecbfe53610349a569c936554e4727f83e7000b9beb8b7769abbe2f36170c1d71e3c98c392e9aea96bbc472d6b10107049a4bf67a9a1f15,JF176466,,03/16/2022 11:19:00 PM,30,TRAFFIC SIGNAL,FUNCTIONING PROPERLY,CLEAR,"DARKNESS, LIGHTED ROAD",PEDALCYCLIST,T-INTERSECTION,,STRAIGHT AND LEVEL,DRY,NO DEFECTS,ON SCENE,INJURY AND / OR TOW DUE TO CRASH,Y,,Y,"OVER $1,500",03/16/2022 11:20:00 PM,"OPERATING VEHICLE IN ERRATIC, RECKLESS, CARELESS, NEGLIGENT OR AGGRESSIVE MANNER",DISREGARDING TRAFFIC SIGNALS,1055,W,ROOSEVELT RD,1232,,Y,,,,,2,INCAPACITATING INJURY,1,0,1,0,0,1,0,23,4,3,41.866945549,-87.653103556,POINT (-87.653103556102 41.866945549424)
98037115babbee42cba43d267d71836b1c2fa5d3f13e063623477b5e23d26156d6d6cb61061c4f5a23b2f584e794b2309fddf8209d8638ae8ffadd3f7d5ebc9e,JF156676,,02/26/2022 12:05:00 PM,30,NO CONTROLS,NO CONTROLS,CLEAR,DAYLIGHT,PEDALCYCLIST,NOT DIVIDED,,STRAIGHT AND LEVEL,DRY,NO DEFECTS,ON SCENE,INJURY AND / OR TOW DUE TO CRASH,,,,$500 OR LESS,02/26/2022 12:20:00 PM,DRIVING SKILLS/KNOWLEDGE/EXPERIENCE,DRIVING SKILLS/KNOWLEDGE/EXPERIENCE,1007,W,LAWRENCE AVE,1914,,,,,,,2,NONINCAPACITATING INJURY,1,0,0,1,0,2,0,12,7,2,41.968976163,-87.655140847,POINT (-87.655140847202 41.968976163056)
99731deb0cb5711ad5d4880cb68174dbceba2a739c242423ca34b99c86860a8f3b792e9683e1f45dfdc6826c406341ac584c186453909611e3323fc14d240c3a,JF289594,Y,06/15/2022 07:57:00 AM,30,STOP SIGN/FLASHER,FUNCTIONING PROPERLY,CLEAR,DAYLIGHT,PEDALCYCLIST,NOT DIVIDED,,STRAIGHT AND LEVEL,DRY,NO DEFECTS,NOT ON SCENE (DESK REPORT),INJURY AND / OR TOW DUE TO CRASH,Y,,,"$501 - $1,500",06/22/2022 10:45:00 AM,UNABLE TO DETERMINE,UNABLE TO DETERMINE,1700,W,GRACE ST,1922,,,,,,,2,NONINCAPACITATING INJURY,1,0,0,1,0,1,0,7,4,6,41.95071701,-87.671450569,POINT (-87.671450569302 41.950717009949)
9ac25139980c403c17db9a865f79a02316fb6829130fa843a66443a9ead47e612e5913783453a50707a3cfc23c9cb429f3421bdabf979355e0fe03ed6b2dc7dc,JE384107,,09/23/2021 09:25:00 AM,35,NO CONTROLS,NO CONTROLS,CLEAR,DAYLIGHT,PEDALCYCLIST,NOT DIVIDED,,STRAIGHT AND LEVEL,DRY,NO DEFECTS,ON SCENE,INJURY AND / OR TOW DUE TO CRASH,,,,$500 OR LESS,09/23/2021 09:26:00 AM,UNABLE TO DETERMINE,NOT APPLICABLE,3211,W,ADDISON ST,1733,,,,,,,2,NONINCAPACITATING INJURY,1,0,0,1,0,1,0,9,5,9,41.946517088,-87.708381891,POINT (-87.708381890874 41.946517087822)
9ab56ddc230bbb37dc86aae90c955d6007da98490ec6d7f5401c13052098644da5eb08dc9498a43bc32f11f7bc75de7f76e87e71d2b54831f65216376ff915e2,JF214777,Y,04/19/2022 11:05:00 PM,30,STOP SIGN/FLASHER,FUNCTIONING PROPERLY,CLEAR,DARKNESS,PEDALCYCLIST,DIVIDED - W/MEDIAN (NOT RAISED),,STRAIGHT AND LEVEL,DRY,NO DEFECTS,NOT ON SCENE (DESK REPORT),INJURY AND / OR TOW DUE TO CRASH,,,Y,"OVER $1,500",04/21/2022 12:45:00 PM,UNABLE TO DETERMINE,UNABLE TO DETERMINE,959,N,DAMEN AVE,1212,,,,,,,2,"REPORTED, NOT EVIDENT",1,0,0,0,1,1,0,23,3,4,41.899508479,-87.677007411,POINT (-87.677007411235 41.899508478514)
98a19a74cda1cd459f189a834ef204992759da41c762feed44ce046c2cc9cd8ac448186309cee184729050997fa4f9e9f05343a2caa624b52508f3d49fa3a6a4,JF335374,,07/28/2022 08:25:00 PM,20,STOP SIGN/FLASHER,FUNCTIONING PROPERLY,CLEAR,"DARKNESS, LIGHTED ROAD",PEDALCYCLIST,ONE-WAY,,STRAIGHT AND LEVEL,DRY,NO DEFECTS,ON SCENE,INJURY AND / OR TOW DUE TO CRASH,Y,,,"OVER $1,500",07/28/2022 08:34:00 PM,UNABLE TO DETERMINE,NOT APPLICABLE,7600,S,MARSHFIELD AVE,611,,,,,,,2,NONINCAPACITATING INJURY,1,0,0,1,0,1,0,20,5,7,41.755703643,-87.664932618,POINT (-87.664932618487 41.755703642812)
9814f19aa4a613b7bcbbcfd95d9565ecc94061356dbbfd069875d7c7a683f7a062009abb61b9613c476f8fed9d65a20f1e1f1624547ca522e325ba803e8d89d6,JF276380,,06/11/2022 09:30:00 PM,35,NO CONTROLS,NO CONTROLS,CLEAR,"DARKNESS, LIGHTED ROAD",PEDALCYCLIST,DIVIDED - W/MEDIAN (NOT RAISED),,STRAIGHT AND LEVEL,DRY,NO DEFECTS,NOT ON SCENE (DESK REPORT),INJURY AND / OR TOW DUE TO CRASH,,,Y,$500 OR LESS,06/11/2022 11:46:00 PM,UNABLE TO DETERMINE,UNABLE TO DETERMINE,7700,S,STONY ISLAND AVE,411,,,,,,,2,NONINCAPACITATING INJURY,1,0,0,1,0,1,0,21,7,6,41.755027687,-87.586269522,POINT (-87.586269521734 41.755027686811)
9a7d95a4cdf28fc174686553a786625a03f99e9566a40e823df6224d99997813ba2711f28cc9f8ee0b87f952f08a3a3fa205dc344146d80cc4214ccde98d4b72,JF179644,,03/19/2022 05:48:00 PM,15,NO CONTROLS,NO CONTROLS,RAIN,DAYLIGHT,PEDALCYCLIST,NOT DIVIDED,,STRAIGHT AND LEVEL,WET,NO DEFECTS,ON SCENE,NO INJURY / DRIVE AWAY,,,,"$501 - $1,500",03/19/2022 05:52:00 PM,FAILING TO YIELD RIGHT-OF-WAY,UNABLE TO DETERMINE,4947,S,WOLCOTT AVE,931,,,,,,,2,NO INDICATION OF INJURY,0,0,0,0,0,2,0,17,7,3,41.80349062,-87.671980932,POINT (-87.671980931945 41.803490619874)
97e521fa14f9d253b523e5fbeeee59f7a1acc5c62c2e2f3722706168c6ca9866457a70aa056fe852ded30ef279627513354f1eb34e64485e64a6637f854c8447,JF281561,,06/16/2022 07:00:00 AM,30,NO CONTROLS,NO CONTROLS,CLEAR,DAYLIGHT,PEDALCYCLIST,FOUR WAY,,STRAIGHT AND LEVEL,DRY,NO DEFECTS,ON SCENE,INJURY AND / OR TOW DUE TO CRASH,Y,,,"$501 - $1,500",06/16/2022 07:01:00 AM,UNABLE TO DETERMINE,NOT APPLICABLE,4400,N,KOSTNER AVE,1722,,,,,,,2,NONINCAPACITATING INJURY,1,0,0,1,0,2,0,7,5,6,41.960916884,-87.738575293,POINT (-87.738575293291 41.960916884054)
9b31189e1686d75fd70d9327d489c116fe1eb67cbe791fc98bc3bda8490342d0ca61321b49818595659c5bfbcf381226e89ce75b7307287d95840a3aae8aa276,JF141478,,02/11/2022 02:16:00 PM,25,STOP SIGN/FLASHER,FUNCTIONING PROPERLY,CLEAR,DAYLIGHT,PEDALCYCLIST,FOUR WAY,,STRAIGHT AND LEVEL,DRY,NO DEFECTS,NOT ON SCENE (DESK REPORT),INJURY AND / OR TOW DUE TO CRASH,Y,,,"$501 - $1,500",02/11/2022 05:30:00 PM,FAILING TO YIELD RIGHT-OF-WAY,UNABLE TO DETERMINE,6301,N,GLENWOOD AVE,2433,,,,,,,2,"REPORTED, NOT EVIDENT",1,0,0,0,1,1,0,14,6,2,41.996384146,-87.665191363,POINT (-87.665191362545 41.996384145519)
9be4e1e16574b866075170645aef14a2038618eea24b530d4e949e28be567dbc056a5f29ff2e77936d50a1121a9302cd667e703cf6c1d83f554a74d27666413f,JE415012,,10/19/2021 11:15:00 AM,30,TRAFFIC SIGNAL,FUNCTIONING PROPERLY,CLEAR,DAYLIGHT,PEDALCYCLIST,FOUR WAY,,STRAIGHT AND LEVEL,DRY,NO DEFECTS,ON SCENE,INJURY AND / OR TOW DUE TO CRASH,,,,"OVER $1,500",10/19/2021 11:17:00 AM,FAILING TO YIELD RIGHT-OF-WAY,NOT APPLICABLE,3400,W,NORTH AVE,1422,,,,,,,2,NONINCAPACITATING INJURY,1,0,0,1,0,2,0,11,3,10,41.910162847,-87.711953868,POINT (-87.711953867691 41.910162846803)
9d8eb2691cb2132bc9993a9a76847421327bd8701daed9e8c5440baf8b827cbae503d052bc7c1b6f51f32b97cda16afb7197273f2ad41255a56268234015f9e5,JF303301,,07/03/2022 12:30:00 AM,30,NO CONTROLS,NO CONTROLS,CLEAR,"DARKNESS, LIGHTED ROAD",PEDALCYCLIST,NOT DIVIDED,,STRAIGHT AND LEVEL,DRY,NO DEFECTS,ON SCENE,INJURY AND / OR TOW DUE TO CRASH,,,Y,"OVER $1,500",07/03/2022 12:35:00 AM,UNABLE TO DETERMINE,UNABLE TO DETERMINE,3511,W,BELMONT AVE,1412,,,,,,,2,NONINCAPACITATING INJURY,1,0,0,1,0,1,0,0,1,7,41.939129272,-87.715518447,POINT (-87.715518447313 41.939129272188)
9d307f7402802aee002e6c3d580c2d584182bb72f8836b35a92902781a7d5548825ecb8b623ed2504ee87b2f942b1dea2bd352d2b2427ad55d082dee15219c68,JF240130,,05/12/2022 11:08:00 PM,25,TRAFFIC SIGNAL,UNKNOWN,CLEAR,"DARKNESS, LIGHTED ROAD",PEDALCYCLIST,FOUR WAY,,STRAIGHT AND LEVEL,DRY,UNKNOWN,ON SCENE,INJURY AND / OR TOW DUE TO CRASH,Y,,Y,"OVER $1,500",05/12/2022 11:26:00 PM,UNABLE TO DETERMINE,UNABLE TO DETERMINE,148,N,MICHIGAN AVE,111,,,,,,,2,NONINCAPACITATING INJURY,1,0,0,1,0,1,0,23,5,5,41.884406129,-87.624596044,POINT (-87.624596044441 41.884406129114)
9dea0ca69294f50bc7087293ef293035c8ce31bc32a71b84ab7e0af7c86d623b04614aea264900773664575e3b3e3a3ea969b4c4e8c7961a7747889d6e72f85b,JF115743,,01/17/2022 03:42:00 PM,30,TRAFFIC SIGNAL,FUNCTIONING PROPERLY,CLEAR,DAYLIGHT,PEDALCYCLIST,FOUR WAY,,STRAIGHT AND LEVEL,ICE,UNKNOWN,ON SCENE,INJURY AND / OR TOW DUE TO CRASH,Y,,,$500 OR LESS,01/17/2022 03:42:00 PM,FAILING TO YIELD RIGHT-OF-WAY,BICYCLE ADVANCING LEGALLY ON RED LIGHT,439,W,26TH ST,914,,,,,,,2,NONINCAPACITATING INJURY,1,0,0,1,0,1,0,15,2,1,41.845327174,-87.638295059,POINT (-87.638295058727 41.845327173578)
9e254168bf677114838b13a47218ac5c869b2989cde9780df2e57da99337cb40327d2ad0ca89b778fcb9bcd2377924f44e853190bf3e50bd99f110d21c0db5cb,JE417426,,10/19/2021 03:05:00 PM,30,NO CONTROLS,NO CONTROLS,CLEAR,DAYLIGHT,PEDALCYCLIST,ONE-WAY,,STRAIGHT AND LEVEL,DRY,UNKNOWN,NOT ON SCENE (DESK REPORT),INJURY AND / OR TOW DUE TO CRASH,,,,"OVER $1,500",10/21/2021 11:10:00 AM,IMPROPER OVERTAKING/PASSING,UNABLE TO DETERMINE,10,S,DEARBORN ST,112,,,,,,,2,NONINCAPACITATING INJURY,1,0,0,1,0,1,0,15,3,10,41.88180696,-87.629543115,POINT (-87.629543115394 41.881806960065)
9e1979d36df95eb33b88fb2e5d154503636ba02769f3354a342fc9b7ba84dbc81d9b470f13cab3d2d7a3073c11da5356dfa070862083038d8ac64eec90c8b084,JF264125,,05/29/2022 10:15:00 PM,30,NO CONTROLS,NO CONTROLS,CLEAR,"DARKNESS, LIGHTED ROAD",PEDALCYCLIST,ALLEY,,STRAIGHT AND LEVEL,DRY,NO DEFECTS,NOT ON SCENE (DESK REPORT),INJURY AND / OR TOW DUE TO CRASH,,,Y,$500 OR LESS,06/01/2022 07:40:00 PM,UNABLE TO DETERMINE,UNABLE TO DETERMINE,4769,W,DEVON AVE,1711,,,,,,,2,NONINCAPACITATING INJURY,1,0,0,1,0,1,0,22,1,5,41.997177833,-87.748283489,POINT (-87.748283488725 41.997177833412)