CRASH_RECORD_ID,RD_NO,CRASH_DATE_EST_I,CRASH_DATE,POSTED_SPEED_LIMIT,TRAFFIC_CONTROL_DEVICE,DEVICE_CONDITION,WEATHER_CONDITION,LIGHTING_CONDITION,FIRST_CRASH_TYPE,TRAFFICWAY_TYPE,LANE_CNT,ALIGNMENT,ROADWAY_SURFACE_COND,ROAD_DEFECT,REPORT_TYPE,CRASH_TYPE,INTERSECTION_RELATED_I,NOT_RIGHT_OF_WAY_I,HIT_AND_RUN_I,DAMAGE,DATE_POLICE_NOTIFIED,PRIM_CONTRIBUTORY_CAUSE,SEC_CONTRIBUTORY_CAUSE,STREET_NO,STREET_DIRECTION,STREET_NAME,BEAT_OF_OCCURRENCE,PHOTOS_TAKEN_I,STATEMENTS_TAKEN_I,DOORING_I,WORK_ZONE_I,WORK_ZONE_TYPE,WORKERS_PRESENT_I,NUM_UNITS,MOST_SEVERE_INJURY,INJURIES_TOTAL,INJURIES_FATAL,INJURIES_INCAPACITATING,INJURIES_NON_INCAPACITATING,INJURIES_REPORTED_NOT_EVIDENT,INJURIES_NO_INDICATION,INJURIES_UNKNOWN,CRASH_HOUR,CRASH_DAY_OF_WEEK,CRASH_MONTH,LATITUDE,LONGITUDE,LOCATION
9af626f7ddf80330619f163071c61bdf9877fc356d3226c2677505ebd9ba23c9d5182ac7bfa07feff595158c519a1ab03fb1d7715a9913bc284dd61ab55b064f,JE417664,,10/21/2021 02:40:00 PM,10,NO CONTROLS,NO CONTROLS,CLEAR,DAYLIGHT,PEDALCYCLIST,OTHER,,STRAIGHT AND LEVEL,DRY,NO DEFECTS,ON SCENE,INJURY AND / OR TOW DUE TO CRASH,Y,,,$500 OR LESS,10/21/2021 03:15:00 PM,FAILING TO YIELD RIGHT-OF-WAY,NOT APPLICABLE,6324,N,WESTERN AVE,2413,,,,,,,2,"REPORTED, NOT EVIDENT",1,0,0,0,1,1,0,14,5,10,41.996676857,-87.689995755,POINT (-87.689995755163 41.996676857377)
9ddb835f813f6670bae433f05a2cf81d1daf55d7e201e4f1b989463e72bcbf82e0e8566e117febe8cfc81b76448d0815475505fc648ff6084131f6c2a083983d,JF178437,,03/18/2022 03:26:00 PM,30,TRAFFIC SIGNAL,FUNCTIONING PROPERLY,RAIN,DAYLIGHT,PEDALCYCLIST,FOUR WAY,,STRAIGHT AND LEVEL,WET,NO DEFECTS,ON SCENE,INJURY AND / OR TOW DUE TO CRASH,Y,,,"OVER $1,500",03/18/2022 03:35:00 PM,IMPROPER TURNING/NO SIGNAL,FAILING TO YIELD RIGHT-OF-WAY,43,W,HARRISON ST,123,,,,,,,2,NONINCAPACITATING INJURY,1,0,0,1,0,1,0,15,6,3,41.874429436,-87.629230713,POINT (-87.629230713193 41.874429435562)
9d1ed10ec98d0f6ccb9a5b915c9a7c50780d1c18ded16f3f66c292bd953eea6cb2b8b3a954961a8e5bd6acf077aeae9009e1590b05d632d6c30347f7cc83992b,JF177343,,03/17/2022 03:00:00 PM,30,TRAFFIC SIGNAL,FUNCTIONING PROPERLY,CLEAR,DUSK,PEDALCYCLIST,NOT DIVIDED,,STRAIGHT AND LEVEL,DRY,NO DEFECTS,ON SCENE,INJURY AND / OR TOW DUE TO CRASH,Y,,Y,"OVER $1,500",03/17/2022 03:45:00 PM,FAILING TO YIELD RIGHT-OF-WAY,UNABLE TO DETERMINE,3600,N,ELSTON AVE,1733,,,,,,,2,"REPORTED, NOT EVIDENT",1,0,0,0,1,1,0,15,5,3,41.946549165,-87.708952626,POINT (-87.708952626035 41.946549164806)
9b9915ff97999d6074a514a8b4a089bc5a4034e38f583e21ad359cf26a9a04b6a94d20c560e742be149fdf59a1bdac55a2729138ca245d756dd13f7ac4a4c181,JF260448,,05/29/2022 08:46:00 PM,30,TRAFFIC SIGNAL,FUNCTIONING PROPERLY,CLEAR,"DARKNESS, LIGHTED ROAD",PEDALCYCLIST,NOT DIVIDED,,STRAIGHT AND LEVEL,DRY,NO DEFECTS,ON SCENE,INJURY AND / OR TOW DUE TO CRASH,Y,,Y,"OVER $1,500",05/29/2022 08:48:00 PM,FAILING TO YIELD RIGHT-OF-WAY,NOT APPLICABLE,3459,W,59TH ST,822,,,,,,,2,INCAPACITATING INJURY,1,0,1,0,0,1,0,20,1,5,41.786024401,-87.710604777,POINT (-87.710604777438 41.786024401014)
9b7f8000d7bfbf72b0ca6256a8e7ff9b0028428d69819ca29817895bf2435663fdf5b6c4b2549ef1cf06b28a4fc513c6785fa25ceacbc0cf31a5ecb7dbe27253,JF272847,,06/09/2022 04:50:00 AM,30,TRAFFIC SIGNAL,FUNCTIONING PROPERLY,CLEAR,DAWN,PEDALCYCLIST,DIVIDED - W/MEDIAN (NOT RAISED),,STRAIGHT AND LEVEL,DRY,NO DEFECTS,ON SCENE,INJURY AND / OR TOW DUE TO CRASH,Y,,,"$501 - $1,500",06/09/2022 04:52:00 AM,FAILING TO YIELD RIGHT-OF-WAY,NOT APPLICABLE,3159,W,MONTROSE AVE,1724,,,,,,,2,NONINCAPACITATING INJURY,1,0,0,1,0,1,0,4,5,6,41.961077395,-87.708186162,POINT (-87.708186161951 41.961077395405)
9d661c6690b99d5f14176aaa46f81a9e54f196ea74b329ae2ce6ebb1db24587ec00ca2d416a72ea7642f00aecfebf189f2a4539a8c5077f1954e5a005c7f35b5,JE421681,,10/24/2021 04:30:00 PM,30,NO CONTROLS,NO CONTROLS,CLEAR,DAYLIGHT,PEDALCYCLIST,NOT DIVIDED,,STRAIGHT AND LEVEL,DRY,NO DEFECTS,NOT ON SCENE (DESK REPORT),INJURY AND / OR TOW DUE TO CRASH,,,,"OVER $1,500",10/25/2021 11:15:00 AM,FAILING TO YIELD RIGHT-OF-WAY,NOT APPLICABLE,2556,W,DEVON AVE,2412,,,N,,,,2,NONINCAPACITATING INJURY,1,0,0,1,0,1,0,16,1,10,41.997758957,-87.694623013,POINT (-87.694623013268 41.997758956781)
9ae353bbbafdb9ad4c5f4134e94af8c3a5aa42c075aae65265508eb1ad30aeb12c285087bccf4c936b45229d3d7a45401a6d8669bb136beba4822284a8f1beb1,JE420659,,10/24/2021 10:30:00 AM,30,NO CONTROLS,NO CONTROLS,RAIN,DAYLIGHT,PEDALCYCLIST,NOT DIVIDED,,STRAIGHT AND LEVEL,WET,NO DEFECTS,ON SCENE,INJURY AND / OR TOW DUE TO CRASH,,,,$500 OR LESS,10/24/2021 10:40:00 AM,UNABLE TO DETERMINE,NOT APPLICABLE,2472,N,MILWAUKEE AVE,1414,,,Y,,,,2,NONINCAPACITATING INJURY,1,0,0,1,0,0,0,10,1,10,41.926206581,-87.702965781,POINT (-87.702965781448 41.926206580953)
9c2db4b93073fa35d971efa5b9dc216e39f2d119694064f923c9136f31ec07b7eb1becf6fe90e74de2c854b7a784c5fd270d10719cf13654e8be0531d82bf8cb,JE376163,,09/16/2021 05:10:00 PM,30,TRAFFIC SIGNAL,FUNCTIONING PROPERLY,CLEAR,DAYLIGHT,PEDALCYCLIST,NOT DIVIDED,,STRAIGHT AND LEVEL,DRY,NO DEFECTS,ON SCENE,INJURY AND / OR TOW DUE TO CRASH,Y,,,"$501 - $1,500",09/16/2021 05:15:00 PM,FAILING TO YIELD RIGHT-OF-WAY,DRIVING SKILLS/KNOWLEDGE/EXPERIENCE,1000,W,MONROE ST,1232,,,,,,,2,NONINCAPACITATING INJURY,1,0,0,1,0,1,0,17,5,9,41.880517396,-87.652127071,POINT (-87.652127070942 41.880517396472)
9d6a12bf32b5dae0d24e7ff28578312328ea9874d2db41e4e264e2271dbf56512517c3357c8cb17429ff385d42edbdc2599c0c21a6900e232efdeb32ebe2fc10,JF220579,,04/26/2022 11:00:00 AM,30,NO CONTROLS,NO CONTROLS,CLEAR,DAYLIGHT,PEDALCYCLIST,NOT DIVIDED,,STRAIGHT AND LEVEL,UNKNOWN,UNKNOWN,NOT ON SCENE (DESK REPORT),INJURY AND / OR TOW DUE TO CRASH,,,Y,"$501 - $1,500",04/26/2022 11:12:00 AM,FAILING TO YIELD RIGHT-OF-WAY,FOLLOWING TOO CLOSELY,1732,W,GREENLEAF AVE,2423,,,,,,,2,NONINCAPACITATING INJURY,1,0,0,1,0,1,0,11,3,4,42.010318124,-87.67371607,POINT (-87.673716069801 42.010318124441)
9fce207114ea2475c8ca3dc9a9cdab35fe04929787d042f5378606c01825b904c415e4cc43fc8cfc6a4df13ebd37156fdc40a288af50faed117ac99eb70024ff,JF237819,,05/11/2022 08:00:00 AM,30,NO CONTROLS,NO CONTROLS,CLEAR,DAYLIGHT,PEDALCYCLIST,NOT DIVIDED,,STRAIGHT AND LEVEL,DRY,NO DEFECTS,ON SCENE,INJURY AND / OR TOW DUE TO CRASH,,,Y,"$501 - $1,500",05/11/2022 08:22:00 AM,FAILING TO YIELD RIGHT-OF-WAY,FAILING TO YIELD RIGHT-OF-WAY,2745,N,SACRAMENTO AVE,1411,,,,,,,2,NONINCAPACITATING INJURY,1,0,0,1,0,1,0,8,4,5,41.931573175,-87.702361791,POINT (-87.70236179052 41.931573174738)
a153bc63742f002dc82d10283e762bd2b7ec53d894805e3293e5507276e911646d1136022df1eeb865f7b2d7902377dd1c1ddab87c9d11d2394deee5d0a42f9c,JE456339,,11/25/2021 12:33:00 AM,30,TRAFFIC SIGNAL,FUNCTIONING PROPERLY,RAIN,"DARKNESS, LIGHTED ROAD",PEDALCYCLIST,NOT DIVIDED,,STRAIGHT AND LEVEL,WET,UNKNOWN,ON SCENE,NO INJURY / DRIVE AWAY,Y,,,"OVER $1,500",11/25/2021 12:33:00 AM,NOT APPLICABLE,NOT APPLICABLE,99,E,WACKER DR,111,,,,,,,2,NO INDICATION OF INJURY,0,0,0,0,0,2,0,0,5,11,41.888091545,-87.624682704,POINT (-87.624682704016 41.88809154462)
9f8bdeb32c1024a33ead87a47bcccaec8d0cc320674fd07e642060432f4b0114db805a1fc17bce355790a897e7daff739f457fd9fb61580691277682ffb79428,JE405718,,10/11/2021 09:19:00 AM,30,STOP SIGN/FLASHER,FUNCTIONING PROPERLY,CLEAR,DAYLIGHT,PEDALCYCLIST,FOUR WAY,,STRAIGHT AND LEVEL,DRY,NO DEFECTS,ON SCENE,INJURY AND / OR TOW DUE TO CRASH,Y,,,"OVER $1,500",10/11/2021 09:26:00 AM,UNABLE TO DETERMINE,NOT APPLICABLE,4300,S,PACKERS AVE,924,,,,,,,2,NONINCAPACITATING INJURY,1,0,0,1,0,1,0,9,2,10,41.815893893,-87.658797248,POINT (-87.658797247757 41.815893893447)
9fc802af910b969e3f06786a59eb1fafe19f4f7b795a96f27a1bff47576cbb35f754746d41347addfcdd943f52e3538625c150802d280787b2fe88aaedb34941,JF291281,,06/22/2022 04:00:00 PM,30,TRAFFIC SIGNAL,FUNCTIONING PROPERLY,CLEAR,DAYLIGHT,PEDALCYCLIST,NOT DIVIDED,,STRAIGHT AND LEVEL,DRY,NO DEFECTS,ON SCENE,INJURY AND / OR TOW DUE TO CRASH,Y,,,"$501 - $1,500",06/23/2022 04:15:00 PM,FAILING TO YIELD RIGHT-OF-WAY,NOT APPLICABLE,1200,W,DIVISION ST,1433,,,,,,,2,NONINCAPACITATING INJURY,1,0,0,1,0,1,0,16,4,6,41.903617818,-87.657473635,POINT (-87.657473635421 41.903617817686)
9ff236c2989864cb3da778b9a5f98f4ee58d176b4710d00e8d7061beb587237d553239f7cdcf0f422812d15451eebc7bab0d2fb628bb6de31d14e70616fdd327,JF224531,,04/28/2022 07:25:00 AM,30,UNKNOWN,UNKNOWN,UNKNOWN,UNKNOWN,PEDALCYCLIST,UNKNOWN,,STRAIGHT AND LEVEL,UNKNOWN,UNKNOWN,NOT ON SCENE (DESK REPORT),NO INJURY / DRIVE AWAY,Y,,Y,$500 OR LESS,04/29/2022 03:25:00 PM,UNABLE TO DETERMINE,UNABLE TO DETERMINE,3940,N,BROADWAY,1923,,,,,,,2,NO INDICATION OF INJURY,0,0,0,0,0,2,0,7,5,4,41.953823537,-87.650218552,POINT (-87.650218552444 41.95382353729)
a0700fda72269b1ea91eec65f8729710048dfa258f15eaea463473b8c36dca93461de82357047702d6d47acfaf4aef9284bb0f2da3866e549cf34ec34813bc25,JF310417,,07/08/2022 07:07:00 PM,35,STOP SIGN/FLASHER,FUNCTIONING PROPERLY,CLEAR,DAYLIGHT,PEDALCYCLIST,DIVIDED - W/MEDIAN (NOT RAISED),,STRAIGHT AND LEVEL,DRY,NO DEFECTS,ON SCENE,INJURY AND / OR TOW DUE TO CRASH,,,,"$501 - $1,500",07/08/2022 07:10:00 PM,UNABLE TO DETERMINE,UNABLE TO DETERMINE,2530,W,IRVING PARK RD,1911,,,,,,,2,NONINCAPACITATING INJURY,1,0,0,1,0,1,0,19,6,7,41.954109168,-87.692126444,POINT (-87.692126443527 41.954109167858)
a03877f9a8e0edc213c8b6b7ce4b96d490ae8cc890e6ab20943f76af5bdf67e80c0db5666f98f88d0e43a79ccec9a634571c1cc592cb62b56a524ebf13a1f9ac,JF163691,,03/04/2022 11:18:00 PM,30,TRAFFIC SIGNAL,FUNCTIONING PROPERLY,CLEAR,"DARKNESS, LIGHTED ROAD",PEDALCYCLIST,FOUR WAY,,STRAIGHT AND LEVEL,DRY,NO DEFECTS,ON SCENE,INJURY AND / OR TOW DUE TO CRASH,Y,,,$500 OR LESS,03/04/2022 11:19:00 PM,UNABLE TO DETERMINE,UNABLE TO DETERMINE,800,W,MAXWELL ST,1232,,,,,,,2,NONINCAPACITATING INJURY,1,0,0,1,0,1,0,23,6,3,41.864891743,-87.646903573,POINT (-87.646903572702 41.864891742773)
a0b611a3c4540c29dd275c2bb22af82af6717c06ffc0605526647428fb53e21597f771429a0d78c5b852f187def96b0a6091a856de755f996c758bcc57a4643f,JF295033,,06/26/2022 06:00:00 PM,30,TRAFFIC SIGNAL,FUNCTIONING PROPERLY,CLEAR,DAYLIGHT,PEDALCYCLIST,DIVIDED - W/MEDIAN (NOT RAISED),,STRAIGHT AND LEVEL,DRY,NO DEFECTS,ON SCENE,INJURY AND / OR TOW DUE TO CRASH,Y,,,"OVER $1,500",06/26/2022 06:02:00 PM,FAILING TO YIELD RIGHT-OF-WAY,UNABLE TO DETERMINE,1333,W,DIVISION ST,1213,,,,,,,2,NONINCAPACITATING INJURY,1,0,0,1,0,2,0,18,1,6,41.903317345,-87.661851201,POINT (-87.661851200532 41.903317345372)
a0004225dc024ccb8b278b99fe784decb4014399d78a03b98c2387ff11c109336728ef680c5ce79587634c6fa395be5f8f09d74c7d7ac64e086de6ce95ebd014,JF253600,,05/23/2022 04:05:00 PM,30,NO CONTROLS,NO CONTROLS,CLEAR,DAYLIGHT,PEDALCYCLIST,DIVIDED - W/MEDIAN BARRIER,,STRAIGHT AND LEVEL,DRY,NO DEFECTS,NOT ON SCENE (DESK REPORT),INJURY AND / OR TOW DUE TO CRASH,,,,"$501 - $1,500",05/24/2022 09:55:00 AM,NOT APPLICABLE,DISTRACTION - FROM INSIDE VEHICLE,1435,S,INDIANA AVE,132,,,Y,,,,2,NONINCAPACITATING INJURY,1,0,0,1,0,1,0,16,2,5,41.86314014,-87.622305117,POINT (-87.622305117456 41.863140139618)
9e34d255f65caf8012ce731331973bbd9438bc01a6180f5c08e59495dcbf126d67e77e40cca58137bb246d1f57ceeed9503cc622a68a61c857762390ef3ec348,JE467908,,12/06/2021 12:45:00 PM,30,STOP SIGN/FLASHER,FUNCTIONING PROPERLY,CLEAR,DAYLIGHT,PEDALCYCLIST,FOUR WAY,,STRAIGHT AND LEVEL,DRY,NO DEFECTS,ON SCENE,NO INJURY / DRIVE AWAY,Y,,,$500 OR LESS,12/06/2021 12:58:00 PM,UNABLE TO DETERMINE,NOT APPLICABLE,3400,N,NATOMA AVE,1632,,,,,,,2,NO INDICATION OF INJURY,0,0,0,0,0,2,0,12,2,12,41.941972763,-87.792330493,POINT (-87.792330493378 41.941972763024)
a178064f5097cfc902d0120f92120d699d3fc3410fa09f7d566d99a9a168b52b8b7e64e767da8dcb21b5c6951e6accb569544ad0216fe613a02e9ec0e15165c0,JF259202,,05/28/2022 04:40:00 PM,30,TRAFFIC SIGNAL,FUNCTIONING PROPERLY,CLEAR,DAYLIGHT,PEDALCYCLIST,TRAFFIC ROUTE,,STRAIGHT AND LEVEL,DRY,OTHER,ON SCENE,INJURY AND / OR TOW DUE TO CRASH,Y,,,"$501 - $1,500",05/28/2022 04:40:00 PM,UNABLE TO DETERMINE,UNABLE TO DETERMINE,599,W,KINZIE ST,1214,,,Y,,,,3,NONINCAPACITATING INJURY,1,0,0,1,0,2,0,16,7,5,41.888939826,-87.642798888,POINT (-87.642798887632 41.88893982615)
9efda599a4d4b031adf3d169411172d28457de1060331cfdd3ab39711972606ca4bbcaeb3023f2d60b357d3ca5b247b9f4a0104f7f64c7b1e17211f3f08a2bc4,JF316628,,07/13/2022 05:45:00 PM,15,STOP SIGN/FLASHER,FUNCTIONING PROPERLY,CLEAR,DAYLIGHT,PEDALCYCLIST,NOT DIVIDED,,STRAIGHT AND LEVEL,DRY,NO DEFECTS,NOT ON SCENE (DESK REPORT),INJURY AND / OR TOW DUE TO CRASH,,,Y,"$501 - $1,500",07/13/2022 09:00:00 PM,UNABLE TO DETERMINE,UNABLE TO DETERMINE,586,E,WALDRON DR,132,,,,,,,2,"REPORTED, NOT EVIDENT",1,0,0,0,1,1,0,17,4,7,41.860510383,-87.6128731,POINT (-87.612873100069 41.860510382901)
a032919560320c5b31d2069f2664188b64a8aa9949c6a0dd3955c44c8d6710175df6407f8dd6f94b9cc9b9a0a1e7bce3aa2239403a7578ff0faa175b5590f829,JE377279,,09/17/2021 03:00:00 PM,15,NO CONTROLS,NO CONTROLS,CLEAR,DAYLIGHT,PEDALCYCLIST,ONE-WAY,,STRAIGHT AND LEVEL,DRY,NO DEFECTS,ON SCENE,NO INJURY / DRIVE AWAY,,,,$500 OR LESS,09/17/2021 03:40:00 PM,FAILING TO REDUCE SPEED TO AVOID CRASH,NOT APPLICABLE,5801,S,DORCHESTER AVE,235,,,,,,,2,NO INDICATION OF INJURY,0,0,0,0,0,2,0,15,6,9,41.789563812,-87.591406127,POINT (-87.591406126819 41.78956381244)
a07d990491f3fbddf2dd57e3e33cb16aa4df62a891c52f3d79e50ca91a37af69ff99c33d979e6bcbad9d6b72da7da36f50c8c4e2edc8a4c0e12eeeace19981ff,JE359485,Y,09/02/2021 07:20:00 PM,30,TRAFFIC SIGNAL,FUNCTIONING PROPERLY,CLEAR,DAYLIGHT,PEDALCYCLIST,FOUR WAY,,STRAIGHT AND LEVEL,DRY,NO DEFECTS,ON SCENE,INJURY AND / OR TOW DUE TO CRASH,Y,,,$500 OR LESS,09/02/2021 07:24:00 PM,DISREGARDING TRAFFIC SIGNALS,NOT APPLICABLE,5199,N,NORTHWEST HWY,1623,,,,,,,2,NONINCAPACITATING INJURY,1,0,0,1,0,1,0,19,5,9,41.97524174,-87.768287515,POINT (-87.768287515198 41.975241740312)
9fecdeb9c851ee6df2a0f88a861bbdccc9097c1acdae4b1bb0b188853aa22db9cf317b2e63cf75dd0be7b4f4c8874c7e98995e11856cca4dc2291ff7324e2c34,JE378782,,09/18/2021 06:50:00 PM,30,TRAFFIC SIGNAL,FUNCTIONING PROPERLY,CLEAR,DUSK,PEDALCYCLIST,NOT REPORTED,,STRAIGHT AND LEVEL,DRY,NO DEFECTS,ON SCENE,INJURY AND / OR TOW DUE TO CRASH,Y,,,"OVER $1,500",09/18/2021 07:51:00 PM,DISREGARDING TRAFFIC SIGNALS,NOT APPLICABLE,4400,W,LAKE ST,1113,,,,,,,2,NONINCAPACITATING INJURY,1,0,0,1,0,2,0,18,7,9,41.886140411,-87.735759702,POINT (-87.735759702159 41.886140411405)
a0a020f4edbfb0db527b23e385f3208fc186024e9f52aa09c6d1d8bc9d5f67dc64ae837f147c4c62f0ab9c2efae952a1211bec6843798c9da222ac006a0cfd66,JE447609,,11/16/2021 08:25:00 PM,30,NO CONTROLS,NO CONTROLS,CLEAR,"DARKNESS, LIGHTED ROAD",PEDALCYCLIST,ALLEY,,STRAIGHT AND LEVEL,DRY,NO DEFECTS,ON SCENE,INJURY AND / OR TOW DUE TO CRASH,,,,$500 OR LESS,11/16/2021 08:41:00 PM,IMPROPER LANE USAGE,UNABLE TO DETERMINE,4820,W,IRVING PARK RD,1624,,,,,,,2,NONINCAPACITATING INJURY,1,0,0,1,0,1,0,20,3,11,41.953513778,-87.748129659,POINT (-87.748129658932 41.953513777544)
9f80ca71860c974b65da1942c10ffbc498c29f565a5c62ed3bd349ba5952f39ccf3bec37079f92a499a3b78c079cec4687ff480764a14f967e9c61c0d3430c55,JF290075,,06/22/2022 02:22:00 PM,20,SCHOOL ZONE,FUNCTIONING PROPERLY,CLEAR,DAYLIGHT,PEDALCYCLIST,DIVIDED - W/MEDIAN (NOT RAISED),,STRAIGHT AND LEVEL,DRY,NO DEFECTS,ON SCENE,INJURY AND / OR TOW DUE TO CRASH,,,Y,"$501 - $1,500",06/22/2022 02:25:00 PM,IMPROPER LANE USAGE,DRIVING SKILLS/KNOWLEDGE/EXPERIENCE,8147,S,VINCENNES AVE,622,,,,,,,2,NONINCAPACITATING INJURY,1,0,0,1,0,1,0,14,4,6,41.74579217,-87.635369997,POINT (-87.63536999702 41.745792169991)
9eb75ba6b1adbb786941482a4eb560282f8846e9f349916d7d951bf84cd0a5785725808a218e65eff1de11b9ec0f4771d422a8fb1e38695043513df9ded13968,JF278739,,06/14/2022 01:36:00 AM,20,NO CONTROLS,NO CONTROLS,CLEAR,"DARKNESS, LIGHTED ROAD",PEDALCYCLIST,NOT DIVIDED,,STRAIGHT AND LEVEL,DRY,UNKNOWN,ON SCENE,INJURY AND / OR TOW DUE TO CRASH,,,Y,"$501 - $1,500",06/14/2022 01:36:00 AM,FAILING TO REDUCE SPEED TO AVOID CRASH,UNABLE TO DETERMINE,1959,W,47TH ST,931,,,,,,,2,NONINCAPACITATING INJURY,1,0,0,1,0,1,0,1,3,6,41.808400942,-87.674624018,POINT (-87.674624017748 41.808400942492)
9fbcdaf3ce8d74d5d3c4b6520481e906a31eb2b4294bf6f8f91fe160b77b736d9c58d501d90ff70bf154def3d789c71b7a0820c14ad437308b47381fb38e52f1,JF283870,,06/16/2022 07:45:00 PM,10,NO CONTROLS,NO CONTROLS,CLEAR,DAYLIGHT,PEDALCYCLIST,PARKING LOT,,STRAIGHT AND LEVEL,DRY,WORN SURFACE,ON SCENE,INJURY AND / OR TOW DUE TO CRASH,,,,$500 OR LESS,06/16/2022 07:45:00 PM,IMPROPER OVERTAKING/PASSING,NOT APPLICABLE,6232,W,WRIGHTWOOD AVE,2512,,,,,,,2,"REPORTED, NOT EVIDENT",1,0,0,0,1,1,0,19,5,6,41.92749997,-87.782061111,POINT (-87.782061111407 41.92749996957)
a075e6e2d80d5ac3015df995305804bcb0748dfb9d13233a410fceeb2a9fffd792103882ac08fe074b233eb12bcbe8bf71b3aafe995781fc2c8c143eb41d8da8,JE409346,,10/14/2021 11:10:00 AM,30,NO CONTROLS,NO CONTROLS,CLEAR,DAYLIGHT,PEDALCYCLIST,ONE-WAY,,STRAIGHT AND LEVEL,WET,NO DEFECTS,ON SCENE,INJURY AND / OR TOW DUE TO CRASH,,,Y,$500 OR LESS,10/14/2021 11:15:00 AM,NOT APPLICABLE,NOT APPLICABLE,3316,W,CONGRESS PKWY,1134,,,,,,,2,NONINCAPACITATING INJURY,1,0,0,1,0,1,0,11,5,10,41.874697333,-87.70909327,POINT (-87.709093269908 41.874697333115)
9ff72c56551202ca301f29e464d141e3d57a12d1d73f2846a0e0881ebf8a180cdb2a00239f98e25501fe2c930e1ea3fa4e386b6a524be9cebc26ecbdd0eadbef,JE386985,,09/25/2021 03:00:00 PM,30,STOP SIGN/FLASHER,FUNCTIONING PROPERLY,CLEAR,DAYLIGHT,PEDALCYCLIST,ONE-WAY,,STRAIGHT AND LEVEL,DRY,UNKNOWN,ON SCENE,INJURY AND / OR TOW DUE TO CRASH,,,,$500 OR LESS,09/25/2021 03:23:00 PM,UNABLE TO DETERMINE,UNABLE TO DETERMINE,2901,S,ARCHER AVE,913,,,,,,,2,NONINCAPACITATING INJURY,1,0,0,1,0,1,0,15,7,9,41.841668177,-87.657641517,POINT (-87.657641516692 41.841668176974)
9e910725372b6f841b6d518a3545e7810f34ddb50274869f08d820d5c3a499399da382fd64bd3f2e2177ad40a0197bda22b87b470e7ee9b58b7d6841373a7957,JF291443,,06/23/2022 06:00:00 PM,30,TRAFFIC SIGNAL,FUNCTIONING PROPERLY,CLEAR,DAYLIGHT,PEDALCYCLIST,FOUR WAY,,STRAIGHT AND LEVEL,DRY,NO DEFECTS,ON SCENE,INJURY AND / OR TOW DUE TO CRASH,Y,,,$500 OR LESS,06/23/2022 06:09:00 PM,FAILING TO YIELD RIGHT-OF-WAY,NOT APPLICABLE,2484,S,HALSTED ST,913,,,,,,,2,"REPORTED, NOT EVIDENT",1,0,0,0,1,1,0,18,5,6,41.847234198,-87.646637705,POINT (-87.646637704686 41.847234198344)
a1542a2463f242773fad9b7bad12152e2b55c33b1e2b2262d9c7e8d7744f14633c9aaf01f916fe1b731fef4789cded577d5f7d9b51bf666e3016da36b87f9acc,JE450870,,11/19/2021 08:50:00 PM,30,NO CONTROLS,NO CONTROLS,CLEAR,"DARKNESS, LIGHTED ROAD",PEDALCYCLIST,DIVIDED - W/MEDIAN (NOT RAISED),,STRAIGHT AND LEVEL,DRY,NO DEFECTS,ON SCENE,INJURY AND / OR TOW DUE TO CRASH,Y,,,"OVER $1,500",11/19/2021 08:50:00 PM,FAILING TO YIELD RIGHT-OF-WAY,NOT APPLICABLE,800,W,79TH ST,621,,,,,,,2,NONINCAPACITATING INJURY,1,0,0,1,0,1,0,20,6,11,41.750751157,-87.644107793,POINT (-87.644107793009 41.750751157473)
a155ddcb8a4c2440c85af4c846b6692b8d80a0934ae060b62c18a89ba3334f72327fab0b8af057e3060823f764e3c437197cec60da61aea08a3279cf7648f229,JE414538,,10/18/2021 07:15:00 AM,30,TRAFFIC SIGNAL,FUNCTIONING PROPERLY,CLEAR,DAYLIGHT,PEDALCYCLIST,T-INTERSECTION,,STRAIGHT AND LEVEL,DRY,UNKNOWN,NOT ON SCENE (DESK REPORT),INJURY AND / OR TOW DUE TO CRASH,Y,,,$500 OR LESS,10/18/2021 10:45:00 PM,FAILING TO YIELD RIGHT-OF-WAY,UNABLE TO DETERMINE,2816,S,ASHLAND AVE,912,,,,,,,2,NONINCAPACITATING INJURY,1,0,0,1,0,1,0,7,2,10,41.840527201,-87.665968161,POINT (-87.665968161498 41.840527200934)
a46ccce20572ba08e53c2cd727934d99b4581c6230ff61b06fae082b40f6e79aeadcceab21c7cc6add92791b185c5c74cb646614b094c3f896a68b9662c2511a,JE455122,,11/23/2021 07:49:00 PM,30,STOP SIGN/FLASHER,FUNCTIONING PROPERLY,CLEAR,DUSK,PEDALCYCLIST,FOUR WAY,,STRAIGHT AND LEVEL,DRY,NO DEFECTS,ON SCENE,INJURY AND / OR TOW DUE TO CRASH,Y,,,"OVER $1,500",11/23/2021 07:57:00 PM,UNABLE TO DETERMINE,UNABLE TO DETERMINE,2700,N,NARRAGANSETT AVE,2512,,,,,,,2,NONINCAPACITATING INJURY,1,0,0,1,0,2,0,19,3,11,41.929256688,-87.785795165,POINT (-87.785795165033 41.929256687664)