CRASH_RECORD_ID,RD_NO,CRASH_DATE_EST_I,CRASH_DATE,POSTED_SPEED_LIMIT,TRAFFIC_CONTROL_DEVICE,DEVICE_CONDITION,WEATHER_CONDITION,LIGHTING_CONDITION,FIRST_CRASH_TYPE,TRAFFICWAY_TYPE,LANE_CNT,ALIGNMENT,ROADWAY_SURFACE_COND,ROAD_DEFECT,REPORT_TYPE,CRASH_TYPE,INTERSECTION_RELATED_I,NOT_RIGHT_OF_WAY_I,HIT_AND_RUN_I,DAMAGE,DATE_POLICE_NOTIFIED,PRIM_CONTRIBUTORY_CAUSE,SEC_CONTRIBUTORY_CAUSE,STREET_NO,STREET_DIRECTION,STREET_NAME,BEAT_OF_OCCURRENCE,PHOTOS_TAKEN_I,STATEMENTS_TAKEN_I,DOORING_I,WORK_ZONE_I,WORK_ZONE_TYPE,WORKERS_PRESENT_I,NUM_UNITS,MOST_SEVERE_INJURY,INJURIES_TOTAL,INJURIES_FATAL,INJURIES_INCAPACITATING,INJURIES_NON_INCAPACITATING,INJURIES_REPORTED_NOT_EVIDENT,INJURIES_NO_INDICATION,INJURIES_UNKNOWN,CRASH_HOUR,CRASH_DAY_OF_WEEK,CRASH_MONTH,LATITUDE,LONGITUDE,LOCATION
a4672f975cdc29339e7f704e0c45d966bb3e7b59b8fbf88a25dde95115b6fa3ab281c341019366f6a3359cb1379b0b7cfafb54e60de033b43c9e5ed9a30e6414,JF279821,,06/14/2022 07:25:00 PM,30,STOP SIGN/FLASHER,FUNCTIONING PROPERLY,CLEAR,DAYLIGHT,PEDALCYCLIST,FOUR WAY,,STRAIGHT AND LEVEL,DRY,NO DEFECTS,ON SCENE,INJURY AND / OR TOW DUE TO CRASH,Y,,,"$501 - $1,500",06/14/2022 07:25:00 PM,UNABLE TO DETERMINE,UNABLE TO DETERMINE,6400,W,DEVON AVE,1611,,,,,,,2,NONINCAPACITATING INJURY,1,0,0,1,0,1,0,19,3,6,41.997463981,-87.787610243,POINT (-87.787610243414 41.997463981029)
a27caff19fdb3d9d1634955feae8d8ec3fb9338d2124bab13e3c703166b99a59685ea08de896e2b64d8accb25c61986b63aa8b2703a7757134e49208a88e82d5,JF314011,,07/02/2022 11:46:00 AM,35,STOP SIGN/FLASHER,OTHER,UNKNOWN,UNKNOWN,PEDALCYCLIST,FOUR WAY,,STRAIGHT AND LEVEL,UNKNOWN,UNKNOWN,NOT ON SCENE (DESK REPORT),NO INJURY / DRIVE AWAY,Y,,N,$500 OR LESS,07/11/2022 08:35:00 PM,UNABLE TO DETERMINE,UNABLE TO DETERMINE,7701,S,HALSTED ST,621,,,Y,,,,2,NO INDICATION OF INJURY,0,0,0,0,0,2,0,11,7,7,41.754184116,-87.643987583,POINT (-87.6439875826 41.754184116426)
a4809ec1ed1c7df944a1ea1ebedada6481a5d37b6f39c309c36e29341393c0dd08785d895070e5262e2e73431e23120b1c9837ec5891fe89978a4df601bf0b5b,JE397769,,10/04/2021 01:50:00 PM,30,NO CONTROLS,NO CONTROLS,CLEAR,DAYLIGHT,PEDALCYCLIST,DRIVEWAY,,STRAIGHT AND LEVEL,DRY,NO DEFECTS,ON SCENE,INJURY AND / OR TOW DUE TO CRASH,,,,$500 OR LESS,10/04/2021 01:51:00 PM,UNABLE TO DETERMINE,NOT APPLICABLE,1155,S,WOOD ST,1231,,,,,,,2,NONINCAPACITATING INJURY,1,0,0,1,0,1,0,13,2,10,41.866864958,-87.671204549,POINT (-87.671204549319 41.866864957567)
a31f3cd9446803a64a7c6c00e0a2fc31a1fc15d4ccc15cceba3f592aa125050f10a2fa8564c055e4398d8174d87a8201449352576bfca9acd4025183cb9968e6,JF314069,,07/11/2022 09:05:00 PM,35,NO CONTROLS,NO CONTROLS,CLEAR,"DARKNESS, LIGHTED ROAD",PEDALCYCLIST,ONE-WAY,,STRAIGHT AND LEVEL,DRY,UNKNOWN,ON SCENE,INJURY AND / OR TOW DUE TO CRASH,,,Y,"OVER $1,500",07/11/2022 09:15:00 PM,FAILING TO YIELD RIGHT-OF-WAY,DRIVING SKILLS/KNOWLEDGE/EXPERIENCE,440,E,GRAND AVE,1834,,,Y,,,,2,NONINCAPACITATING INJURY,1,0,0,1,0,1,0,21,2,7,41.891980118,-87.616165931,POINT (-87.616165931043 41.891980117949)
a4ac8f8835002c087aeb1b2c4a61c55c7748fd5ac1bd4ec651d69086e8cc81f115bc2badc7e2ea6d29455d34463c284e6da5a6fc8e47b20cc4b37845a53ea1cc,JE372828,,09/14/2021 07:38:00 AM,30,TRAFFIC SIGNAL,FUNCTIONING PROPERLY,CLEAR,DAYLIGHT,PEDALCYCLIST,DIVIDED - W/MEDIAN (NOT RAISED),,STRAIGHT AND LEVEL,DRY,NO DEFECTS,ON SCENE,INJURY AND / OR TOW DUE TO CRASH,Y,,,"$501 - $1,500",09/14/2021 07:45:00 AM,IMPROPER OVERTAKING/PASSING,IMPROPER LANE USAGE,800,W,CERMAK RD,1235,,,,,,,2,NONINCAPACITATING INJURY,1,0,0,1,0,1,0,7,3,9,41.852755184,-87.646579859,POINT (-87.64657985879 41.852755184496)
a24bfc6db866da55eec86f14d7c46c52293c33ddce30ec27e829bdf458f5a48fb517b16d40020977800a29561117f696b4d28142633ce3b3cf06ce4d47cb5434,JE400590,,10/04/2021 05:52:00 PM,30,TRAFFIC SIGNAL,FUNCTIONING PROPERLY,CLEAR,"DARKNESS, LIGHTED ROAD",PEDALCYCLIST,NOT DIVIDED,,STRAIGHT AND LEVEL,DRY,NO DEFECTS,NOT ON SCENE (DESK REPORT),INJURY AND / OR TOW DUE TO CRASH,,,,"OVER $1,500",10/06/2021 06:30:00 PM,FAILING TO YIELD RIGHT-OF-WAY,FAILING TO YIELD RIGHT-OF-WAY,150,E,LOWER RANDOLPH ST,114,,,,,,,2,NONINCAPACITATING INJURY,1,0,0,1,0,1,0,17,2,10,41.884509178,-87.622619547,POINT (-87.622619547325 41.884509178123)
a1e4899959156aee6742a1923efdf68eb119dcff2dc97e23cfe332e49e0cb7935ba76868685117a35e6de1dc16d9c1796a2acc50e15b193948ad00ed3051f405,JF239741,,05/12/2022 05:00:00 PM,30,NO CONTROLS,NO CONTROLS,CLEAR,DAYLIGHT,PEDALCYCLIST,NOT DIVIDED,,STRAIGHT AND LEVEL,DRY,UNKNOWN,ON SCENE,INJURY AND / OR TOW DUE TO CRASH,,,,"OVER $1,500",05/12/2022 05:04:00 PM,NOT APPLICABLE,NOT APPLICABLE,12700,S,UNION AVE,523,,,,,,,2,INCAPACITATING INJURY,1,0,1,0,0,1,0,17,5,5,41.663246314,-87.639151245,POINT (-87.639151244702 41.663246313783)
a494958b858dff236d5100de37d3f6ed593306e8d52adcb2f1097763264c74513f55edfd2d6dee1d6d9db196cf6e434d2c6d16f7cfda910c6452b8c28dc72775,JF207873,,04/14/2022 03:45:00 PM,30,STOP SIGN/FLASHER,FUNCTIONING PROPERLY,CLEAR,DAYLIGHT,PEDALCYCLIST,T-INTERSECTION,,STRAIGHT AND LEVEL,DRY,UNKNOWN,ON SCENE,NO INJURY / DRIVE AWAY,Y,,Y,"$501 - $1,500",04/14/2022 03:46:00 PM,UNABLE TO DETERMINE,NOT APPLICABLE,3234,N,PULASKI RD,1731,,,,,,,2,NO INDICATION OF INJURY,0,0,0,0,0,3,0,15,5,4,41.940144386,-87.72735832,POINT (-87.727358320469 41.940144386031)
a3caa6fb21ace65b991d38891fd03f951d30e8536f9888f0b82dc13c3226236f7e5424e82d34ecd65da1953038238f6cb1a634a238d3d4852ebe770abafdc8c2,JE414358,,10/18/2021 07:05:00 PM,30,TRAFFIC SIGNAL,FUNCTIONING PROPERLY,CLEAR,"DARKNESS, LIGHTED ROAD",PEDALCYCLIST,FOUR WAY,,STRAIGHT AND LEVEL,DRY,NO DEFECTS,ON SCENE,INJURY AND / OR TOW DUE TO CRASH,Y,,Y,$500 OR LESS,10/18/2021 07:05:00 PM,DISREGARDING TRAFFIC SIGNALS,NOT APPLICABLE,101,W,OAK ST,1832,,,,,,,2,NONINCAPACITATING INJURY,1,0,0,1,0,1,0,19,2,10,41.900441853,-87.631421616,POINT (-87.631421616335 41.900441853121)
a3dae2ecc2ecf7d5d0e0f46e7bd7a958fd3bc63d7d4f5197ccb8a4a9802529914971900a4d9ba8efde5fed62a00a7fb0b55f61026885000b34c275928ce1dc85,JF224045,,04/27/2022 07:45:00 PM,30,TRAFFIC SIGNAL,FUNCTIONING PROPERLY,CLEAR,DUSK,PEDALCYCLIST,FOUR WAY,,STRAIGHT AND LEVEL,DRY,NO DEFECTS,,INJURY AND / OR TOW DUE TO CRASH,Y,,,"OVER $1,500",04/29/2022 10:50:00 AM,DISREGARDING TRAFFIC SIGNALS,UNABLE TO DETERMINE,599,S,HALSTED ST,1232,,,,,,,2,NONINCAPACITATING INJURY,1,0,0,1,0,2,0,19,4,4,41.874369426,-87.646981253,POINT (-87.64698125257 41.874369425754)
a3a610da367a8d0257df9d51477a41caf10876742cbaf6398c5228227d6e262f99a032eeb919c59f78808c024a28f7c50ffd598078b5575b74aead38a7018ca8,JF283462,,06/17/2022 01:50:00 PM,30,UNKNOWN,UNKNOWN,CLEAR,DAYLIGHT,PEDALCYCLIST,NOT DIVIDED,,STRAIGHT AND LEVEL,DRY,UNKNOWN,ON SCENE,INJURY AND / OR TOW DUE TO CRASH,,,,$500 OR LESS,06/17/2022 02:30:00 PM,FAILING TO YIELD RIGHT-OF-WAY,FAILING TO YIELD RIGHT-OF-WAY,1049,W,MONTROSE AVE,1915,,,,,,,2,INCAPACITATING INJURY,1,0,1,0,0,1,0,13,6,6,41.961645557,-87.656695921,POINT (-87.656695921059 41.961645556529)
a4d21af5e5c81b5be9f76eec982ef8adae2c42a8a06ad204399e2a5488533a105d5838ebb522edb5abcc181412d72b6250a4df2efaa5ed32ff62dae74296087f,JF107579,,01/09/2022 11:49:00 AM,30,NO CONTROLS,NO CONTROLS,CLEAR,DAYLIGHT,PEDALCYCLIST,NOT DIVIDED,,STRAIGHT AND LEVEL,WET,NO DEFECTS,ON SCENE,INJURY AND / OR TOW DUE TO CRASH,,,,$500 OR LESS,01/09/2022 11:52:00 AM,IMPROPER TURNING/NO SIGNAL,UNABLE TO DETERMINE,742,W,BUENA AVE,1915,,,,,,,2,NONINCAPACITATING INJURY,1,0,0,1,0,1,0,11,1,1,41.958604911,-87.649099691,POINT (-87.649099690775 41.958604911036)
a579accd5544713cd6147c8f373fd8c4f12a6e9ca686b8f0abfaf74dfa299b4081fe68eb6caa080b781d46c467e7f7d77f13ac56236d00cf0a909af6ab918080,JE436468,,11/06/2021 11:00:00 AM,30,NO CONTROLS,NO CONTROLS,CLEAR,DAYLIGHT,PEDALCYCLIST,DIVIDED - W/MEDIAN (NOT RAISED),,STRAIGHT AND LEVEL,DRY,UNKNOWN,NOT ON SCENE (DESK REPORT),INJURY AND / OR TOW DUE TO CRASH,,,,"OVER $1,500",11/06/2021 09:20:00 PM,FAILING TO YIELD RIGHT-OF-WAY,FAILING TO YIELD RIGHT-OF-WAY,251,W,HURON ST,1831,,,Y,,,,2,NONINCAPACITATING INJURY,1,0,0,1,0,2,0,11,7,11,41.89466267,-87.635583722,POINT (-87.635583722124 41.894662670242)
a6a2d3b18808803434212e7d9c7446d2e2d44a0efd014d5af8511bab32d22e0b13f6ef1c39beb14a85b0de2b4e6f19c8a21aef3132c9449698e6f042b56f750c,JF304076,,07/03/2022 04:28:00 PM,30,TRAFFIC SIGNAL,FUNCTIONING PROPERLY,CLEAR,DAYLIGHT,PEDALCYCLIST,DIVIDED - W/MEDIAN (NOT RAISED),,STRAIGHT ON GRADE,DRY,UNKNOWN,ON SCENE,INJURY AND / OR TOW DUE TO CRASH,Y,,,$500 OR LESS,07/03/2022 04:29:00 PM,UNABLE TO DETERMINE,UNABLE TO DETERMINE,2200,S,CALIFORNIA AVE,1033,,,,,,,2,NONINCAPACITATING INJURY,1,0,0,1,0,2,0,16,1,7,41.851854306,-87.695591395,POINT (-87.695591394946 41.851854305869)
a7ceee3ac3f8d0b870bc97b4b2ec139c38ccd6c82ff9e72112084ffcdb65e63d6b4afb4f5e8e6374bd73814525f03cda01a94b2d62ff2521631b2d51991d81c3,JF272744,,06/08/2022 10:35:00 PM,25,NO CONTROLS,NO CONTROLS,CLEAR,DARKNESS,PEDALCYCLIST,NOT DIVIDED,,STRAIGHT AND LEVEL,DRY,NO DEFECTS,ON SCENE,INJURY AND / OR TOW DUE TO CRASH,,,,"$501 - $1,500",06/08/2022 10:59:00 PM,UNABLE TO DETERMINE,NOT APPLICABLE,1418,W,18TH ST,1233,,,Y,,,,2,NONINCAPACITATING INJURY,1,0,0,1,0,0,0,22,4,6,41.857973721,-87.662046902,POINT (-87.662046902308 41.857973721134)
a586d5d52cca5c329d3d4ada95eb34bbfa003edc499c8e6d2c50810a51e545ba156f2a7c01d8d012ceb4fb0017fdb6a01d67ec9e5318fd1e98fb79c4bb7f75b6,JF233886,,05/07/2022 06:20:00 PM,30,TRAFFIC SIGNAL,FUNCTIONING PROPERLY,CLEAR,DAYLIGHT,PEDALCYCLIST,NOT DIVIDED,,STRAIGHT AND LEVEL,DRY,NO DEFECTS,ON SCENE,INJURY AND / OR TOW DUE TO CRASH,Y,,,"$501 - $1,500",05/07/2022 06:58:00 PM,FAILING TO YIELD RIGHT-OF-WAY,UNABLE TO DETERMINE,200,W,DIVISION ST,1821,,,,,,,2,NONINCAPACITATING INJURY,1,0,0,1,0,2,0,18,7,5,41.903962496,-87.634555121,POINT (-87.634555120597 41.90396249623)
a66a231748e3d2523e43ea3fab78a6424d816187931fe58255e17cdbfe22daedef631810b114fde99cd50de56421c1a68abd792377deb7da4ddc9b3014366121,JF279621,,06/14/2022 04:39:00 PM,30,NO CONTROLS,NO CONTROLS,CLEAR,DAYLIGHT,PEDALCYCLIST,NOT DIVIDED,,STRAIGHT AND LEVEL,DRY,NO DEFECTS,ON SCENE,INJURY AND / OR TOW DUE TO CRASH,,,Y,"OVER $1,500",06/14/2022 05:11:00 PM,"OPERATING VEHICLE IN ERRATIC, RECKLESS, CARELESS, NEGLIGENT OR AGGRESSIVE MANNER",NOT APPLICABLE,1563,N,MILWAUKEE AVE,1424,,,Y,,,,2,"REPORTED, NOT EVIDENT",1,0,0,0,1,1,0,16,3,6,41.909998759,-87.67664791,POINT (-87.676647909977 41.909998759105)
a7c80cac4c263c0835ad79b0a1c8220f19ee56f261aa241718aadf3ed0f961c36af0a76d01d7cd37368435675f4f7136eeb5ace128db85fc98df5756c22aa349,JF264257,,05/31/2022 09:43:00 PM,30,NO CONTROLS,NO CONTROLS,CLEAR,DUSK,PEDALCYCLIST,ONE-WAY,,STRAIGHT AND LEVEL,DRY,NO DEFECTS,NOT ON SCENE (DESK REPORT),INJURY AND / OR TOW DUE TO CRASH,,,Y,"OVER $1,500",06/01/2022 10:15:00 PM,UNABLE TO DETERMINE,UNABLE TO DETERMINE,580,E,ILLINOIS ST,1834,,,,,,,2,NONINCAPACITATING INJURY,1,0,0,1,0,1,0,21,3,5,41.891250544,-87.611681226,POINT (-87.611681225862 41.891250543746)
a6df4326c2094786440cdc81f3b1788e4f5c1bd2e816194789ce47f408674238d7735e204e5d667a88fc34e3918f854cb4f1846e2ae628feeaf83633c4dc299f,JE408474,,10/13/2021 03:21:00 PM,30,TRAFFIC SIGNAL,FUNCTIONING PROPERLY,RAIN,DAYLIGHT,PEDALCYCLIST,FOUR WAY,,STRAIGHT AND LEVEL,WET,NO DEFECTS,ON SCENE,INJURY AND / OR TOW DUE TO CRASH,Y,,,"OVER $1,500",10/13/2021 03:24:00 PM,FAILING TO YIELD RIGHT-OF-WAY,NOT APPLICABLE,1200,N,CALIFORNIA AVE,1423,,,,,,,2,NONINCAPACITATING INJURY,1,0,0,1,0,1,0,15,4,10,41.902969953,-87.697027812,POINT (-87.697027812314 41.902969952568)
a5f64945581f2299d0d08b311dead9839fcfedf7ebe6d86673782d357c010c3c32afbc9bbce95c98047d7178305690a211406ddf4763cab071f94ab84a59c28c,JE405697,,10/11/2021 08:48:00 AM,30,NO CONTROLS,NO CONTROLS,CLEAR,DAYLIGHT,PEDALCYCLIST,NOT DIVIDED,,STRAIGHT AND LEVEL,UNKNOWN,UNKNOWN,ON SCENE,INJURY AND / OR TOW DUE TO CRASH,,,,$500 OR LESS,10/11/2021 08:52:00 AM,UNABLE TO DETERMINE,UNABLE TO DETERMINE,3359,N,SOUTHPORT AVE,1924,,,,,,,2,NONINCAPACITATING INJURY,1,0,0,1,0,1,0,8,2,10,41.943374661,-87.663769116,POINT (-87.663769116261 41.943374660606)
a5d8b5eadb905d42c08f60df5234669e316ea8bf2e64069e155b63edb4b5e4a656cbf39bd0a85aa37691521bac9970c20110d969d21fd5c81b5d8278f575a3f8,JF249375,,05/19/2022 10:30:00 PM,30,STOP SIGN/FLASHER,UNKNOWN,CLEAR,"DARKNESS, LIGHTED ROAD",PEDALCYCLIST,RAMP,,STRAIGHT AND LEVEL,DRY,NO DEFECTS,NOT ON SCENE (DESK REPORT),INJURY AND / OR TOW DUE TO CRASH,,,,"$501 - $1,500",05/20/2022 02:00:00 PM,UNABLE TO DETERMINE,UNABLE TO DETERMINE,2402,N,LAKE SHORE DR SB,1935,,,,,,,2,NONINCAPACITATING INJURY,1,0,0,1,0,1,0,22,5,5,41.926207858,-87.631529707,POINT (-87.631529707465 41.926207857505)
a737305be25476f49fa5a2c48535834ba341ad78e62305a2d5ae4239b86bc09147982d72c71809b004b893279b925edbb345c05e1eeed3f893ec4fde57d9fd5d,JE424784,,10/26/2021 05:45:00 PM,30,NO CONTROLS,NO CONTROLS,CLEAR,UNKNOWN,PEDALCYCLIST,NOT DIVIDED,,STRAIGHT AND LEVEL,UNKNOWN,UNKNOWN,,INJURY AND / OR TOW DUE TO CRASH,,,,$500 OR LESS,10/27/2021 09:45:00 PM,FAILING TO YIELD RIGHT-OF-WAY,UNABLE TO DETERMINE,1925,N,HALSTED ST,1813,,,,,,,2,NONINCAPACITATING INJURY,1,0,0,1,0,2,0,17,3,10,41.916755814,-87.648302777,POINT (-87.64830277741 41.916755813642)
a84cb891b30462363edcfd9735d2c5d40129f5b04a036750836272ebae786d4b3a6b2082ebc8db2b199c1506114a0984da2181255ed7abae86c60c24263ed7c3,JE373649,,09/14/2021 05:45:00 PM,30,NO CONTROLS,NO CONTROLS,CLEAR,DAYLIGHT,PEDALCYCLIST,DIVIDED - W/MEDIAN (NOT RAISED),,STRAIGHT AND LEVEL,DRY,NO DEFECTS,ON SCENE,INJURY AND / OR TOW DUE TO CRASH,,,Y,"OVER $1,500",09/14/2021 05:46:00 PM,UNABLE TO DETERMINE,NOT APPLICABLE,5136,S,ARCHER AVE,815,,,Y,,,,2,NONINCAPACITATING INJURY,1,0,0,1,0,1,0,17,3,9,41.800619332,-87.731142703,POINT (-87.731142702762 41.800619331505)
a4f0a1acf9d585c1544912e7b77c3c39b5befddba81fe989857f710805600925fe02ca77f210717206dfac6b6683dcb2e58b0b926fee74a5f8b4ee51ac598df1,JF258345,,05/27/2022 11:35:00 PM,20,STOP SIGN/FLASHER,NO CONTROLS,CLEAR,"DARKNESS, LIGHTED ROAD",PEDALCYCLIST,FOUR WAY,,STRAIGHT AND LEVEL,DRY,NO DEFECTS,ON SCENE,INJURY AND / OR TOW DUE TO CRASH,Y,,,"OVER $1,500",05/27/2022 11:38:00 PM,IMPROPER LANE USAGE,FAILING TO REDUCE SPEED TO AVOID CRASH,1400,N,MAPLEWOOD AVE,1423,,,,,,,2,NONINCAPACITATING INJURY,1,0,0,1,0,1,0,23,6,5,41.906719518,-87.690961303,POINT (-87.690961303389 41.906719518285)
a63ed299d394c7992ba2699c8bfdeb4a385687450732d0bf184ca1da5ac2bbfc1f280f1cb895042e508d83f8f0032f85611f2b038835b8a26935896588ea33d5,JE379675,,09/19/2021 02:05:00 PM,30,NO CONTROLS,NO CONTROLS,CLEAR,DAYLIGHT,PEDALCYCLIST,NOT DIVIDED,,STRAIGHT AND LEVEL,DRY,NO DEFECTS,ON SCENE,INJURY AND / OR TOW DUE TO CRASH,,,,$500 OR LESS,09/19/2021 02:05:00 PM,FAILING TO YIELD RIGHT-OF-WAY,UNABLE TO DETERMINE,2551,N,CLARK ST,1935,,,Y,,,,2,INCAPACITATING INJURY,1,0,1,0,0,4,0,14,1,9,41.929172844,-87.642444441,POINT (-87.642444440717 41.92917284389)
a6a3da2d309ee7871768287ea98c591abed13cb2ce3552659dc2a5f61ad6c8e37017ec87d324badae43059c1e6eb70bed5f8c56732eee7a10b6e49e67e3b5682,JE376022,,09/16/2021 04:14:00 PM,30,NO CONTROLS,NO CONTROLS,CLEAR,DAYLIGHT,PEDALCYCLIST,NOT DIVIDED,,STRAIGHT AND LEVEL,DRY,NO DEFECTS,ON SCENE,INJURY AND / OR TOW DUE TO CRASH,,,,$500 OR LESS,09/16/2021 04:15:00 PM,FAILING TO YIELD RIGHT-OF-WAY,NOT APPLICABLE,6301,S,PULASKI RD,823,,,,,,,2,INCAPACITATING INJURY,1,0,1,0,0,1,0,16,5,9,41.778639504,-87.722613087,POINT (-87.722613087091 41.778639504347)
a7fbdd83139931791394e6452119f28a8a606684b2bb7b03faa2e096b36d7f4a0d6610dc8e870eed085ef6d4540251575344c52fd7f7b578653bab37124a0de1,JE413639,,10/18/2021 10:23:00 AM,30,TRAFFIC SIGNAL,FUNCTIONING PROPERLY,CLEAR,DAYLIGHT,PEDALCYCLIST,NOT DIVIDED,,STRAIGHT AND LEVEL,DRY,NO DEFECTS,,INJURY AND / OR TOW DUE TO CRASH,Y,,,$500 OR LESS,10/18/2021 10:28:00 AM,DISREGARDING OTHER TRAFFIC SIGNS,NOT APPLICABLE,5998,W,LAKE ST,1512,,,,,,,2,NONINCAPACITATING INJURY,1,0,0,1,0,1,0,10,2,10,41.888126542,-87.774761932,POINT (-87.774761932417 41.888126542183)
a6b2622229d02ee254464ca3aafec09302ad13a2abf8a5604e7189f13c38272dc7f74503ea8ea53e803d1553f50364e6a9779f9ce2d08404ca77fdb9e37dcbd2,JF286446,,06/19/2022 11:22:00 PM,30,STOP SIGN/FLASHER,OTHER,CLEAR,DARKNESS,PEDALCYCLIST,T-INTERSECTION,,STRAIGHT AND LEVEL,DRY,NO DEFECTS,ON SCENE,INJURY AND / OR TOW DUE TO CRASH,Y,,Y,$500 OR LESS,06/19/2022 11:24:00 PM,UNABLE TO DETERMINE,UNABLE TO DETERMINE,5700,S,DR MARTIN LUTHER KING JR DR,232,,,,,,,2,NONINCAPACITATING INJURY,1,0,0,1,0,1,0,23,1,6,41.791079328,-87.61603439,POINT (-87.616034389864 41.791079327817)
a678291b44f5f3867609bce29013e3c6217275a74ce662d1760273594d61058297e342dfadb377ceac602cdb7a7157e62fd7937250cc56a3c5e1da5ab3418c97,JF206351,,04/13/2022 07:30:00 AM,30,STOP SIGN/FLASHER,FUNCTIONING PROPERLY,CLEAR,DAWN,PEDALCYCLIST,FOUR WAY,,STRAIGHT AND LEVEL,DRY,NO DEFECTS,,INJURY AND / OR TOW DUE TO CRASH,Y,,N,$500 OR LESS,04/13/2022 07:55:00 AM,FAILING TO YIELD RIGHT-OF-WAY,UNABLE TO DETERMINE,3100,S,SHIELDS AVE,915,,,,,,,2,NONINCAPACITATING INJURY,1,0,0,1,0,1,0,7,4,4,41.838095627,-87.635462821,POINT (-87.63546282093 41.838095626749)
a814ff73e1f5595f7c611b17f66de4ae7404406e1a81e636af49b92b081215812f6b10b1739dc60ba41b5b743ab847d0668a81eca8b0ea06730a75e14a9bfdde,JF122430,,01/24/2022 09:13:00 AM,30,NO CONTROLS,NO CONTROLS,SNOW,DAYLIGHT,PEDALCYCLIST,ONE-WAY,,STRAIGHT AND LEVEL,SNOW OR SLUSH,NO DEFECTS,ON SCENE,INJURY AND / OR TOW DUE TO CRASH,,,,"OVER $1,500",01/24/2022 09:24:00 AM,RELATED TO BUS STOP,FAILING TO YIELD RIGHT-OF-WAY,33,N,DEARBORN ST,112,,N,Y,,,,2,NONINCAPACITATING INJURY,1,0,0,1,0,1,0,9,2,1,41.882806227,-87.629281496,POINT (-87.629281495683 41.882806226618)
ab58697c5e05e1160c93d0584c7637b2673224f1bab880ae0e3f95aefbc9230e47f138647874a470a71bfff260747d591f210654dce204e37ea7c576defe73fd,JE470567,Y,12/07/2021 07:50:00 PM,30,UNKNOWN,UNKNOWN,CLEAR,"DARKNESS, LIGHTED ROAD",PEDALCYCLIST,ONE-WAY,,STRAIGHT AND LEVEL,DRY,UNKNOWN,NOT ON SCENE (DESK REPORT),INJURY AND / OR TOW DUE TO CRASH,,,Y,"$501 - $1,500",12/08/2021 05:50:00 PM,UNABLE TO DETERMINE,NOT APPLICABLE,109,N,DEARBORN ST,111,,,,,,,2,NONINCAPACITATING INJURY,1,0,0,1,0,1,0,19,3,12,41.883425804,-87.629279782,POINT (-87.629279781774 41.883425803872)
aa385619caebf09f2ee0e1d1f772714079cf65e6f40654374f0930dd2f1c05957fc0ac8dfea8c30667c76312fda318069d46ec817bb72eb47f4d8aec20760cf0,JE401386,Y,10/07/2021 12:14:00 PM,30,NO CONTROLS,NO CONTROLS,RAIN,DAYLIGHT,PEDALCYCLIST,DIVIDED - W/MEDIAN BARRIER,,STRAIGHT AND LEVEL,WET,NO DEFECTS,ON SCENE,INJURY AND / OR TOW DUE TO CRASH,,,Y,"$501 - $1,500",10/07/2021 12:16:00 PM,UNABLE TO DETERMINE,NOT APPLICABLE,2123,W,IRVING PARK RD,1921,,,N,,,,2,INCAPACITATING INJURY,1,0,1,0,0,2,0,12,5,10,41.9539952,-87.682244973,POINT (-87.682244973169 41.953995200359)
ab23d3fd985f2e13493aedc1a6ab1c33ae1bec23beb2a2ca60a757d7c536cba916b78451c32b9ff96d4b840dc731a664d552797af55c3205630a572486420292,JE377431,,09/17/2021 04:57:00 PM,35,TRAFFIC SIGNAL,FUNCTIONING PROPERLY,CLEAR,DAWN,PEDALCYCLIST,NOT DIVIDED,,STRAIGHT AND LEVEL,DRY,NO DEFECTS,ON SCENE,INJURY AND / OR TOW DUE TO CRASH,,,,$500 OR LESS,09/17/2021 04:59:00 PM,UNABLE TO DETERMINE,NOT APPLICABLE,4787,W,83RD ST,834,,,,,,,2,NONINCAPACITATING INJURY,1,0,0,1,0,1,0,16,6,9,41.741798497,-87.741028738,POINT (-87.741028738433 41.741798497139)
ab77a9db7905105d0a7eb244f3a447da6339bcf219477aafbeebd3380e090fd750ef922ae0dddc5b391b094dae58376075deeca4fd1d8e6ba0bf1190fb166636,JF272412,,06/08/2022 05:06:00 PM,30,NO CONTROLS,NO CONTROLS,CLEAR,DAYLIGHT,PEDALCYCLIST,NOT DIVIDED,,STRAIGHT AND LEVEL,WET,NO DEFECTS,ON SCENE,INJURY AND / OR TOW DUE TO CRASH,,,,"OVER $1,500",06/08/2022 05:08:00 PM,FAILING TO YIELD RIGHT-OF-WAY,NOT APPLICABLE,1251,N,MILWAUKEE AVE,1433,,,,,,,2,NONINCAPACITATING INJURY,1,0,0,1,0,1,0,17,4,6,41.904547763,-87.668109871,POINT (-87.668109871325 41.904547762926)