CRASH_RECORD_ID,RD_NO,CRASH_DATE_EST_I,CRASH_DATE,POSTED_SPEED_LIMIT,TRAFFIC_CONTROL_DEVICE,DEVICE_CONDITION,WEATHER_CONDITION,LIGHTING_CONDITION,FIRST_CRASH_TYPE,TRAFFICWAY_TYPE,LANE_CNT,ALIGNMENT,ROADWAY_SURFACE_COND,ROAD_DEFECT,REPORT_TYPE,CRASH_TYPE,INTERSECTION_RELATED_I,NOT_RIGHT_OF_WAY_I,HIT_AND_RUN_I,DAMAGE,DATE_POLICE_NOTIFIED,PRIM_CONTRIBUTORY_CAUSE,SEC_CONTRIBUTORY_CAUSE,STREET_NO,STREET_DIRECTION,STREET_NAME,BEAT_OF_OCCURRENCE,PHOTOS_TAKEN_I,STATEMENTS_TAKEN_I,DOORING_I,WORK_ZONE_I,WORK_ZONE_TYPE,WORKERS_PRESENT_I,NUM_UNITS,MOST_SEVERE_INJURY,INJURIES_TOTAL,INJURIES_FATAL,INJURIES_INCAPACITATING,INJURIES_NON_INCAPACITATING,INJURIES_REPORTED_NOT_EVIDENT,INJURIES_NO_INDICATION,INJURIES_UNKNOWN,CRASH_HOUR,CRASH_DAY_OF_WEEK,CRASH_MONTH,LATITUDE,LONGITUDE,LOCATION
aa4f5db1d1996def4e8d65b90493bd89506a2ea27f40319dbd6acb1516b9e1806110acd7577ca484151e0339b54c8d40407e57dc6f2ef8a9c7956c2cd3a0b5e0,JF185378,Y,03/24/2022 09:00:00 AM,30,UNKNOWN,UNKNOWN,FOG/SMOKE/HAZE,DAYLIGHT,PEDALCYCLIST,NOT DIVIDED,,STRAIGHT AND LEVEL,WET,UNKNOWN,NOT ON SCENE (DESK REPORT),INJURY AND / OR TOW DUE TO CRASH,,,,"$501 - $1,500",03/24/2022 05:32:00 PM,UNABLE TO DETERMINE,FAILING TO YIELD RIGHT-OF-WAY,29,N,FRANKLIN ST,122,,,,,,,2,NONINCAPACITATING INJURY,1,0,0,1,0,1,0,9,5,3,41.882701527,-87.635180937,POINT (-87.635180937084 41.882701527408)
aafa626b241379b7553820998607e75a7d61f2db86247c1259d558c3f3608c1029413171de40de5657fdf2354592e8a4350dd74b50aa091061077a01492b75b7,JF283493,,06/17/2022 12:30:00 PM,30,NO CONTROLS,NO CONTROLS,CLEAR,DAYLIGHT,PEDALCYCLIST,ONE-WAY,,STRAIGHT AND LEVEL,DRY,UNKNOWN,ON SCENE,INJURY AND / OR TOW DUE TO CRASH,,,,"OVER $1,500",06/17/2022 03:04:00 PM,NOT APPLICABLE,NOT APPLICABLE,5616,N,BERNARD ST,1711,,,,,,,2,NONINCAPACITATING INJURY,2,0,0,1,1,0,0,12,6,6,41.983528872,-87.715141804,POINT (-87.715141803542 41.983528871888)
ab5412f5010b9a45c42fafbf95dbcd43eef4e1074aa1c01eded7b29bfc1361f5ebc89056a44868418c9df35516693099e3e76e670f81fc53b1f7e09233c7a342,JE443144,,11/12/2021 07:27:00 PM,30,NO CONTROLS,NO CONTROLS,CLEAR,"DARKNESS, LIGHTED ROAD",PEDALCYCLIST,NOT DIVIDED,,STRAIGHT AND LEVEL,WET,UNKNOWN,ON SCENE,NO INJURY / DRIVE AWAY,N,,,"$501 - $1,500",11/12/2021 07:27:00 PM,FAILING TO YIELD RIGHT-OF-WAY,NOT APPLICABLE,2432,W,DIVERSEY AVE,1411,,,,,,,2,NO INDICATION OF INJURY,0,0,0,0,0,2,0,19,6,11,41.932266217,-87.689266915,POINT (-87.689266915488 41.932266216906)
aaf53e0f8b5b0dd4ab926ead1cc46f1e46856ac592b9a50f7b7b8f1ca359fec1586f1f16ea16258720893c23a95163fa4baed8dabeeb633a6cf259f7f2a83def,JF290119,,06/21/2022 04:00:00 PM,40,NO CONTROLS,NO CONTROLS,CLEAR,DAYLIGHT,PEDALCYCLIST,DIVIDED - W/MEDIAN (NOT RAISED),,STRAIGHT AND LEVEL,DRY,NO DEFECTS,ON SCENE,NO INJURY / DRIVE AWAY,,,,$500 OR LESS,06/22/2022 04:34:00 PM,UNABLE TO DETERMINE,NOT APPLICABLE,326,E,69TH ST,322,,,,,,,2,NO INDICATION OF INJURY,0,0,0,0,0,2,0,16,3,6,41.769411225,-87.617396262,POINT (-87.617396262319 41.769411224729)
a9ee73a92b86112286c1060400ee3521276a9e524387137378d1c3e68b38c6981b2af13949455da4be0da902aaea56b41f4cdab12dce3059a8fa9dee519f592b,JF285925,,06/05/2022 05:45:00 PM,30,NO CONTROLS,NO CONTROLS,CLEAR,DAYLIGHT,PEDALCYCLIST,NOT DIVIDED,,STRAIGHT AND LEVEL,DRY,NO DEFECTS,NOT ON SCENE (DESK REPORT),INJURY AND / OR TOW DUE TO CRASH,,,,"$501 - $1,500",06/19/2022 02:15:00 PM,UNABLE TO DETERMINE,NOT APPLICABLE,801,N,OGDEN AVE,1213,,,,,,,2,"REPORTED, NOT EVIDENT",1,0,0,0,1,1,0,17,1,6,41.896272577,-87.654441324,POINT (-87.654441323841 41.896272576583)
ab8d6e06e0198acf5bacf3271197d84e2137e137a197c850f1834c9fe1684997767708b3a57607b10fcf16f2b5aad0097bf53833d42ab89ae05a5101b5623dde,JF262991,,05/31/2022 09:10:00 PM,30,NO CONTROLS,NO CONTROLS,CLEAR,"DARKNESS, LIGHTED ROAD",PEDALCYCLIST,NOT DIVIDED,,STRAIGHT AND LEVEL,DRY,NO DEFECTS,ON SCENE,INJURY AND / OR TOW DUE TO CRASH,,,,"OVER $1,500",05/31/2022 09:12:00 PM,UNABLE TO DETERMINE,NOT APPLICABLE,2025,N,CLYBOURN AVE,1811,,,,,,,2,NONINCAPACITATING INJURY,1,0,0,1,0,1,0,21,3,5,41.918245157,-87.659517678,POINT (-87.659517678083 41.918245156751)
aa665b381b569f621b03f771eadee09f6c90c269dfbc369987e005b5fc8372f51394bda3b159eccdd2a7c7d273f1129ccbff9b85987c19a02f0941645716c69b,JF248496,,05/19/2022 06:45:00 PM,25,TRAFFIC SIGNAL,FUNCTIONING PROPERLY,CLEAR,DAYLIGHT,PEDALCYCLIST,FOUR WAY,,STRAIGHT AND LEVEL,DRY,NO DEFECTS,ON SCENE,INJURY AND / OR TOW DUE TO CRASH,Y,,,"$501 - $1,500",05/19/2022 06:45:00 PM,UNABLE TO DETERMINE,UNABLE TO DETERMINE,2400,N,CANNON DR,1935,,,,,,,2,NONINCAPACITATING INJURY,1,0,0,1,0,2,0,18,5,5,41.925806932,-87.633819649,POINT (-87.633819649202 41.925806931737)
aa1c60709f267eada02d24a0178cd1b0b4133a5dbffc5a841e5efea6960e285e1b32651396182d67da9c1fe6ce90da60ff6f2af1233d56bb7191ae740858f6e9,JE400840,,09/30/2021 09:45:00 AM,0,NO CONTROLS,NO CONTROLS,CLEAR,DAYLIGHT,PEDALCYCLIST,OTHER,,STRAIGHT ON GRADE,DRY,UNKNOWN,NOT ON SCENE (DESK REPORT),INJURY AND / OR TOW DUE TO CRASH,,,Y,"$501 - $1,500",10/07/2021 12:01:00 AM,FAILING TO YIELD RIGHT-OF-WAY,DRIVING SKILLS/KNOWLEDGE/EXPERIENCE,5308,W,GRAND AVE,2515,,,,,,,2,NONINCAPACITATING INJURY,1,0,0,1,0,1,0,9,5,9,41.917593752,-87.758877455,POINT (-87.758877455337 41.917593752451)
ae743f0f6f21ec56daed8bb2ae0aaf17145cfb1c88b426df1f1178567d388282fbeb2fd236d14aae40f0aba44c7f07d702bd2ead168bb9a1ac8ac482248658d4,JE431321,,11/02/2021 12:04:00 PM,30,NO CONTROLS,NO CONTROLS,CLEAR,DAYLIGHT,PEDALCYCLIST,NOT DIVIDED,,STRAIGHT AND LEVEL,DRY,NO DEFECTS,ON SCENE,INJURY AND / OR TOW DUE TO CRASH,,,,$500 OR LESS,11/02/2021 12:05:00 PM,UNABLE TO DETERMINE,UNABLE TO DETERMINE,429,W,SUPERIOR ST,1831,,,Y,,,,2,NONINCAPACITATING INJURY,1,0,0,1,0,0,0,12,3,11,41.89541144,-87.639786967,POINT (-87.639786967195 41.895411439915)
aee81b5f5cd9813d80ec0036d2fe2d5ad179f9e371105c084e2639c8c97c762bffc9960cca2e373246ff2ac0248bab74fe0fca99fed56acca12ba834b528f9c8,JE400672,,10/06/2021 07:51:00 PM,25,STOP SIGN/FLASHER,FUNCTIONING PROPERLY,CLEAR,"DARKNESS, LIGHTED ROAD",PEDALCYCLIST,NOT DIVIDED,,STRAIGHT ON HILLCREST,DRY,NO DEFECTS,ON SCENE,INJURY AND / OR TOW DUE TO CRASH,,,,"OVER $1,500",10/06/2021 07:51:00 PM,FOLLOWING TOO CLOSELY,FOLLOWING TOO CLOSELY,150,N,HARBOR DR,114,,,Y,,,,2,INCAPACITATING INJURY,1,0,1,0,0,1,0,19,4,10,41.884657301,-87.615885289,POINT (-87.615885289417 41.884657300987)
ae1c14903e4a6b256e5a30bcd1a2b5ed27b24de06cbcfe9bd90a4eff3683152bcb6ef4ff95a9067cce890c031a1073a5e3b8fb8c3b19cf7b1aba37e6c801a98e,JE455328,,11/24/2021 01:53:00 AM,30,STOP SIGN/FLASHER,FUNCTIONING PROPERLY,CLEAR,"DARKNESS, LIGHTED ROAD",PEDALCYCLIST,NOT DIVIDED,,STRAIGHT AND LEVEL,DRY,NO DEFECTS,NOT ON SCENE (DESK REPORT),INJURY AND / OR TOW DUE TO CRASH,,,Y,$500 OR LESS,11/24/2021 01:53:00 AM,"OPERATING VEHICLE IN ERRATIC, RECKLESS, CARELESS, NEGLIGENT OR AGGRESSIVE MANNER","OPERATING VEHICLE IN ERRATIC, RECKLESS, CARELESS, NEGLIGENT OR AGGRESSIVE MANNER",3708,W,CHICAGO AVE,1112,,,N,,,,2,INCAPACITATING INJURY,1,0,1,0,0,1,0,1,4,11,41.895542589,-87.719182752,POINT (-87.719182751953 41.895542589465)
ac8bd5dc16fe3c5dcaff79d09a633ba2dab0eb50fe31566f84fabb5a3f3b70bec90a1f05c65310c2a8284f875d9b506ebe9cec380fb40aa3bce6d35825a4ec22,JF158785,,02/28/2022 03:14:00 PM,30,STOP SIGN/FLASHER,FUNCTIONING PROPERLY,CLEAR,DAYLIGHT,PEDALCYCLIST,DIVIDED - W/MEDIAN (NOT RAISED),,STRAIGHT AND LEVEL,DRY,NO DEFECTS,ON SCENE,INJURY AND / OR TOW DUE TO CRASH,Y,,,$500 OR LESS,02/28/2022 04:24:00 PM,UNABLE TO DETERMINE,FAILING TO YIELD RIGHT-OF-WAY,1759,N,KIMBALL AVE,1422,,,,,,,2,NONINCAPACITATING INJURY,1,0,0,1,0,1,0,15,2,2,41.913525457,-87.711648658,POINT (-87.71164865787 41.913525456866)
acedbb6d9dd91a2c2281e511152f53a6045da58060ddb17500b4ec6acf0461601e8a0d6954de206d8da518ef098e6405972694ca139393115c08d58b008877b7,JF258733,,05/28/2022 11:50:00 AM,30,NO CONTROLS,NO CONTROLS,CLEAR,DAYLIGHT,PEDALCYCLIST,NOT DIVIDED,,STRAIGHT AND LEVEL,DRY,NO DEFECTS,ON SCENE,INJURY AND / OR TOW DUE TO CRASH,,,,$500 OR LESS,05/28/2022 11:52:00 AM,FAILING TO YIELD RIGHT-OF-WAY,UNABLE TO DETERMINE,3244,N,RACINE AVE,1924,,,Y,,,,2,INCAPACITATING INJURY,1,0,1,0,0,1,0,11,7,5,41.941162599,-87.659152932,POINT (-87.659152931721 41.941162598845)
ad9f2faa0a76b35e44ccd3ad91e83fcaab6fdfb123967dbf6d7562c3f6c6f59a501cf1cee31b1bdf5b01d769f676bcaa631d828d603660b58c2e8b3c4ede7cdc,JF136798,,02/07/2022 03:48:00 PM,30,NO CONTROLS,NO CONTROLS,CLEAR,DAYLIGHT,PEDALCYCLIST,ONE-WAY,,STRAIGHT AND LEVEL,SNOW OR SLUSH,NO DEFECTS,ON SCENE,INJURY AND / OR TOW DUE TO CRASH,,,,$500 OR LESS,02/07/2022 04:05:00 PM,IMPROPER LANE USAGE,DISREGARDING ROAD MARKINGS,500,W,MADISON ST,121,,,Y,N,,,3,NONINCAPACITATING INJURY,1,0,0,1,0,2,0,15,2,2,41.881994338,-87.639758685,POINT (-87.639758684881 41.881994338205)
ad522107e2db2dccc0f20e37ec9c3d79a95b401b96bf75e07f2ef07851e5a48b462e89bc81c48d115ee177f325f126c30cc8cdc49f3b9becb51c25ddb48b5d4f,JF317955,,07/14/2022 10:51:00 PM,30,TRAFFIC SIGNAL,FUNCTIONING PROPERLY,CLEAR,"DARKNESS, LIGHTED ROAD",PEDALCYCLIST,FOUR WAY,,STRAIGHT AND LEVEL,DRY,UNKNOWN,ON SCENE,NO INJURY / DRIVE AWAY,Y,,Y,$500 OR LESS,07/14/2022 10:55:00 PM,FAILING TO YIELD RIGHT-OF-WAY,DISREGARDING OTHER TRAFFIC SIGNS,99,S,LAKE SHORE DR SB,114,,,,,,,2,NO INDICATION OF INJURY,0,0,0,0,0,2,0,22,5,7,41.880982208,-87.617104651,POINT (-87.617104651185 41.88098220772)
aeae6291505dbac1a9ffde241d7cedb174268286719e7af6ebc99d4c944ae993e3252710207f315d9d72299059811986fa2f40b8b73fdbfc1e4af4fa4330d2b6,JE428868,,10/31/2021 10:45:00 AM,20,STOP SIGN/FLASHER,FUNCTIONING PROPERLY,CLEAR,DAYLIGHT,PEDALCYCLIST,DIVIDED - W/MEDIAN (NOT RAISED),,STRAIGHT AND LEVEL,DRY,NO DEFECTS,ON SCENE,NO INJURY / DRIVE AWAY,,,,$500 OR LESS,10/31/2021 10:55:00 AM,DISREGARDING STOP SIGN,FAILING TO YIELD RIGHT-OF-WAY,501,E,WALDRON DR,132,,Y,,,,,2,NO INDICATION OF INJURY,0,0,0,0,0,2,0,10,1,10,41.860255541,-87.613887559,POINT (-87.613887558861 41.860255541007)
ababc75f02f549dea26ad9490b05fa98d4d427c7b614bc41d344baccc37962df95e631ee1892e729efb86f71d1b34b79eae22ef594a2d6d0f565d1053279d78b,JF244896,,05/16/2022 07:10:00 PM,35,TRAFFIC SIGNAL,FUNCTIONING PROPERLY,CLEAR,DAYLIGHT,PEDALCYCLIST,FOUR WAY,,STRAIGHT AND LEVEL,DRY,NO DEFECTS,ON SCENE,INJURY AND / OR TOW DUE TO CRASH,Y,,,$500 OR LESS,05/16/2022 07:10:00 PM,IMPROPER TURNING/NO SIGNAL,FAILING TO YIELD RIGHT-OF-WAY,1157,S,KEDZIE AVE,1134,,,,,,,2,NONINCAPACITATING INJURY,1,0,0,1,0,2,0,19,2,5,41.866454369,-87.70552366,POINT (-87.705523660486 41.866454369471)
ae7ca966707d7354ea4a2a5b84e834985ce9144a36761eb0f15a495e5b88c1af93058b84932445c23822b0c2763119383c411933843e81c20eb876df31cd37df,JF230424,,05/04/2022 07:00:00 PM,25,NO CONTROLS,NO CONTROLS,CLEAR,DUSK,PEDALCYCLIST,NOT DIVIDED,,STRAIGHT AND LEVEL,DRY,NO DEFECTS,,INJURY AND / OR TOW DUE TO CRASH,,,Y,$500 OR LESS,05/04/2022 07:08:00 PM,UNABLE TO DETERMINE,UNABLE TO DETERMINE,3411,N,SHEFFIELD AVE,1924,,,,,,,2,NONINCAPACITATING INJURY,1,0,0,1,0,3,0,19,4,5,41.944194004,-87.654088885,POINT (-87.654088885215 41.944194003866)
ac1de588a5a3f01f0a74bb9fb4d87dfe477ab79627c89c26fc30c0db1f3aa18f5d595b1857915bc8165a6c627cff7b3c6ee7fe4b46cc9426d1b3a08bd458f3c2,JF111659,,01/13/2022 10:35:00 AM,30,NO CONTROLS,NO CONTROLS,CLEAR,DAYLIGHT,PEDALCYCLIST,NOT DIVIDED,,STRAIGHT AND LEVEL,DRY,NO DEFECTS,NOT ON SCENE (DESK REPORT),NO INJURY / DRIVE AWAY,,,,"OVER $1,500",01/13/2022 03:05:00 PM,UNABLE TO DETERMINE,UNABLE TO DETERMINE,625,N,WABASH AVE,1834,,,,,,,2,NO INDICATION OF INJURY,0,0,0,0,0,2,0,10,5,1,41.893255983,-87.626612464,POINT (-87.62661246369 41.893255982975)
aba3d0dd86c1f21db6cad1e86231dacbaaf1f6ae0e45021773e99f412ce64e0e499bb3b26daf512f8e53260ca09dc57e9f674de91c6f543a4b7389b76686ebb7,JE452158,,11/21/2021 02:01:00 AM,30,TRAFFIC SIGNAL,FUNCTIONING PROPERLY,CLEAR,"DARKNESS, LIGHTED ROAD",PEDALCYCLIST,DIVIDED - W/MEDIAN BARRIER,,STRAIGHT AND LEVEL,DRY,NO DEFECTS,ON SCENE,INJURY AND / OR TOW DUE TO CRASH,Y,,Y,$500 OR LESS,11/21/2021 02:18:00 AM,FAILING TO YIELD RIGHT-OF-WAY,DISREGARDING TRAFFIC SIGNALS,500,S,CLARK ST,123,,,,,,,2,NONINCAPACITATING INJURY,1,0,0,1,0,1,0,2,1,11,41.875552544,-87.630854222,POINT (-87.630854221965 41.875552544291)
af056f3166de7970b3f2bcdd59224e122a431da028ea3bab87f54ef2b4ab2a63964f327728352b7449cc874674bb71b2267623bae4e8030d8a3a79c6b4584b52,JF138211,,11/09/2021 04:50:00 PM,30,STOP SIGN/FLASHER,FUNCTIONING PROPERLY,CLEAR,DAYLIGHT,PEDALCYCLIST,ONE-WAY,,STRAIGHT AND LEVEL,DRY,NO DEFECTS,NOT ON SCENE (DESK REPORT),NO INJURY / DRIVE AWAY,Y,,,$500 OR LESS,02/08/2022 06:40:00 PM,FAILING TO YIELD RIGHT-OF-WAY,NOT APPLICABLE,658,N,ST CLAIR ST,1834,,,,,,,2,NO INDICATION OF INJURY,0,0,0,0,0,2,0,16,3,11,41.894195681,-87.62288123,POINT (-87.622881230092 41.894195680678)
aecd25b25b3a57bc7bc360e40d2c091b63d9007b598c61b9a6a9341f0542bb798169e0b7a098ef35082e089dd74009c2cff619c02fe726cc21f61b2f80ad66ba,JF297675,,06/28/2022 05:40:00 PM,30,NO CONTROLS,NO CONTROLS,CLEAR,DAYLIGHT,PEDALCYCLIST,NOT DIVIDED,,STRAIGHT AND LEVEL,DRY,NO DEFECTS,ON SCENE,INJURY AND / OR TOW DUE TO CRASH,Y,,,"OVER $1,500",06/28/2022 05:50:00 PM,FAILING TO YIELD RIGHT-OF-WAY,NOT APPLICABLE,6129,W,DIVERSEY AVE,2512,,,,,,,2,NONINCAPACITATING INJURY,1,0,0,1,0,1,0,17,3,6,41.930977679,-87.779548438,POINT (-87.779548438057 41.93097767915)
af6305d526765f98c4e8228b8f0bb6ecc3f7cf3d23dfc795953a332adfdd7d0a743748a7c116031ccde400d444559f68bccb679ab7ddb1c12f9dbe8dc1888862,JE421077,,10/23/2021 07:20:00 PM,30,TRAFFIC SIGNAL,FUNCTIONING PROPERLY,CLEAR,"DARKNESS, LIGHTED ROAD",PEDALCYCLIST,ONE-WAY,,STRAIGHT AND LEVEL,DRY,NO DEFECTS,NOT ON SCENE (DESK REPORT),NO INJURY / DRIVE AWAY,,,,"OVER $1,500",10/24/2021 06:00:00 PM,UNABLE TO DETERMINE,NOT APPLICABLE,2401,N,SACRAMENTO AVE,1414,,,Y,,,,2,NO INDICATION OF INJURY,0,0,0,0,0,3,0,19,7,10,41.924812694,-87.702172714,POINT (-87.702172714499 41.924812693564)
b09cc709edd8bb58532e3c18f206380f0ddf0b496cafce0251a318ff72760aafc95b04abe3ad3683abe5d3e16926b20eb8ea2637bf41361ea3d54ed324eb5779,JE363703,,09/06/2021 03:41:00 PM,30,NO CONTROLS,NO CONTROLS,CLEAR,DAYLIGHT,PEDALCYCLIST,ONE-WAY,,STRAIGHT AND LEVEL,DRY,NO DEFECTS,ON SCENE,NO INJURY / DRIVE AWAY,,,,$500 OR LESS,09/06/2021 03:50:00 PM,NOT APPLICABLE,NOT APPLICABLE,119,N,LOTUS AVE,1523,,,,,,,2,NO INDICATION OF INJURY,0,0,0,0,0,1,0,15,2,9,41.882893932,-87.761483784,POINT (-87.761483783505 41.8828939321)
b0b71367dfa6932ab651226f6114b8e67fcce62d98cd88a51281ef9b36953f31d0b7fa08e08d9217965f9bbdd967eff1eee0243d685622d72238a9efcdaff56b,JF284635,,06/18/2022 12:20:00 PM,30,NO CONTROLS,NO CONTROLS,CLEAR,DAYLIGHT,PEDALCYCLIST,NOT DIVIDED,,STRAIGHT AND LEVEL,DRY,NO DEFECTS,ON SCENE,INJURY AND / OR TOW DUE TO CRASH,,,Y,$500 OR LESS,06/18/2022 12:24:00 PM,UNABLE TO DETERMINE,NOT APPLICABLE,2141,S,PULASKI RD,1014,,,,,,,2,NONINCAPACITATING INJURY,1,0,0,1,0,1,0,12,7,6,41.852068056,-87.724626443,POINT (-87.724626442614 41.852068055904)
afb933bf4510d8c3522f40e4a30172820a6bdecf0a09f0423bbb05f3fcb2f00df26dc63804ad1dc08003ced27bd2a00b3c6d539bd68f243c602a2dc5b550db87,JE425717,,10/28/2021 04:15:00 PM,30,NO CONTROLS,NO CONTROLS,RAIN,"DARKNESS, LIGHTED ROAD",PEDALCYCLIST,DRIVEWAY,,STRAIGHT AND LEVEL,WET,UNKNOWN,ON SCENE,INJURY AND / OR TOW DUE TO CRASH,,,,"OVER $1,500",10/28/2021 04:30:00 PM,FAILING TO YIELD RIGHT-OF-WAY,NOT APPLICABLE,3435,N,CICERO AVE,1731,,,,,,,2,NONINCAPACITATING INJURY,1,0,0,1,0,3,0,16,5,10,41.943538484,-87.746845143,POINT (-87.746845143148 41.943538484443)
b0c188eb3662ba88f440e46e79549a0434b30bb69e17ba8cc63bb4554aaa7138a25ddb4646fdcec6f9dbc6af4b1909b6de94a7155da2bec7a9206157c0d2288a,JF260424,,05/29/2022 08:05:00 PM,30,STOP SIGN/FLASHER,FUNCTIONING PROPERLY,CLEAR,DUSK,PEDALCYCLIST,NOT DIVIDED,,STRAIGHT AND LEVEL,DRY,NO DEFECTS,ON SCENE,NO INJURY / DRIVE AWAY,Y,,,$500 OR LESS,05/29/2022 08:58:00 PM,DISREGARDING STOP SIGN,DISREGARDING STOP SIGN,200,S,LAFLIN ST,1231,,,,,,,2,NO INDICATION OF INJURY,0,0,0,0,0,2,0,20,1,5,41.878872401,-87.664496405,POINT (-87.664496404541 41.878872400708)
b138efd8094fa7d5d68550e33e79c7413ca69f14ee23f34d4a84d0acd87df60a83372383d636f3040ff6f37c45e636cde17e63e827df95edd7d3462c58eb98ef,JE359198,,09/02/2021 02:55:00 PM,25,NO CONTROLS,NO CONTROLS,CLEAR,DAYLIGHT,PEDALCYCLIST,ONE-WAY,,STRAIGHT AND LEVEL,DRY,NO DEFECTS,NOT ON SCENE (DESK REPORT),NO INJURY / DRIVE AWAY,,,Y,"$501 - $1,500",09/02/2021 03:30:00 PM,UNABLE TO DETERMINE,NOT APPLICABLE,8100,S,DREXEL AVE,631,,,,,,,2,NO INDICATION OF INJURY,0,0,0,0,0,3,0,14,5,9,41.747559118,-87.602796335,POINT (-87.602796334936 41.747559117853)
b131501aff003451d431adc5a246ac479b0bc465aaa991f85096b0e08747f2cf75b2df50885842c49a4d640b7540af1da7d65fc66dacf1e2c54531872d623889,JF172590,,03/13/2022 01:41:00 PM,30,NO CONTROLS,FUNCTIONING PROPERLY,CLEAR,DAYLIGHT,PEDALCYCLIST,NOT DIVIDED,,STRAIGHT AND LEVEL,DRY,NO DEFECTS,ON SCENE,NO INJURY / DRIVE AWAY,,,Y,"OVER $1,500",03/13/2022 02:04:00 PM,"EVASIVE ACTION DUE TO ANIMAL, OBJECT, NONMOTORIST",NOT APPLICABLE,1025,W,ARMITAGE AVE,1811,,N,Y,,,,2,NO INDICATION OF INJURY,0,0,0,0,0,1,0,13,1,3,41.917981293,-87.654340852,POINT (-87.654340851729 41.917981293152)
b003e09a3fcd1fba6eed1ef70a4b251aeb7836346cd40a60844c2f7c6d5289cf1c3483d9dc3d93ec163bcaf54dbfe287a060fcb3fc6b44dc60e48ffb0ba68a43,JF282507,,06/16/2022 07:55:00 PM,30,NO CONTROLS,NO CONTROLS,CLEAR,DAYLIGHT,PEDALCYCLIST,NOT DIVIDED,,STRAIGHT AND LEVEL,DRY,NO DEFECTS,ON SCENE,INJURY AND / OR TOW DUE TO CRASH,,,Y,"OVER $1,500",06/16/2022 07:56:00 PM,UNABLE TO DETERMINE,NOT APPLICABLE,3948,S,WESTERN AVE,921,,,,,,,2,NONINCAPACITATING INJURY,1,0,0,1,0,1,0,19,5,6,41.821588521,-87.684927234,POINT (-87.684927233872 41.821588520924)
b0fb4aa100c5bda5372c36dc0dce0bade39d81f718cad15b6211993f1ee07a05897d3165ac384185b69c5d819989b0aef49aab8e035087b24a7c17ade9dde6f6,JF290362,,06/22/2022 08:24:00 PM,30,STOP SIGN/FLASHER,FUNCTIONING PROPERLY,CLEAR,DUSK,PEDALCYCLIST,T-INTERSECTION,,STRAIGHT AND LEVEL,DRY,NO DEFECTS,ON SCENE,INJURY AND / OR TOW DUE TO CRASH,,,Y,"OVER $1,500",06/22/2022 08:28:00 PM,UNABLE TO DETERMINE,NOT APPLICABLE,5200,S,LAKE PARK AVE,234,,,,,,,2,INCAPACITATING INJURY,1,0,1,0,0,1,0,20,4,6,41.800941976,-87.587636792,POINT (-87.587636792157 41.800941975966)
b03c899142d100bde716a0347d6edbbf6e4a866c8ee313fc98ef0eab2b10edb38b0a7ef8029338b06239493c52e8eebf42f6e60b24558f0f9107858ad79eadb0,JF151870,,02/21/2022 06:38:00 PM,30,STOP SIGN/FLASHER,FUNCTIONING PROPERLY,CLEAR,"DARKNESS, LIGHTED ROAD",PEDALCYCLIST,NOT DIVIDED,,STRAIGHT AND LEVEL,DRY,NO DEFECTS,NOT ON SCENE (DESK REPORT),INJURY AND / OR TOW DUE TO CRASH,Y,,Y,"$501 - $1,500",02/21/2022 08:00:00 PM,FAILING TO YIELD RIGHT-OF-WAY,FAILING TO YIELD RIGHT-OF-WAY,3800,S,WASHTENAW AVE,911,,,,,,,2,NONINCAPACITATING INJURY,1,0,0,1,0,1,0,18,2,2,41.824613091,-87.692355053,POINT (-87.69235505336 41.82461309074)
afe8fcd0ef8f0edc9db416fd903c12e55ea4942afbc545198d912f762382f8e42148d14b0cb1dfc3391249399ecc059fa376b00e70b879820de9b460d968ee7a,JF269093,,06/05/2022 10:15:00 PM,30,NO CONTROLS,NO CONTROLS,CLEAR,"DARKNESS, LIGHTED ROAD",PEDALCYCLIST,NOT DIVIDED,,STRAIGHT AND LEVEL,DRY,NO DEFECTS,ON SCENE,INJURY AND / OR TOW DUE TO CRASH,,,Y,$500 OR LESS,06/05/2022 10:20:00 PM,NOT APPLICABLE,NOT APPLICABLE,7900,S,YALE AVE,623,,N,,,,,2,NONINCAPACITATING INJURY,1,0,0,1,0,1,0,22,1,6,41.750752548,-87.630808312,POINT (-87.630808312168 41.750752548132)
af832f1ac5d658f789ec5aafbeaa9f8e85f77397f8e8b6825714186adb3e0e3963db636534e4cd83164dc8c4c5862bd79d7c6b18bac40961e1011aeb2b7d2e8f,JF186444,,03/25/2022 03:20:00 PM,30,NO CONTROLS,NO CONTROLS,CLEAR,DAYLIGHT,PEDALCYCLIST,ONE-WAY,,STRAIGHT AND LEVEL,DRY,NO DEFECTS,NOT ON SCENE (DESK REPORT),INJURY AND / OR TOW DUE TO CRASH,,,,"$501 - $1,500",03/25/2022 04:45:00 PM,FAILING TO YIELD RIGHT-OF-WAY,NOT APPLICABLE,6638,N,GLENWOOD AVE,2432,,,Y,,,,2,NONINCAPACITATING INJURY,1,0,0,1,0,1,0,15,6,3,42.002943708,-87.665808007,POINT (-87.665808007454 42.002943707781)