CRASH_RECORD_ID,RD_NO,CRASH_DATE_EST_I,CRASH_DATE,POSTED_SPEED_LIMIT,TRAFFIC_CONTROL_DEVICE,DEVICE_CONDITION,WEATHER_CONDITION,LIGHTING_CONDITION,FIRST_CRASH_TYPE,TRAFFICWAY_TYPE,LANE_CNT,ALIGNMENT,ROADWAY_SURFACE_COND,ROAD_DEFECT,REPORT_TYPE,CRASH_TYPE,INTERSECTION_RELATED_I,NOT_RIGHT_OF_WAY_I,HIT_AND_RUN_I,DAMAGE,DATE_POLICE_NOTIFIED,PRIM_CONTRIBUTORY_CAUSE,SEC_CONTRIBUTORY_CAUSE,STREET_NO,STREET_DIRECTION,STREET_NAME,BEAT_OF_OCCURRENCE,PHOTOS_TAKEN_I,STATEMENTS_TAKEN_I,DOORING_I,WORK_ZONE_I,WORK_ZONE_TYPE,WORKERS_PRESENT_I,NUM_UNITS,MOST_SEVERE_INJURY,INJURIES_TOTAL,INJURIES_FATAL,INJURIES_INCAPACITATING,INJURIES_NON_INCAPACITATING,INJURIES_REPORTED_NOT_EVIDENT,INJURIES_NO_INDICATION,INJURIES_UNKNOWN,CRASH_HOUR,CRASH_DAY_OF_WEEK,CRASH_MONTH,LATITUDE,LONGITUDE,LOCATION
b20bfae3ed7c3771c11d681e7b2ccc889a5f10eb3c7620b3c45d0425ba85174c32c4f573f0d1dc86d430f0e87e4f46718dbf9d7fc14b987c12d4c5e400695870,JF201970,,04/08/2022 08:20:00 PM,35,TRAFFIC SIGNAL,UNKNOWN,RAIN,"DARKNESS, LIGHTED ROAD",PEDALCYCLIST,FOUR WAY,,STRAIGHT AND LEVEL,WET,UNKNOWN,ON SCENE,NO INJURY / DRIVE AWAY,,,Y,$500 OR LESS,04/08/2022 08:26:00 PM,UNABLE TO DETERMINE,UNABLE TO DETERMINE,2898,N,LINCOLN AVE,1932,,,,,,,2,NO INDICATION OF INJURY,0,0,0,0,0,2,0,20,6,4,41.934168817,-87.661175422,POINT (-87.661175422464 41.934168817096)
b10328920396e7f7da2f1afe95788c63203cc717235f28c4f12f88c3aaeca748845496e409f4abd0a5a5509622363fef7ead0f47149aa3eccd7bf177db10eebd,JF306343,,07/05/2022 11:40:00 AM,30,NO CONTROLS,NO CONTROLS,CLEAR,DAYLIGHT,PEDALCYCLIST,NOT DIVIDED,,STRAIGHT AND LEVEL,DRY,NO DEFECTS,NOT ON SCENE (DESK REPORT),NO INJURY / DRIVE AWAY,,,,$500 OR LESS,07/05/2022 03:15:00 PM,UNABLE TO DETERMINE,UNABLE TO DETERMINE,44,E,GRAND AVE,1834,,,Y,,,,2,NO INDICATION OF INJURY,0,0,0,0,0,1,0,11,3,7,41.891800155,-87.626331866,POINT (-87.626331866183 41.891800155408)
b1009168cfcf34ce44318edb3f464edbca5b202255e95442d8959f04238ba8fedb598c478d3d230a0a4b5ff87cbb360b41d56d6e071fc49d55101c0505cf8c7d,JE465931,,12/04/2021 01:14:00 PM,30,TRAFFIC SIGNAL,FUNCTIONING PROPERLY,CLEAR,DAYLIGHT,PEDALCYCLIST,FOUR WAY,,STRAIGHT AND LEVEL,DRY,NO DEFECTS,ON SCENE,INJURY AND / OR TOW DUE TO CRASH,Y,,,"$501 - $1,500",12/04/2021 01:15:00 PM,UNABLE TO DETERMINE,NOT APPLICABLE,1000,N,HUMBOLDT DR,1211,,,,,,,2,NONINCAPACITATING INJURY,1,0,0,1,0,1,0,13,7,12,41.899277006,-87.70261578,POINT (-87.702615780015 41.89927700567)
b1b311ff2f48a3b846822c8760492a6dd9afeaf8531a3fc413d07da869fafe613fa79ecc4e812a044efa31bd25941d6181075f3bf50d735a0ebc0e1a2bd01264,JE411911,,10/14/2021 06:05:00 AM,30,NO CONTROLS,NO CONTROLS,RAIN,DAWN,PEDALCYCLIST,NOT DIVIDED,,STRAIGHT AND LEVEL,WET,UNKNOWN,,INJURY AND / OR TOW DUE TO CRASH,,,,"OVER $1,500",10/16/2021 04:30:00 PM,FAILING TO YIELD RIGHT-OF-WAY,UNABLE TO DETERMINE,3426,W,BRYN MAWR AVE,1711,,,,,,,2,NONINCAPACITATING INJURY,1,0,0,1,0,1,0,6,5,10,41.983101118,-87.714822393,POINT (-87.71482239304 41.983101117927)
b021874097f76586d32bb80bc3bfab08c80629445c84582bbe455a7673636bd17aef2ddc2e7d021e5165a5a5f2c442147dff1653aef56fe6ecd8deda83340d03,JF150437,,02/20/2022 01:10:00 PM,30,NO CONTROLS,NO CONTROLS,CLEAR,DAYLIGHT,PEDALCYCLIST,ONE-WAY,,STRAIGHT AND LEVEL,WET,NO DEFECTS,NOT ON SCENE (DESK REPORT),NO INJURY / DRIVE AWAY,,,,$500 OR LESS,02/20/2022 01:10:00 PM,UNABLE TO DETERMINE,UNABLE TO DETERMINE,3116,W,BERTEAU AVE,1724,,,,,,,2,NO INDICATION OF INJURY,0,0,0,0,0,2,0,13,1,2,41.957668439,-87.706479981,POINT (-87.706479980629 41.95766843868)
af5380166b2053dfc4f789e7dcadff43ce61b0ebfe2082a050bfbadb9c2de68b0e86ebc501d446e74d5d3c79b7b5cdf113ef2f5ec63853cae9f0bfe9fdc3eb35,JF289382,,06/22/2022 06:30:00 AM,30,NO CONTROLS,NO CONTROLS,CLEAR,DAYLIGHT,PEDALCYCLIST,ONE-WAY,,STRAIGHT AND LEVEL,DRY,NO DEFECTS,ON SCENE,INJURY AND / OR TOW DUE TO CRASH,,,,"OVER $1,500",06/22/2022 06:48:00 AM,FAILING TO YIELD RIGHT-OF-WAY,NOT APPLICABLE,183,W,MONROE ST,122,,,,,,,2,NONINCAPACITATING INJURY,1,0,0,1,0,1,0,6,4,6,41.880556729,-87.633281508,POINT (-87.633281508253 41.880556729118)
b185052fe7cbc7a52dd66f9c1f349aeea8ef71daf1594006287cafa740f218121a12dd6603302a6f9a0c2f9749220ff92015a23e0ebcdf3e4cca38faf4a966ac,JF166327,,03/06/2022 11:40:00 AM,30,NO CONTROLS,NO CONTROLS,CLEAR,DAYLIGHT,PEDALCYCLIST,NOT DIVIDED,,STRAIGHT AND LEVEL,DRY,NO DEFECTS,NOT ON SCENE (DESK REPORT),INJURY AND / OR TOW DUE TO CRASH,,,,"$501 - $1,500",03/07/2022 03:50:00 PM,UNABLE TO DETERMINE,UNABLE TO DETERMINE,1140,N,WELLS ST,1823,,,,,,,2,NONINCAPACITATING INJURY,1,0,0,1,0,1,0,11,1,3,41.903311131,-87.634605802,POINT (-87.634605802299 41.903311130583)
b28a74633ed3836111157b73f7488ef08dbe8ca79a53407a3d0f1afc59c3a8adac8b9baadfe205db5ee71f90a914ed240c7e8b9a253ef47d9770d8ed6ff84c1f,JE409804,,10/14/2021 04:50:00 PM,30,NO CONTROLS,NO CONTROLS,CLEAR,DUSK,PEDALCYCLIST,NOT DIVIDED,,STRAIGHT AND LEVEL,DRY,NO DEFECTS,ON SCENE,NO INJURY / DRIVE AWAY,,,Y,"$501 - $1,500",10/14/2021 04:53:00 PM,UNABLE TO DETERMINE,UNABLE TO DETERMINE,2642,W,44TH ST,922,,,,,,,2,NO INDICATION OF INJURY,0,0,0,0,0,2,0,16,5,10,41.813895639,-87.691187134,POINT (-87.691187134423 41.813895638624)
b5bd7fbe012545196f10e482edd4c2d50f5e01803cae14e2fbf1676b18e2557a3a876166f3eea8d570274ec1fa9d4cb3a16e4f5292166f3e00471a6eff880aa2,JE385268,,09/24/2021 07:41:00 AM,30,NO CONTROLS,NO CONTROLS,CLEAR,DAYLIGHT,PEDALCYCLIST,NOT DIVIDED,,STRAIGHT AND LEVEL,DRY,NO DEFECTS,ON SCENE,INJURY AND / OR TOW DUE TO CRASH,,,,$500 OR LESS,09/24/2021 07:41:00 AM,FAILING TO YIELD RIGHT-OF-WAY,NOT APPLICABLE,1920,W,PRATT BLVD,2424,,,,,,,2,NONINCAPACITATING INJURY,1,0,0,1,0,1,0,7,6,9,42.005347609,-87.678792221,POINT (-87.678792220574 42.00534760878)
b2c7df665524b8c707ae9e556423a054d8a5d476a63bc199ab15142c166ab7a14e57cf93f7f6bbf2774a0e31687cc62bd4ddd43f77fe225752742e7b8910d37c,JF245015,,05/16/2022 04:00:00 PM,30,UNKNOWN,UNKNOWN,CLEAR,DAYLIGHT,PEDALCYCLIST,RAMP,,STRAIGHT AND LEVEL,DRY,UNKNOWN,NOT ON SCENE (DESK REPORT),NO INJURY / DRIVE AWAY,,,,$500 OR LESS,05/16/2022 11:30:00 PM,UNABLE TO DETERMINE,NOT APPLICABLE,2672,W,DIVERSEY AVE,1411,,,,,,,2,NO INDICATION OF INJURY,0,0,0,0,0,2,0,16,2,5,41.932220477,-87.694924514,POINT (-87.694924514411 41.932220476503)
b5050c53e92162d6df9a6de3783efdd7b907c500f1d85ee5539d82d51a4499b7586a6fcdfcf165f522c6a4aeb08f7866c1e81eb63160619ab91535f98acf898c,JF223687,,04/28/2022 10:30:00 PM,30,NO CONTROLS,FUNCTIONING PROPERLY,CLEAR,DARKNESS,PEDALCYCLIST,NOT DIVIDED,,STRAIGHT AND LEVEL,DRY,NO DEFECTS,ON SCENE,INJURY AND / OR TOW DUE TO CRASH,,,,$500 OR LESS,04/28/2022 10:43:00 PM,UNABLE TO DETERMINE,NOT APPLICABLE,2643,N,CLARK ST,1935,,,N,,,,2,NONINCAPACITATING INJURY,1,0,0,1,0,1,0,22,5,4,41.930778722,-87.643781972,POINT (-87.64378197171 41.930778721657)
b2e554913a6215a61652e02becfad6f3a4bea5c59a6bf15ce68da4e8cdc2e7cc6fc22458dd39c2a68b5a4f595a176006be5f8898a19823b454ad9d4c93942fac,JE389091,,09/27/2021 12:26:00 PM,30,TRAFFIC SIGNAL,FUNCTIONING PROPERLY,CLEAR,DAYLIGHT,PEDALCYCLIST,NOT DIVIDED,,STRAIGHT AND LEVEL,DRY,UNKNOWN,ON SCENE,INJURY AND / OR TOW DUE TO CRASH,,,Y,"$501 - $1,500",09/27/2021 01:10:00 PM,UNABLE TO DETERMINE,NOT APPLICABLE,111,E,CHICAGO AVE,1833,,,,,,,2,NONINCAPACITATING INJURY,1,0,0,1,0,1,0,12,2,9,41.896612064,-87.624872231,POINT (-87.624872231228 41.896612063717)
b2b7df74445bdaf3dd7534c41382d655cd0a70d9b3b48fd48bbe6d4651a2fa0562d1068b2a3e9459ea20aaed977ec00edd3165a2069ef5e4052f175f2c6cbdab,JF274813,,06/10/2022 05:06:00 PM,30,STOP SIGN/FLASHER,FUNCTIONING PROPERLY,CLEAR,DAYLIGHT,PEDALCYCLIST,FOUR WAY,,STRAIGHT AND LEVEL,DRY,NO DEFECTS,ON SCENE,INJURY AND / OR TOW DUE TO CRASH,Y,,,"$501 - $1,500",06/10/2022 05:07:00 PM,UNABLE TO DETERMINE,UNABLE TO DETERMINE,1228,S,LOOMIS ST,1233,,,,,,,2,NONINCAPACITATING INJURY,1,0,0,1,0,1,0,17,6,6,41.866110657,-87.661704515,POINT (-87.661704515025 41.866110657399)
b296f221f309289e499d290f3223786e38f97730c79d71bb16dcb42f5ce4adec8d2535c3789698200efd37d59a8847f57dbe7271b5e30d730b4cce17efa00967,JF164510,,03/05/2022 06:50:00 PM,30,NO CONTROLS,NO CONTROLS,CLEAR,"DARKNESS, LIGHTED ROAD",PEDALCYCLIST,ONE-WAY,,STRAIGHT AND LEVEL,DRY,UNKNOWN,ON SCENE,INJURY AND / OR TOW DUE TO CRASH,,,,"OVER $1,500",03/05/2022 06:51:00 PM,UNABLE TO DETERMINE,UNABLE TO DETERMINE,534,N,CLARK ST,1831,,,Y,,,,2,NONINCAPACITATING INJURY,1,0,0,1,0,2,0,18,7,3,41.891826828,-87.63127921,POINT (-87.631279210382 41.891826827681)
b4847b3bbc4d8899c2009d097b0e4097b0f5c7be462a430097b2efac9c978086f6b4e16114c242b7e09fce66ad5138715739c25b710c5a1793bd1f573aaa951b,JF283784,,06/17/2022 04:35:00 PM,30,NO CONTROLS,NO CONTROLS,CLEAR,DAYLIGHT,PEDALCYCLIST,DIVIDED - W/MEDIAN (NOT RAISED),,STRAIGHT AND LEVEL,DRY,NO DEFECTS,NOT ON SCENE (DESK REPORT),INJURY AND / OR TOW DUE TO CRASH,,,,"OVER $1,500",06/17/2022 06:45:00 PM,UNABLE TO DETERMINE,UNABLE TO DETERMINE,3255,W,DEVON AVE,1711,,,,,,,2,NONINCAPACITATING INJURY,1,0,0,1,0,1,0,16,6,6,41.997241444,-87.711541552,POINT (-87.711541551964 41.997241443841)
b2c679b87d82d01b24b0b2cf136c379ae8435c1b16e449ebea29a4c01b16ef3729ca8ecec9e04f721dbce3e125388cf0e9f5d52d7515f5d475c740a62d9402d1,JF270220,,06/06/2022 04:15:00 PM,30,STOP SIGN/FLASHER,UNKNOWN,CLEAR,DAYLIGHT,PEDALCYCLIST,FOUR WAY,,STRAIGHT AND LEVEL,DRY,NO DEFECTS,ON SCENE,INJURY AND / OR TOW DUE TO CRASH,Y,,,"OVER $1,500",06/06/2022 08:15:00 PM,UNABLE TO DETERMINE,UNABLE TO DETERMINE,1501,N,CAMPBELL AVE,1423,,,,,,,2,NONINCAPACITATING INJURY,1,0,0,1,0,1,0,16,2,6,41.908560536,-87.689485371,POINT (-87.689485371112 41.908560535721)
b4d18ca07b2061cc49554f790fe6997d84a9d2d3a26ffd3d832f2774eaa6ea2acab68185cf7396e09d136e34b6e32ced742dbac8db59add2bd0bc8ec5e4020ad,JE404190,Y,10/09/2021 05:30:00 PM,30,NO CONTROLS,NO CONTROLS,CLEAR,DAYLIGHT,PEDALCYCLIST,NOT DIVIDED,,STRAIGHT AND LEVEL,DRY,NO DEFECTS,ON SCENE,INJURY AND / OR TOW DUE TO CRASH,,,Y,"OVER $1,500",10/09/2021 06:14:00 PM,FAILING TO YIELD RIGHT-OF-WAY,UNABLE TO DETERMINE,2410,W,NORTH AVE,1434,,,,,,,2,INCAPACITATING INJURY,1,0,1,0,0,1,0,17,7,10,41.910424632,-87.68770716,POINT (-87.687707159787 41.910424631658)
b3e2a851850c9fc0a22c2b08e1ea0c5db85f388933bd64bd830088b1fffdc895844674fcd26d84c136fd0a938785389e6268c27c5ebb5fd902f6a806391c4d94,JE376044,,09/16/2021 03:07:00 PM,30,TRAFFIC SIGNAL,FUNCTIONING PROPERLY,CLEAR,DAYLIGHT,PEDALCYCLIST,DIVIDED - W/MEDIAN (NOT RAISED),,STRAIGHT AND LEVEL,DRY,UNKNOWN,ON SCENE,INJURY AND / OR TOW DUE TO CRASH,Y,,,"$501 - $1,500",09/16/2021 03:30:00 PM,FAILING TO YIELD RIGHT-OF-WAY,DRIVING SKILLS/KNOWLEDGE/EXPERIENCE,400,N,STATE ST,1831,,,,,,,2,NONINCAPACITATING INJURY,1,0,0,1,0,1,0,15,5,9,41.889318711,-87.628152668,POINT (-87.6281526679 41.889318711059)
b396159d0869f9d188804d1c79593620edcc410f5f40abf1076be1604de1640d1e439a92ca1e1d5f6d4be9f13fd25c8bbbff1d4b5e37f42c74fbada7070fa247,JE399154,,10/05/2021 04:00:00 PM,30,NO CONTROLS,NO CONTROLS,CLOUDY/OVERCAST,DAYLIGHT,PEDALCYCLIST,FOUR WAY,,STRAIGHT AND LEVEL,WET,UNKNOWN,NOT ON SCENE (DESK REPORT),INJURY AND / OR TOW DUE TO CRASH,,,,"OVER $1,500",10/05/2021 04:25:00 PM,UNABLE TO DETERMINE,NOT APPLICABLE,10300,S,OAKLEY AVE,2212,,,,,,,2,NONINCAPACITATING INJURY,1,0,0,1,0,1,0,16,3,10,41.706310786,-87.679349951,POINT (-87.679349950576 41.706310786417)
b55d9d81bec4e9b73fc6d4a2c77ea777041d12f5201eb9704541cd57636a589e032bee92d599d4e72ac0291ab38eac48f9484031d54dcb82dd806a8072990d7b,JF207739,,04/14/2022 02:25:00 PM,30,NO CONTROLS,NO CONTROLS,CLEAR,DAYLIGHT,PEDALCYCLIST,NOT DIVIDED,,STRAIGHT AND LEVEL,DRY,UNKNOWN,ON SCENE,INJURY AND / OR TOW DUE TO CRASH,,,,$500 OR LESS,04/14/2022 02:27:00 PM,"VISION OBSCURED (SIGNS, TREE LIMBS, BUILDINGS, ETC.)",UNABLE TO DETERMINE,3358,N,SOUTHPORT AVE,1922,,,,,,,2,NONINCAPACITATING INJURY,1,0,0,1,0,1,0,14,5,4,41.9433702,-87.664063104,POINT (-87.664063104114 41.943370200204)
b2cf04a0d01c00f5de8e31b8213b3fb62e4bd2a71563a9fedf0c74f9578a0e0dd5a64712ec44a86c96e3efc16d24aa366bb665a060533e7a880eee94622564c6,JF264331,,06/01/2022 09:00:00 PM,30,TRAFFIC SIGNAL,FUNCTIONING PROPERLY,CLEAR,"DARKNESS, LIGHTED ROAD",PEDALCYCLIST,NOT DIVIDED,,STRAIGHT AND LEVEL,DRY,NO DEFECTS,NOT ON SCENE (DESK REPORT),INJURY AND / OR TOW DUE TO CRASH,Y,,N,"OVER $1,500",06/01/2022 11:32:00 PM,UNABLE TO DETERMINE,UNABLE TO DETERMINE,4351,W,NORTH AVE,2534,,,,,,,2,INCAPACITATING INJURY,1,0,1,0,0,1,0,21,4,6,41.909650434,-87.735955786,POINT (-87.735955785658 41.909650433948)
b55109e0c80d6a42a20bf5d7c87fc0a3c5b3c017af25061ce4367df4c1b86e6a10173496c8af3d5b2c2920b3690052562d64f43585cca526a636c521a345fb10,JF307494,,06/27/2022 03:30:00 PM,25,NO CONTROLS,NO CONTROLS,CLEAR,DAYLIGHT,PEDALCYCLIST,DIVIDED - W/MEDIAN (NOT RAISED),,STRAIGHT AND LEVEL,DRY,NO DEFECTS,NOT ON SCENE (DESK REPORT),INJURY AND / OR TOW DUE TO CRASH,,,,$500 OR LESS,07/06/2022 02:00:00 PM,UNABLE TO DETERMINE,UNABLE TO DETERMINE,555,N,FRANKLIN ST,1831,,,,,,,2,"REPORTED, NOT EVIDENT",1,0,0,0,1,1,0,15,2,6,41.892330161,-87.63544807,POINT (-87.635448070466 41.892330161479)
b4fd0bdb046c621914659473323b6dee2a28565ed9d103e5c83b4ac1b732b1dabcf785ebd517ee6712bcccc4766b3e59ca17d534d4e1f73c45c64f56fabe77e0,JF317359,,07/14/2022 01:00:00 PM,30,NO CONTROLS,NO CONTROLS,CLEAR,DAYLIGHT,PEDALCYCLIST,ONE-WAY,,STRAIGHT AND LEVEL,DRY,NO DEFECTS,ON SCENE,INJURY AND / OR TOW DUE TO CRASH,,,Y,$500 OR LESS,07/14/2022 01:20:00 PM,IMPROPER BACKING,CELL PHONE USE OTHER THAN TEXTING,2550,W,LELAND AVE,1911,,,,,,,2,NONINCAPACITATING INJURY,1,0,0,1,0,1,0,13,5,7,41.966857388,-87.693372027,POINT (-87.693372027408 41.966857387739)
b4305c1d3181a9dc5913d4f5c00d5264faac75fcb3a127d4ca98542085bf94d7123105f0bcdb8ff26e74028604b6dff1c54268793848cb0d1d632d8e5002b9e6,JF208235,,04/14/2022 10:13:00 PM,25,TRAFFIC SIGNAL,FUNCTIONING PROPERLY,CLEAR,"DARKNESS, LIGHTED ROAD",PEDALCYCLIST,FOUR WAY,,STRAIGHT AND LEVEL,DRY,NO DEFECTS,ON SCENE,INJURY AND / OR TOW DUE TO CRASH,Y,,,"OVER $1,500",04/14/2022 10:13:00 PM,IMPROPER OVERTAKING/PASSING,NOT APPLICABLE,1951,N,WESTERN AVE,1434,,,,,,,2,INCAPACITATING INJURY,1,0,1,0,0,1,0,22,5,4,41.917103631,-87.687248767,POINT (-87.687248767006 41.917103631009)
b518490c791bf6b75a8958b503a2999fd824ba8fabdba5305d7e95e51e59fa43e08ce608f87b4395dbebd1165662a310f12da2040f7a50ee2fd240cb52b9e1bf,JE476355,,12/10/2021 06:30:00 PM,35,TRAFFIC SIGNAL,NO CONTROLS,RAIN,DARKNESS,PEDALCYCLIST,ONE-WAY,,STRAIGHT AND LEVEL,WET,NO DEFECTS,NOT ON SCENE (DESK REPORT),NO INJURY / DRIVE AWAY,,,Y,"OVER $1,500",12/13/2021 05:50:00 PM,FAILING TO REDUCE SPEED TO AVOID CRASH,IMPROPER LANE USAGE,626,W,RANDOLPH ST,121,,,,,,,2,NO INDICATION OF INJURY,0,0,0,0,0,2,0,18,6,12,41.884538675,-87.643956099,POINT (-87.64395609928 41.884538674962)
b62bf369733ad457f0784954c0d3d2a76d9939546623e8e08502ea9a136ccd2b00b7fce9eca7e51755c54f6846d24b40a59027430c07a66c742d7597cf065cb5,JF238788,,05/11/2022 07:30:00 PM,30,NO CONTROLS,UNKNOWN,CLEAR,DARKNESS,PEDALCYCLIST,DIVIDED - W/MEDIAN (NOT RAISED),,STRAIGHT AND LEVEL,DRY,UNKNOWN,ON SCENE,INJURY AND / OR TOW DUE TO CRASH,,,Y,"OVER $1,500",05/11/2022 09:06:00 PM,"OPERATING VEHICLE IN ERRATIC, RECKLESS, CARELESS, NEGLIGENT OR AGGRESSIVE MANNER",NOT APPLICABLE,1757,W,TOUHY AVE,2423,,,,,,,2,NONINCAPACITATING INJURY,1,0,0,1,0,2,0,19,4,5,42.012528403,-87.674519533,POINT (-87.674519532549 42.012528402618)
b72fac00b94e4138b343474e6d737bbe33ace41aafeb24f13b7543003d8b79a4e929dc42321654a3d2d9268053f34a2ae510fbdd4d1a22c7c2d85b72df6e2662,JE399789,,10/06/2021 08:15:00 AM,20,NO CONTROLS,NO CONTROLS,CLEAR,DAYLIGHT,PEDALCYCLIST,ALLEY,,STRAIGHT AND LEVEL,DRY,NO DEFECTS,ON SCENE,INJURY AND / OR TOW DUE TO CRASH,,,,$500 OR LESS,10/06/2021 08:20:00 AM,FAILING TO YIELD RIGHT-OF-WAY,FAILING TO YIELD RIGHT-OF-WAY,5400,S,SAYRE AVE,811,,,,,,,2,"REPORTED, NOT EVIDENT",1,0,0,0,1,1,0,8,4,10,41.793922078,-87.796654887,POINT (-87.796654887225 41.793922078061)
b7b22832f00f646383374e4fa1632de8e8900fcfb0a6d0a7cf99bd0b54204b2c4607b7d47a3b0eaf0e65712f2edb5a1f7195c56ee388995d792d26638c1c952d,JF233472,,05/06/2022 03:40:00 PM,30,NO CONTROLS,NO CONTROLS,UNKNOWN,UNKNOWN,PEDALCYCLIST,NOT DIVIDED,,STRAIGHT AND LEVEL,UNKNOWN,UNKNOWN,NOT ON SCENE (DESK REPORT),INJURY AND / OR TOW DUE TO CRASH,Y,,Y,$500 OR LESS,05/07/2022 12:20:00 PM,UNABLE TO DETERMINE,UNABLE TO DETERMINE,3100,W,61ST ST,823,,,,,,,2,NONINCAPACITATING INJURY,1,0,0,1,0,1,0,15,6,5,41.782755307,-87.700871835,POINT (-87.700871835386 41.782755307182)
b8b3546bc68e78ade09c05d3e600b3e3f616a7f22ade019727abb3d8badc236290396059721c93c6ea1d1a4ae26d88437de2c977911591b55c1724c9a1aa743e,JF268418,,06/05/2022 10:55:00 AM,10,NO CONTROLS,NO CONTROLS,CLEAR,DAYLIGHT,PEDALCYCLIST,ONE-WAY,,STRAIGHT AND LEVEL,DRY,UNKNOWN,ON SCENE,INJURY AND / OR TOW DUE TO CRASH,,,,"$501 - $1,500",06/05/2022 10:55:00 AM,FAILING TO YIELD RIGHT-OF-WAY,NOT APPLICABLE,3054,W,ARTHUR AVE,2412,,,,,,,2,NONINCAPACITATING INJURY,1,0,0,1,0,2,0,10,1,6,41.999367307,-87.706792452,POINT (-87.706792452265 41.999367306797)
b88c4d6f92446fe73be5a39f874e3e0c4130b7d57d7d223cbd0a007f445b8273c512d9588fa6bcc43babb755486b70f1b6a44908818f450bbcf22970f567ae14,JE391580,,09/29/2021 09:15:00 AM,30,NO CONTROLS,NO CONTROLS,CLEAR,DAYLIGHT,PEDALCYCLIST,NOT DIVIDED,,STRAIGHT AND LEVEL,DRY,UNKNOWN,NOT ON SCENE (DESK REPORT),INJURY AND / OR TOW DUE TO CRASH,,,,"$501 - $1,500",09/29/2021 12:45:00 PM,IMPROPER TURNING/NO SIGNAL,IMPROPER LANE USAGE,2110,W,HUBBARD ST,1221,,,,,,,2,NONINCAPACITATING INJURY,1,0,0,1,0,1,0,9,4,9,41.889784092,-87.679823836,POINT (-87.679823836237 41.889784091564)
b6bc8f477655ed000dc3d21fd3812e2e3a2be37aa9c2913b4ba509bc91d28f6ac065584625d76219c618c08505a66ebeff228666fd43f10399a866072c80d834,JF295058,,06/26/2022 06:23:00 PM,30,TRAFFIC SIGNAL,FUNCTIONING PROPERLY,CLEAR,DAYLIGHT,PEDALCYCLIST,NOT DIVIDED,,STRAIGHT AND LEVEL,DRY,NO DEFECTS,ON SCENE,NO INJURY / DRIVE AWAY,Y,,Y,"OVER $1,500",06/26/2022 06:26:00 PM,FAILING TO YIELD RIGHT-OF-WAY,NOT APPLICABLE,2001,N,MILWAUKEE AVE,1431,,,,,,,3,NO INDICATION OF INJURY,0,0,0,0,0,4,0,18,1,6,41.917666944,-87.688534183,POINT (-87.68853418258 41.917666944263)
eb3f489a56687bf4bed7bd8bff966471f8cb51cc00100913b0a53a61c353065d71bfdb3f9c1005d0af124e003f6f534eb7a2e0a20b069df53c418afbedbfbe1d,JF367740,,08/23/2022 05:15:00 PM,30,UNKNOWN,UNKNOWN,CLEAR,DAYLIGHT,PEDALCYCLIST,ONE-WAY,,STRAIGHT AND LEVEL,DRY,UNKNOWN,NOT ON SCENE (DESK REPORT),INJURY AND / OR TOW DUE TO CRASH,,,Y,"OVER $1,500",08/23/2022 06:00:00 PM,UNABLE TO DETERMINE,NOT APPLICABLE,115,E,86TH ST,632,,,,,,,2,NONINCAPACITATING INJURY,1,0,0,1,0,1,0,17,3,8,41.738134201,-87.620317304,POINT (-87.620317304353 41.738134201091)
b87b5717bebbba684fd93292ed805a6162b1a665c9e5b401a3cf7f6adb32bb32cbbe6f9020d522d5f5cd1df19b2ca21e142657fc2b848db1b8101cf0e70ee883,JF283232,,06/15/2022 09:08:00 PM,30,STOP SIGN/FLASHER,NO CONTROLS,CLEAR,"DARKNESS, LIGHTED ROAD",PEDALCYCLIST,NOT DIVIDED,,STRAIGHT AND LEVEL,DRY,NO DEFECTS,NOT ON SCENE (DESK REPORT),INJURY AND / OR TOW DUE TO CRASH,Y,,,"OVER $1,500",06/17/2022 12:00:00 PM,FAILING TO REDUCE SPEED TO AVOID CRASH,FAILING TO YIELD RIGHT-OF-WAY,2600,N,LAKEVIEW AVE,1935,,,,,,,2,NONINCAPACITATING INJURY,1,0,0,1,0,1,0,21,4,6,41.92977604,-87.639415392,POINT (-87.639415392399 41.929776040365)
b6b0f98311c89892ca99ac17295276a36016c16fafc30a154b05e3d1b76a6c9af2b3983b68ecf6cdba273877415ad20f2fcaefe409f6c2a9d949a743571f580d,JE457613,,11/26/2021 04:35:00 PM,30,TRAFFIC SIGNAL,FUNCTIONING PROPERLY,CLOUDY/OVERCAST,"DARKNESS, LIGHTED ROAD",PEDALCYCLIST,NOT DIVIDED,,STRAIGHT AND LEVEL,DRY,NO DEFECTS,ON SCENE,INJURY AND / OR TOW DUE TO CRASH,,,Y,$500 OR LESS,11/26/2021 04:42:00 PM,FAILING TO YIELD RIGHT-OF-WAY,UNABLE TO DETERMINE,1001,N,PULASKI RD,1112,,,,,,,2,"REPORTED, NOT EVIDENT",1,0,0,0,1,1,0,16,6,11,41.899113732,-87.7260488,POINT (-87.726048799664 41.899113731889)