CRASH_RECORD_ID,RD_NO,CRASH_DATE_EST_I,CRASH_DATE,POSTED_SPEED_LIMIT,TRAFFIC_CONTROL_DEVICE,DEVICE_CONDITION,WEATHER_CONDITION,LIGHTING_CONDITION,FIRST_CRASH_TYPE,TRAFFICWAY_TYPE,LANE_CNT,ALIGNMENT,ROADWAY_SURFACE_COND,ROAD_DEFECT,REPORT_TYPE,CRASH_TYPE,INTERSECTION_RELATED_I,NOT_RIGHT_OF_WAY_I,HIT_AND_RUN_I,DAMAGE,DATE_POLICE_NOTIFIED,PRIM_CONTRIBUTORY_CAUSE,SEC_CONTRIBUTORY_CAUSE,STREET_NO,STREET_DIRECTION,STREET_NAME,BEAT_OF_OCCURRENCE,PHOTOS_TAKEN_I,STATEMENTS_TAKEN_I,DOORING_I,WORK_ZONE_I,WORK_ZONE_TYPE,WORKERS_PRESENT_I,NUM_UNITS,MOST_SEVERE_INJURY,INJURIES_TOTAL,INJURIES_FATAL,INJURIES_INCAPACITATING,INJURIES_NON_INCAPACITATING,INJURIES_REPORTED_NOT_EVIDENT,INJURIES_NO_INDICATION,INJURIES_UNKNOWN,CRASH_HOUR,CRASH_DAY_OF_WEEK,CRASH_MONTH,LATITUDE,LONGITUDE,LOCATION
b89212bafa04ef0226572746c89eb6f152c0f4088b12adca0e4866bc8db533758fd4d2d035632491c2e282c4e1f75a6a4d9e29882c6b81cc26a8fce9090f4633,JF287057,,06/20/2022 11:50:00 AM,20,STOP SIGN/FLASHER,OTHER,CLEAR,DAYLIGHT,PEDALCYCLIST,OTHER,,STRAIGHT AND LEVEL,DRY,NO DEFECTS,NOT ON SCENE (DESK REPORT),INJURY AND / OR TOW DUE TO CRASH,,,,"OVER $1,500",06/20/2022 11:56:00 AM,DRIVING SKILLS/KNOWLEDGE/EXPERIENCE,DRIVING SKILLS/KNOWLEDGE/EXPERIENCE,5099,W,CARMEN AVE,1623,,,,,,,2,NONINCAPACITATING INJURY,1,0,0,1,0,1,0,11,2,6,41.973315037,-87.755120232,POINT (-87.755120231877 41.973315036846)
b8e389db57f8f7ac9c15e2a6d4684ea646f2f23f9e10a0ad698b976c54b3e6e102a3be79d8170ae9cdd95663f56eeb1c8f9d15dcdf2ef0c8678350fa880b1ad7,JE424786,,10/27/2021 08:34:00 PM,30,TRAFFIC SIGNAL,FUNCTIONING PROPERLY,CLEAR,"DARKNESS, LIGHTED ROAD",PEDALCYCLIST,FOUR WAY,,STRAIGHT AND LEVEL,DRY,NO DEFECTS,ON SCENE,INJURY AND / OR TOW DUE TO CRASH,Y,,,"OVER $1,500",10/27/2021 08:35:00 PM,DISREGARDING TRAFFIC SIGNALS,FAILING TO YIELD RIGHT-OF-WAY,505,N,LAKE SHORE DR,1834,,,,,,,2,INCAPACITATING INJURY,1,0,1,0,0,1,0,20,4,10,41.891279293,-87.614107533,POINT (-87.61410753333 41.891279293492)
b7983c8e2c7390d873bf41e89bac8b3ba58431933892c838e281c68a7ebbf7072e060b2f35f2f272e2bd85db99bae74471cf521297ead7f476cb97c00117ccee,JE376752,,09/17/2021 08:00:00 AM,30,NO CONTROLS,NO CONTROLS,CLEAR,DAYLIGHT,PEDALCYCLIST,DIVIDED - W/MEDIAN (NOT RAISED),,STRAIGHT AND LEVEL,DRY,NO DEFECTS,ON SCENE,INJURY AND / OR TOW DUE TO CRASH,,,,$500 OR LESS,09/17/2021 08:45:00 AM,FAILING TO YIELD RIGHT-OF-WAY,NOT APPLICABLE,7255,N,RIDGE BLVD,2424,,,Y,,,,2,NONINCAPACITATING INJURY,1,0,0,1,0,0,0,8,6,9,42.013863256,-87.683476287,POINT (-87.683476287336 42.013863255587)
b63db0ff21163d863b95f5ae0fd62b838335ece730ff062c8253308a1de11039829d5d6fdad78a1ef8f4277a64a3304161cad102b557ba4e8e1aaa904616c23c,JF264587,,06/02/2022 08:39:00 AM,30,NO CONTROLS,NO CONTROLS,CLEAR,DAYLIGHT,PEDALCYCLIST,NOT DIVIDED,,STRAIGHT AND LEVEL,DRY,UNKNOWN,ON SCENE,INJURY AND / OR TOW DUE TO CRASH,,,,"$501 - $1,500",06/02/2022 08:51:00 AM,UNABLE TO DETERMINE,UNABLE TO DETERMINE,1020,W,LAWRENCE AVE,2024,,,,,,,2,NONINCAPACITATING INJURY,1,0,0,1,0,0,0,8,5,6,41.969187427,-87.65573365,POINT (-87.655733649919 41.969187427387)
b8b5acf9ecd3c5cb48ce60ff5904d2cb1a1b365b85023cb31e7df23ba8e8742c40111489dd2e99b0efea89f1919c3bf2da3cf4c4295576edd115c4a426b22cca,JF237211,,05/10/2022 05:01:00 PM,30,NO CONTROLS,NO CONTROLS,CLEAR,DAYLIGHT,PEDALCYCLIST,NOT DIVIDED,,STRAIGHT AND LEVEL,DRY,NO DEFECTS,ON SCENE,INJURY AND / OR TOW DUE TO CRASH,,,,"OVER $1,500",05/10/2022 05:10:00 PM,UNABLE TO DETERMINE,"VISION OBSCURED (SIGNS, TREE LIMBS, BUILDINGS, ETC.)",5133,W,DIVERSEY AVE,2521,,,,,,,2,NONINCAPACITATING INJURY,1,0,0,1,0,1,0,17,3,5,41.931305373,-87.755302173,POINT (-87.755302172719 41.931305372626)
b78b76a70c20362514a2b020de84549d94a0a2be8818dfe62542cefb16562ed26e8c16ff8861eac746287adfb31ee153d11e914f0fd09d05289040f1dd5e44f9,JE391988,,09/29/2021 05:45:00 PM,30,TRAFFIC SIGNAL,FUNCTIONING PROPERLY,CLEAR,DAYLIGHT,PEDALCYCLIST,NOT DIVIDED,,STRAIGHT AND LEVEL,DRY,NO DEFECTS,ON SCENE,INJURY AND / OR TOW DUE TO CRASH,N,,Y,$500 OR LESS,09/29/2021 05:51:00 PM,UNABLE TO DETERMINE,UNABLE TO DETERMINE,198,N,CICERO AVE,1532,,,,,,,2,NONINCAPACITATING INJURY,1,0,0,1,0,1,0,17,4,9,41.88438365,-87.745568261,POINT (-87.745568261111 41.884383650484)
b7541f4382222ab14b768ecf1fa1bc3daa93f0265b129987b3419da8ec279334d51fe4924a062a57ccb2df7c4cb9f42589574f95df3c90a99aab8b10bfd95cfa,JE449417,,11/17/2021 03:00:00 PM,30,NO CONTROLS,NO CONTROLS,RAIN,DAYLIGHT,PEDALCYCLIST,DIVIDED - W/MEDIAN (NOT RAISED),,STRAIGHT AND LEVEL,WET,NO DEFECTS,NOT ON SCENE (DESK REPORT),NO INJURY / DRIVE AWAY,,,Y,$500 OR LESS,11/18/2021 03:20:00 PM,UNABLE TO DETERMINE,NOT APPLICABLE,4700,W,WASHINGTON BLVD,1113,,,,,,,2,NO INDICATION OF INJURY,0,0,0,0,0,2,0,15,4,11,41.881954887,-87.742997584,POINT (-87.742997583599 41.881954887071)
b9ceda4d5e7ba601f176d06098de2ed1dd4dddfefafa1a36b6b2d54bb5624de432655ac69ad035667fc0c6fb716d3edb8ad320d26aa9825dda12ecba8395c865,JF310606,,07/08/2022 07:45:00 PM,30,UNKNOWN,UNKNOWN,CLEAR,DUSK,PEDALCYCLIST,NOT DIVIDED,,STRAIGHT AND LEVEL,DRY,NO DEFECTS,NOT ON SCENE (DESK REPORT),NO INJURY / DRIVE AWAY,,,,$500 OR LESS,07/08/2022 10:45:00 PM,NOT APPLICABLE,NOT APPLICABLE,1600,W,WRIGHTWOOD AVE,1931,,,,,,,2,NO INDICATION OF INJURY,0,0,0,0,0,2,0,19,6,7,41.928885033,-87.668335374,POINT (-87.668335374484 41.928885032755)
ba94df0c154c3d1e91fe22c3af7b31d06d9ae058ac3f9f4b8687e3cada89a49a0b62b1bc5215b5b6da101872115b89776305daffe9444f1aca13e1b400f5cd33,JE358196,,09/01/2021 05:28:00 PM,30,UNKNOWN,UNKNOWN,CLEAR,DAYLIGHT,PEDALCYCLIST,NOT DIVIDED,,STRAIGHT AND LEVEL,UNKNOWN,UNKNOWN,,INJURY AND / OR TOW DUE TO CRASH,,,,"OVER $1,500",09/01/2021 05:28:00 PM,UNABLE TO DETERMINE,UNABLE TO DETERMINE,3215,W,LEXINGTON ST,1134,,,,,,,2,NONINCAPACITATING INJURY,1,0,0,1,0,1,0,17,4,9,41.871760171,-87.706499898,POINT (-87.706499897723 41.871760171322)
bc54ce800a6e0c1e46b0ef28d66063177a003dabf44bc152ce5c8246f55a21dae90b9384d533497234086b0e4bb5bf71316692b83f64b4ec2bc8e4d80d7fe5bb,JE364987,,09/07/2021 04:40:00 PM,35,TRAFFIC SIGNAL,FUNCTIONING PROPERLY,RAIN,DAYLIGHT,PEDALCYCLIST,T-INTERSECTION,,STRAIGHT AND LEVEL,WET,NO DEFECTS,ON SCENE,INJURY AND / OR TOW DUE TO CRASH,Y,,,"OVER $1,500",09/07/2021 04:40:00 PM,DISREGARDING YIELD SIGN,NOT APPLICABLE,6718,N,RIDGE BLVD,2412,,,,,,,2,INCAPACITATING INJURY,1,0,1,0,0,4,0,16,3,9,42.003878115,-87.679715758,POINT (-87.679715757955 42.003878114531)
b9bcb08fc822afd9bc315b015e1ee3379b2b4a9b6ef784c3002b446f0b50ba398f2040e4f6547bc40782648fe03340fbe7adc40dec876f3d8ea543873f263187,JF105632,,01/07/2022 08:10:00 AM,30,STOP SIGN/FLASHER,FUNCTIONING PROPERLY,CLEAR,DAYLIGHT,PEDALCYCLIST,DIVIDED - W/MEDIAN (NOT RAISED),,STRAIGHT AND LEVEL,DRY,UNKNOWN,ON SCENE,INJURY AND / OR TOW DUE TO CRASH,,,,$500 OR LESS,01/07/2022 08:18:00 AM,FAILING TO YIELD RIGHT-OF-WAY,NOT APPLICABLE,610,N,DAMEN AVE,1221,,,Y,,,,2,INCAPACITATING INJURY,1,0,1,0,0,1,0,8,6,1,41.892651216,-87.677106588,POINT (-87.677106587578 41.892651216444)
ba17676b086e2e5f69da7d0b683ff56b2ee90be0683e84b1ce8ad69dc0104a9e3987212f7e0439272125de66ac932fb9739b4aaea96a129d360456585ebb5ba6,JF295210,,06/26/2022 08:47:00 PM,30,TRAFFIC SIGNAL,FUNCTIONING PROPERLY,CLEAR,"DARKNESS, LIGHTED ROAD",PEDALCYCLIST,NOT DIVIDED,,STRAIGHT AND LEVEL,DRY,NO DEFECTS,ON SCENE,INJURY AND / OR TOW DUE TO CRASH,Y,,,"$501 - $1,500",06/26/2022 08:47:00 PM,FAILING TO YIELD RIGHT-OF-WAY,NOT APPLICABLE,2800,N,CENTRAL AVE,2514,,,,,,,2,NONINCAPACITATING INJURY,1,0,0,1,0,1,0,20,1,6,41.931365552,-87.766396529,POINT (-87.766396528792 41.931365552363)
ba4e7eaf04095e159b0e4afcf40377f9c399970d906d94176fbc2b62b42f016bc7f52a1445a21b660a832b20137a003bff805a92320798d871179b2ab3c1559c,JE386988,,09/25/2021 01:55:00 PM,30,NO CONTROLS,NO CONTROLS,CLEAR,DAYLIGHT,PEDALCYCLIST,NOT DIVIDED,,STRAIGHT AND LEVEL,DRY,UNKNOWN,,INJURY AND / OR TOW DUE TO CRASH,,,Y,$500 OR LESS,09/25/2021 02:05:00 PM,FAILING TO YIELD RIGHT-OF-WAY,NOT APPLICABLE,1902,N,LINCOLN AVE,1814,,,Y,,,,2,NONINCAPACITATING INJURY,1,0,0,1,0,2,0,13,7,9,41.91655052,-87.63653131,POINT (-87.636531310474 41.91655051975)
baa37239b676a268008ca49488aa38499e8d05b6ca1b67c0284c0abcb10885b2445a11339b27a8e094f13b476154fda2be2fd423994560a4c90140cf122900d8,JF305653,,07/05/2022 03:15:00 AM,30,NO CONTROLS,NO CONTROLS,RAIN,"DARKNESS, LIGHTED ROAD",PEDALCYCLIST,T-INTERSECTION,,STRAIGHT AND LEVEL,WET,NO DEFECTS,ON SCENE,INJURY AND / OR TOW DUE TO CRASH,,,Y,$500 OR LESS,07/05/2022 03:27:00 AM,UNABLE TO DETERMINE,UNABLE TO DETERMINE,7900,S,CONSTANCE AVE,414,,,,,,,2,NONINCAPACITATING INJURY,1,0,0,1,0,1,0,3,3,7,41.751462506,-87.580196768,POINT (-87.580196767555 41.751462506295)
bc4bf00f1a14d11b9986251c8faf20ef981b3a1eff7206cb2b29d171af366ab4577b05d606cbe340a66d8abae4f99bcfb829775129af3b45273e460d92554ef7,JE369082,,09/11/2021 12:20:00 AM,30,NO CONTROLS,NO CONTROLS,CLEAR,"DARKNESS, LIGHTED ROAD",PEDALCYCLIST,T-INTERSECTION,,STRAIGHT AND LEVEL,DRY,UNKNOWN,ON SCENE,NO INJURY / DRIVE AWAY,Y,,,$500 OR LESS,09/11/2021 12:23:00 AM,DISREGARDING STOP SIGN,NOT APPLICABLE,1500,N,LARRABEE ST,1822,,,,,,,2,NO INDICATION OF INJURY,0,0,0,0,0,3,0,0,7,9,41.909233903,-87.643526408,POINT (-87.643526408384 41.90923390285)
ba2d67da29c2b49007a9ad909e5391974fc799f72e7828eed17d99711e92529cc88e8f700a0815c41e50fd08ef3671445c1cf913d6743e495a1a115f2da9ebf4,JF213199,,04/19/2022 09:00:00 PM,15,NO CONTROLS,NO CONTROLS,CLEAR,DUSK,PEDALCYCLIST,PARKING LOT,,STRAIGHT AND LEVEL,DRY,NO DEFECTS,ON SCENE,NO INJURY / DRIVE AWAY,,,Y,"OVER $1,500",04/19/2022 09:00:00 PM,UNABLE TO DETERMINE,UNABLE TO DETERMINE,1834,N,LAWNDALE AVE,2535,,,,,,,2,NO INDICATION OF INJURY,0,0,0,0,0,1,0,21,3,4,41.914675575,-87.719287098,POINT (-87.719287097714 41.914675575161)
bbbc6fef57d22b2b955d5d37d27f4417e0db2fccacf8b9b4dc02bc770594c4de02095a4d7a1efe6f77191ddcc2942680cb5f7f86d252a3e2597678a491624163,JE411722,,10/15/2021 01:00:00 PM,30,TRAFFIC SIGNAL,FUNCTIONING PROPERLY,CLEAR,DAYLIGHT,PEDALCYCLIST,ONE-WAY,,STRAIGHT AND LEVEL,UNKNOWN,UNKNOWN,NOT ON SCENE (DESK REPORT),INJURY AND / OR TOW DUE TO CRASH,,,Y,"$501 - $1,500",10/16/2021 01:18:00 PM,IMPROPER OVERTAKING/PASSING,UNABLE TO DETERMINE,1600,W,ROSCOE ST,1922,,,,,,,2,NONINCAPACITATING INJURY,1,0,0,1,0,1,0,13,6,10,41.943452677,-87.668825728,POINT (-87.668825728134 41.943452677262)
bc162ce0775f52710613fc6da86433ed21818accfee4dd845a2767dc167f1b38421f22db32fb0b159ccbbe0ab5d1a9d1000fd91ee18c90557a072d7fd7c98715,JF232116,,05/06/2022 09:30:00 AM,30,NO CONTROLS,NO CONTROLS,RAIN,DAYLIGHT,PEDALCYCLIST,DIVIDED - W/MEDIAN (NOT RAISED),,STRAIGHT AND LEVEL,WET,NO DEFECTS,ON SCENE,NO INJURY / DRIVE AWAY,,,Y,$500 OR LESS,05/06/2022 09:46:00 AM,DISREGARDING ROAD MARKINGS,UNABLE TO DETERMINE,2092,N,MILWAUKEE AVE,1431,,,,,,,2,NO INDICATION OF INJURY,0,0,0,0,0,2,0,9,6,5,41.919229751,-87.69157059,POINT (-87.691570589513 41.91922975128)
b99e586b54fc9bae86fc1d4242ade58a1dd4cacd3aa10b807a263307d0a6cbf59594057ab835ffa71b7af1f40e966e66449ae4f2bde860774a2ab31d576a5a8f,JF270275,,06/06/2022 09:33:00 PM,30,STOP SIGN/FLASHER,FUNCTIONING PROPERLY,RAIN,"DARKNESS, LIGHTED ROAD",PEDALCYCLIST,FOUR WAY,,STRAIGHT AND LEVEL,WET,NO DEFECTS,ON SCENE,INJURY AND / OR TOW DUE TO CRASH,Y,,,"OVER $1,500",06/06/2022 09:33:00 PM,FAILING TO REDUCE SPEED TO AVOID CRASH,FAILING TO YIELD RIGHT-OF-WAY,1799,W,18TH ST,1234,,,Y,,,,2,"REPORTED, NOT EVIDENT",1,0,0,0,1,1,0,21,2,6,41.857616687,-87.670996331,POINT (-87.670996330709 41.857616687124)
ba1ee4a7c8479825445ea23914334fd85cea7dec9694f46b709ec4d0aa4e645151726c422411d117e2fad1e6370b4622abeafee234d09c04636b0053e6bc49a6,JF162736,,03/04/2022 07:45:00 AM,30,STOP SIGN/FLASHER,FUNCTIONING PROPERLY,CLEAR,DAYLIGHT,PEDALCYCLIST,FOUR WAY,,STRAIGHT ON GRADE,DRY,NO DEFECTS,ON SCENE,INJURY AND / OR TOW DUE TO CRASH,Y,,Y,$500 OR LESS,03/04/2022 07:59:00 AM,FAILING TO REDUCE SPEED TO AVOID CRASH,NOT APPLICABLE,2231,W,99TH ST,2213,,,,,,,2,NONINCAPACITATING INJURY,1,0,0,1,0,1,0,7,6,3,41.71360036,-87.678146718,POINT (-87.678146717806 41.713600359935)
bafb7606f39ff1a925ae57d91b81e1ea38e733fd3c5b836a983fac3bd3e4e656c62b5668bdb7b80e3957b30196f204d56a791ffb6a2030e76d733afa1b989f56,JE404478,,10/10/2021 01:25:00 AM,30,NO CONTROLS,NO CONTROLS,CLEAR,"DARKNESS, LIGHTED ROAD",PEDALCYCLIST,DIVIDED - W/MEDIAN (NOT RAISED),,STRAIGHT AND LEVEL,DRY,NO DEFECTS,ON SCENE,INJURY AND / OR TOW DUE TO CRASH,,,Y,"$501 - $1,500",10/10/2021 01:28:00 AM,IMPROPER OVERTAKING/PASSING,UNABLE TO DETERMINE,2811,N,MILWAUKEE AVE,1412,,,,,,,2,INCAPACITATING INJURY,1,0,1,0,0,1,0,1,1,10,,,
ba2d6a2aeb9f428d46f5d740dfb302803f8243714d760a1a379ee842c56d2120e571fe7e4c4eb5544da48fbdc1b723e56fff1a5c92ed2c41eec6b34af2deb765,JE384825,,09/23/2021 06:35:00 PM,30,STOP SIGN/FLASHER,NO CONTROLS,CLEAR,DUSK,PEDALCYCLIST,NOT DIVIDED,,STRAIGHT AND LEVEL,DRY,NO DEFECTS,ON SCENE,NO INJURY / DRIVE AWAY,Y,,,"$501 - $1,500",09/23/2021 06:39:00 PM,DISREGARDING STOP SIGN,FAILING TO YIELD RIGHT-OF-WAY,1800,W,PRATT BLVD,2424,,,,,,,2,NO INDICATION OF INJURY,0,0,0,0,0,2,0,18,5,9,42.005404408,-87.675809712,POINT (-87.675809711746 42.005404407765)
b944b7cc48db7e5d29f61af0b2daf424a95796dfbf95cd9474049572ccb96544d49f50ec9391a802d25d0fd4ce7d674baf6f69480d04ecd086a4ed656984b05c,JF188282,,03/27/2022 01:00:00 PM,30,UNKNOWN,UNKNOWN,UNKNOWN,DAYLIGHT,PEDALCYCLIST,NOT DIVIDED,,STRAIGHT AND LEVEL,UNKNOWN,NO DEFECTS,NOT ON SCENE (DESK REPORT),NO INJURY / DRIVE AWAY,,,,"OVER $1,500",03/27/2022 02:35:00 PM,UNABLE TO DETERMINE,NOT APPLICABLE,3602,N,LINCOLN AVE,1922,,,,,,,2,NO INDICATION OF INJURY,0,0,0,0,0,2,0,13,1,3,41.947114622,-87.674027476,POINT (-87.674027475988 41.947114621969)
b9a0adc2e7d67faf921e4384db4a2d1be46cb80ebf34c70044ecaffc2aad09c90e416d32592fbbbf09f454465ae2c228591963b2cd65ccffa69fe45b49ef8c02,JE484819,,12/21/2021 12:58:00 PM,30,STOP SIGN/FLASHER,FUNCTIONING PROPERLY,CLEAR,DAYLIGHT,PEDALCYCLIST,ONE-WAY,,STRAIGHT AND LEVEL,DRY,UNKNOWN,ON SCENE,INJURY AND / OR TOW DUE TO CRASH,Y,,,$500 OR LESS,12/21/2021 12:59:00 PM,FAILING TO YIELD RIGHT-OF-WAY,DISREGARDING STOP SIGN,2100,N,KARLOV AVE,2525,,,,,,,2,INCAPACITATING INJURY,1,0,1,0,0,1,0,12,3,12,41.919051477,-87.729207772,POINT (-87.729207772293 41.919051476764)
ba607b7c9601da9f3b38bddf84f10f5dfc885f3446246d9df56661c0a5d81028e04d5932403b70ba59d5e5f87a25aad7042cca597f71d6ee9bbe51bd9d53cb50,JE445030,,11/13/2021 05:30:00 PM,30,NO CONTROLS,NO CONTROLS,CLEAR,DUSK,PEDALCYCLIST,NOT DIVIDED,,STRAIGHT AND LEVEL,UNKNOWN,UNKNOWN,NOT ON SCENE (DESK REPORT),INJURY AND / OR TOW DUE TO CRASH,,,Y,"$501 - $1,500",11/14/2021 03:12:00 PM,IMPROPER OVERTAKING/PASSING,UNABLE TO DETERMINE,601,W,KINZIE ST,1214,,,,,,,2,"REPORTED, NOT EVIDENT",1,0,0,0,1,1,0,17,7,11,41.888938716,-87.642945978,POINT (-87.642945977983 41.888938716199)
be362e133156ddef5e4497c5526265fb5adae93ba69b6da4bde77b5e8c45a3aae0643c85aed539ac2e63b953b5e082be69be13a34cdcb3210e00f5324c7c72d6,JF302816,,07/02/2022 04:00:00 PM,30,NO CONTROLS,NO CONTROLS,CLEAR,DAYLIGHT,PEDALCYCLIST,NOT DIVIDED,,STRAIGHT AND LEVEL,DRY,NO DEFECTS,ON SCENE,INJURY AND / OR TOW DUE TO CRASH,,,Y,$500 OR LESS,07/02/2022 04:15:00 PM,UNABLE TO DETERMINE,NOT APPLICABLE,1550,N,LAKE SHORE DR SB,1814,,,,,,,2,NONINCAPACITATING INJURY,1,0,0,1,0,1,0,16,7,7,41.91103585,-87.626151294,POINT (-87.626151294123 41.91103584996)
bd2a7754929d6ef98371a907741339bba3bbc23bb49856f8779c53dbcfc001949bc81564f7095a2f45d71820cbb9fa56dfc5f07b0813bcae6d85da9463bef9ae,JF273462,,06/09/2022 02:35:00 PM,10,NO CONTROLS,NO CONTROLS,CLEAR,DAYLIGHT,PEDALCYCLIST,PARKING LOT,,STRAIGHT AND LEVEL,DRY,NO DEFECTS,,INJURY AND / OR TOW DUE TO CRASH,,,Y,"OVER $1,500",06/09/2022 02:50:00 PM,IMPROPER BACKING,FAILING TO YIELD RIGHT-OF-WAY,2200,N,CANNON DR,1814,,,,,,,2,NONINCAPACITATING INJURY,1,0,0,1,0,1,0,14,5,6,41.9220638,-87.63223306,POINT (-87.632233059923 41.922063800028)
be17e350bfa31436a8627f11cf2b527596ff2371a83842aacd731eb43a620fc5748f8a216a18bfedbb8fd68ebe342363212efd4d9d5ff8e51d8c9579b02996e7,JF207917,,04/14/2022 04:12:00 PM,30,TRAFFIC SIGNAL,FUNCTIONING PROPERLY,CLEAR,DAYLIGHT,PEDALCYCLIST,FOUR WAY,,STRAIGHT AND LEVEL,DRY,NO DEFECTS,ON SCENE,INJURY AND / OR TOW DUE TO CRASH,Y,,,"OVER $1,500",04/14/2022 04:13:00 PM,DISREGARDING TRAFFIC SIGNALS,UNABLE TO DETERMINE,240,N,WABASH AVE,111,,,,,,,2,NONINCAPACITATING INJURY,1,0,0,1,0,2,0,16,5,4,41.88663472,-87.626472965,POINT (-87.626472965242 41.886634719516)
bdf1205d04fd768c59ffe4160ddbbdb4877ddf0e9f851a71b545013fd6d383e4be4b736b29ebba8aebf88fb614962ae68a17ea254e4e75abae0a10ac0023176a,JF302327,,07/02/2022 08:35:00 AM,30,NO CONTROLS,NO CONTROLS,CLEAR,DAYLIGHT,PEDALCYCLIST,T-INTERSECTION,,STRAIGHT AND LEVEL,DRY,NO DEFECTS,ON SCENE,INJURY AND / OR TOW DUE TO CRASH,Y,,,"$501 - $1,500",07/02/2022 08:35:00 AM,UNABLE TO DETERMINE,UNABLE TO DETERMINE,1599,E,52ND ST,234,,,,,,,2,"REPORTED, NOT EVIDENT",1,0,0,0,1,1,0,8,7,7,41.800918289,-87.587583204,POINT (-87.587583203731 41.800918288622)
bf11a6d2f2539510db449b9e5ac9451048260927f072c920e601b99e64d8de2a54b2e9dc77ffc1154f9f217d2d2d39b4bd120677c84abe1d54d59fef416fa971,JE414821,,10/19/2021 08:50:00 AM,30,TRAFFIC SIGNAL,FUNCTIONING PROPERLY,CLEAR,DAYLIGHT,PEDALCYCLIST,FOUR WAY,,STRAIGHT AND LEVEL,DRY,NO DEFECTS,ON SCENE,INJURY AND / OR TOW DUE TO CRASH,Y,,,$500 OR LESS,10/19/2021 08:54:00 AM,DRIVING SKILLS/KNOWLEDGE/EXPERIENCE,UNABLE TO DETERMINE,5100,S,HYDE PARK BLVD,234,,,,,,,2,"REPORTED, NOT EVIDENT",1,0,0,0,1,1,0,8,3,10,41.802449809,-87.585355286,POINT (-87.585355286102 41.80244980916)
bd860040a8273178506d6ed90e77f286e2bd7971a97ae3991d7bf8f31faed7c5850593ff5129b34ee30e03310690022e9edd7d66f6bec6135aa1fb065936bd53,JF216824,,04/23/2022 06:46:00 AM,25,TRAFFIC SIGNAL,FUNCTIONING PROPERLY,CLEAR,DAYLIGHT,PEDALCYCLIST,NOT DIVIDED,,STRAIGHT AND LEVEL,DRY,NO DEFECTS,ON SCENE,INJURY AND / OR TOW DUE TO CRASH,,,Y,$500 OR LESS,04/23/2022 07:01:00 AM,FAILING TO YIELD RIGHT-OF-WAY,CELL PHONE USE OTHER THAN TEXTING,4802,W,JACKSON BLVD,1533,,,,,,,2,NONINCAPACITATING INJURY,1,0,0,1,0,1,0,6,7,4,41.876909076,-87.745265772,POINT (-87.745265772443 41.876909075929)
bdf5cd0de226196bfe7378715bb3b86d0f0270c17205d527367ba0f47513ee05b164c8dea1374dc534415dbe9cf3c34bab1f12e9242254a63252f972996b0105,JE406755,,10/12/2021 07:45:00 AM,30,STOP SIGN/FLASHER,FUNCTIONING PROPERLY,CLOUDY/OVERCAST,DAWN,PEDALCYCLIST,FOUR WAY,,STRAIGHT AND LEVEL,UNKNOWN,UNKNOWN,ON SCENE,INJURY AND / OR TOW DUE TO CRASH,,,,"OVER $1,500",10/12/2021 07:46:00 AM,UNABLE TO DETERMINE,NOT APPLICABLE,1766,W,DEVON AVE,2432,,,,,,,2,NONINCAPACITATING INJURY,1,0,0,1,0,1,0,7,3,10,41.998110225,-87.674617448,POINT (-87.674617448094 41.998110225162)
be717311f2df38a2a39c88e29c5b50fe7af4d498e306fa3bbba2275d820bcb2743af038382084023a8e363113c838281ac2f3ff01b49aa07bed3bd5dd74d1f56,JF240971,,05/13/2022 04:24:00 PM,30,TRAFFIC SIGNAL,FUNCTIONING PROPERLY,CLEAR,DAYLIGHT,PEDALCYCLIST,NOT DIVIDED,,STRAIGHT AND LEVEL,DRY,NO DEFECTS,ON SCENE,INJURY AND / OR TOW DUE TO CRASH,Y,,,"OVER $1,500",05/13/2022 04:32:00 PM,FAILING TO YIELD RIGHT-OF-WAY,NOT APPLICABLE,2198,S,ARCHER AVE,914,,,,,,,2,NONINCAPACITATING INJURY,1,0,0,1,0,2,0,16,6,5,41.853029719,-87.634744761,POINT (-87.634744760558 41.853029719113)
bf150067d6e61e8f6519dcb70d8b4fe5f4fa4e54d0ab1a6184a1a5f67831bf8aa81a68d61b9a6fd4854f77e443a37e7f2a13b783078ad4bf3f63afae24ba02d6,JF193551,,03/30/2022 03:30:00 PM,30,NO CONTROLS,NO CONTROLS,RAIN,DAYLIGHT,PEDALCYCLIST,NOT DIVIDED,,STRAIGHT ON GRADE,DRY,NO DEFECTS,NOT ON SCENE (DESK REPORT),INJURY AND / OR TOW DUE TO CRASH,,,,$500 OR LESS,04/01/2022 12:00:00 PM,FAILING TO YIELD RIGHT-OF-WAY,NOT APPLICABLE,3021,N,LINCOLN AVE,1933,,,,,,,2,NONINCAPACITATING INJURY,1,0,0,1,0,0,0,15,4,3,41.936692188,-87.664286199,POINT (-87.664286198578 41.936692187726)
bf28037cfb041348791abee3f0d988a659cca19ffc218f3a25509db23d288b7a8a365b22031cb918b5951646fc037558dda00409207079dcedec5f2e3352f017,JF307675,,07/03/2022 09:18:00 PM,30,NO CONTROLS,NO CONTROLS,CLEAR,DUSK,PEDALCYCLIST,NOT DIVIDED,,STRAIGHT AND LEVEL,DRY,NO DEFECTS,NOT ON SCENE (DESK REPORT),INJURY AND / OR TOW DUE TO CRASH,,,Y,$500 OR LESS,07/06/2022 04:30:00 PM,UNABLE TO DETERMINE,UNABLE TO DETERMINE,198,E,63RD ST,311,,,,,,,2,INCAPACITATING INJURY,1,0,1,0,0,2,0,21,1,7,41.780204712,-87.62051736,POINT (-87.620517359866 41.780204711571)