CRASH_RECORD_ID,RD_NO,CRASH_DATE_EST_I,CRASH_DATE,POSTED_SPEED_LIMIT,TRAFFIC_CONTROL_DEVICE,DEVICE_CONDITION,WEATHER_CONDITION,LIGHTING_CONDITION,FIRST_CRASH_TYPE,TRAFFICWAY_TYPE,LANE_CNT,ALIGNMENT,ROADWAY_SURFACE_COND,ROAD_DEFECT,REPORT_TYPE,CRASH_TYPE,INTERSECTION_RELATED_I,NOT_RIGHT_OF_WAY_I,HIT_AND_RUN_I,DAMAGE,DATE_POLICE_NOTIFIED,PRIM_CONTRIBUTORY_CAUSE,SEC_CONTRIBUTORY_CAUSE,STREET_NO,STREET_DIRECTION,STREET_NAME,BEAT_OF_OCCURRENCE,PHOTOS_TAKEN_I,STATEMENTS_TAKEN_I,DOORING_I,WORK_ZONE_I,WORK_ZONE_TYPE,WORKERS_PRESENT_I,NUM_UNITS,MOST_SEVERE_INJURY,INJURIES_TOTAL,INJURIES_FATAL,INJURIES_INCAPACITATING,INJURIES_NON_INCAPACITATING,INJURIES_REPORTED_NOT_EVIDENT,INJURIES_NO_INDICATION,INJURIES_UNKNOWN,CRASH_HOUR,CRASH_DAY_OF_WEEK,CRASH_MONTH,LATITUDE,LONGITUDE,LOCATION
bdf2b0c6d1c38f9e836a94467dae00dc51429e140fa10f5e6c641369556c01d4f07083d181a4bee162de1767da8542868d630a4519b1f8dfbd0612adc00c00e4,JF211278,,04/16/2022 09:20:00 AM,30,UNKNOWN,UNKNOWN,OTHER,DAYLIGHT,PEDALCYCLIST,UNKNOWN,,STRAIGHT AND LEVEL,UNKNOWN,UNKNOWN,ON SCENE,INJURY AND / OR TOW DUE TO CRASH,N,,Y,"OVER $1,500",04/18/2022 08:04:00 AM,UNABLE TO DETERMINE,UNABLE TO DETERMINE,5900,S,DAMEN AVE,714,,,Y,,,,2,INCAPACITATING INJURY,1,0,1,0,0,1,0,9,7,4,41.786533454,-87.67424315,POINT (-87.674243150013 41.786533453836)
bf05e90c0dfa72363f96de8920d3c9cd8e61f28e635266e3c6b6762a5e9ff5b6ed1b21db130a9468cd9a237f5f877a48bdf18299b6201b5196892833990dd703,JF262803,,05/31/2022 03:25:00 PM,30,TRAFFIC SIGNAL,UNKNOWN,UNKNOWN,DAYLIGHT,PEDALCYCLIST,DIVIDED - W/MEDIAN (NOT RAISED),,STRAIGHT AND LEVEL,UNKNOWN,UNKNOWN,NOT ON SCENE (DESK REPORT),INJURY AND / OR TOW DUE TO CRASH,,,,"$501 - $1,500",05/31/2022 06:15:00 PM,UNABLE TO DETERMINE,NOT APPLICABLE,7157,N,KEDZIE AVE,2411,,,,,,,2,NONINCAPACITATING INJURY,1,0,0,1,0,1,0,15,3,5,42.011715808,-87.708920827,POINT (-87.708920826503 42.011715807986)
be9523f3a3804885d7d481ea5247cfbfa4cb2a71771c3b34794fafc8d492a5a28b99a063c39710913bab2525730c64f370bd6114ffee911dd730043139fa78ce,JF254067,,05/24/2022 03:30:00 PM,30,TRAFFIC SIGNAL,FUNCTIONING PROPERLY,CLEAR,DAYLIGHT,PEDALCYCLIST,DIVIDED - W/MEDIAN (NOT RAISED),,STRAIGHT AND LEVEL,DRY,NO DEFECTS,NOT ON SCENE (DESK REPORT),INJURY AND / OR TOW DUE TO CRASH,Y,,,"$501 - $1,500",05/24/2022 04:20:00 PM,UNABLE TO DETERMINE,UNABLE TO DETERMINE,3358,W,MONTROSE AVE,1724,,,,,,,2,"REPORTED, NOT EVIDENT",1,0,0,0,1,1,0,15,3,5,41.961239671,-87.713076618,POINT (-87.713076617995 41.961239670648)
bdde3e7a10d953f28ee40512c58adb5efd141d60f26bcddfd3f8745234d9685966a0fef5e5b92b74a2765fe6c8741f4eb646a0cb6d208700fe586ef0f0ce72e7,JF254126,,05/24/2022 03:30:00 PM,30,NO CONTROLS,NO CONTROLS,CLEAR,DAYLIGHT,PEDALCYCLIST,NOT DIVIDED,,STRAIGHT AND LEVEL,DRY,NO DEFECTS,NOT ON SCENE (DESK REPORT),INJURY AND / OR TOW DUE TO CRASH,,,,"OVER $1,500",05/24/2022 05:00:00 PM,FAILING TO YIELD RIGHT-OF-WAY,FAILING TO YIELD RIGHT-OF-WAY,111,S,HALSTED ST,1232,,,,,,,2,NONINCAPACITATING INJURY,1,0,0,1,0,1,0,15,3,5,41.880128783,-87.647164601,POINT (-87.647164600769 41.880128783026)
bd443b83f269e2fc8a3bd0c2461e9a239f92bed3823b68a17dadac10f389627b68d0da629572af72181df9a8c8ba0df7cbe7667581b84b3cd609056265444094,JF316183,,07/13/2022 07:50:00 AM,30,NO CONTROLS,NO CONTROLS,CLEAR,DAYLIGHT,PEDALCYCLIST,DIVIDED - W/MEDIAN (NOT RAISED),,STRAIGHT AND LEVEL,DRY,NO DEFECTS,NOT ON SCENE (DESK REPORT),NO INJURY / DRIVE AWAY,,,Y,"OVER $1,500",07/13/2022 02:50:00 PM,FOLLOWING TOO CLOSELY,UNABLE TO DETERMINE,2436,N,MILWAUKEE AVE,1414,,,,,,,3,NO INDICATION OF INJURY,0,0,0,0,0,3,0,7,4,7,41.925437644,-87.701714447,POINT (-87.70171444708 41.925437643818)
c2da2f7ac84bee54f3ede986a886f9ac348d2c4b72856b026c86cf0b893c47ccb878611d4170e9945754c8c42ff7a48503e2f1ceb925c7e3a1f1064b4e1b61f1,JF242378,,05/14/2022 06:20:00 PM,30,STOP SIGN/FLASHER,FUNCTIONING PROPERLY,CLEAR,DAYLIGHT,PEDALCYCLIST,FOUR WAY,,STRAIGHT AND LEVEL,DRY,NO DEFECTS,ON SCENE,INJURY AND / OR TOW DUE TO CRASH,Y,,,"$501 - $1,500",05/14/2022 06:24:00 PM,FAILING TO YIELD RIGHT-OF-WAY,FAILING TO REDUCE SPEED TO AVOID CRASH,1900,S,CANALPORT AVE,1235,,,,,,,2,NONINCAPACITATING INJURY,1,0,0,1,0,1,0,18,7,5,41.856852104,-87.641935126,POINT (-87.641935126429 41.85685210434)
c078429d3b47ab5821c25f93929dc3152574c0b02da09f6f4a0881ac40a57303d7262de547da2789509340af65828add0bab62675e0ec854289f4a44f96298ed,JF291514,,06/23/2022 05:50:00 PM,20,STOP SIGN/FLASHER,FUNCTIONING PROPERLY,CLEAR,DAYLIGHT,PEDALCYCLIST,DIVIDED - W/MEDIAN (NOT RAISED),,STRAIGHT AND LEVEL,DRY,NO DEFECTS,NOT ON SCENE (DESK REPORT),INJURY AND / OR TOW DUE TO CRASH,,,,"OVER $1,500",06/23/2022 07:15:00 PM,UNABLE TO DETERMINE,NOT APPLICABLE,1800,N,WOLCOTT AVE,1434,,,,,,,2,NONINCAPACITATING INJURY,1,0,0,1,0,1,0,17,5,6,41.91429217,-87.675260444,POINT (-87.675260443783 41.914292170093)
c1cd154b01b7cc4e8811f7d88b77190dfaba720d8a9c2f05d98745d735a786548256494b05ae12f3dbafe8a5633f49b81b7080ad3e146abe64f139f4deed756a,JE373637,,09/14/2021 05:33:00 PM,30,STOP SIGN/FLASHER,FUNCTIONING PROPERLY,CLEAR,DAYLIGHT,PEDALCYCLIST,FOUR WAY,,STRAIGHT AND LEVEL,DRY,NO DEFECTS,NOT ON SCENE (DESK REPORT),NO INJURY / DRIVE AWAY,Y,,,$500 OR LESS,09/14/2021 06:00:00 PM,FAILING TO YIELD RIGHT-OF-WAY,FOLLOWING TOO CLOSELY,1700,N,HUMBOLDT BLVD,1421,,,,,,,2,NO INDICATION OF INJURY,0,0,0,0,0,2,0,17,3,9,41.912224652,-87.702076718,POINT (-87.702076718088 41.912224651782)
c20df103d10597466e17224edfcb8ef163b624d0f99d1ca8fe0a7110a217ae7298db0649f423fe35c158385d350a558341cbe96ec28beb5f04d2e232d6c6c892,JF296567,,06/27/2022 06:51:00 PM,30,TRAFFIC SIGNAL,FUNCTIONING PROPERLY,CLEAR,DAYLIGHT,PEDALCYCLIST,NOT REPORTED,,STRAIGHT AND LEVEL,UNKNOWN,UNKNOWN,ON SCENE,INJURY AND / OR TOW DUE TO CRASH,,,,"OVER $1,500",06/27/2022 08:29:00 PM,DISREGARDING TRAFFIC SIGNALS,NOT APPLICABLE,799,W,FULLERTON AVE,1812,,,,,,,2,NONINCAPACITATING INJURY,1,0,0,1,0,1,0,18,2,6,41.925344912,-87.648697583,POINT (-87.648697583469 41.925344912018)
c2ad5a3306f4f42fd29ed601d32a183ac69302f68169af4d7cb27875888a81af8c4bc58444f99f36eb192df11251d2f64a40dc689a61dcebb3e4ccf66bb91498,JF231583,,05/05/2022 03:00:00 PM,30,UNKNOWN,UNKNOWN,UNKNOWN,UNKNOWN,PEDALCYCLIST,NOT DIVIDED,,STRAIGHT AND LEVEL,UNKNOWN,UNKNOWN,NOT ON SCENE (DESK REPORT),INJURY AND / OR TOW DUE TO CRASH,,,,$500 OR LESS,05/05/2022 07:00:00 PM,UNABLE TO DETERMINE,NOT APPLICABLE,1537,N,CLYBOURN AVE,1822,,,,,,,2,NONINCAPACITATING INJURY,1,0,0,1,0,1,0,15,5,5,41.909432519,-87.64724289,POINT (-87.647242890476 41.909432518766)
c283fcbdbae16fd1620500060c5915c3fe8efdb7580a5461571794e6b8542a18fd398957a315e2791717f3e6ed229d73ab1f4267d7ff742557bc030de7469d30,JF175296,,03/15/2022 01:42:00 PM,30,NO CONTROLS,NO CONTROLS,CLEAR,DAYLIGHT,PEDALCYCLIST,ALLEY,,STRAIGHT AND LEVEL,DRY,NO DEFECTS,NOT ON SCENE (DESK REPORT),NO INJURY / DRIVE AWAY,,,,"OVER $1,500",03/15/2022 11:00:00 PM,UNABLE TO DETERMINE,UNABLE TO DETERMINE,2901,N,MILDRED AVE,1933,,,,,,,2,NO INDICATION OF INJURY,0,0,0,0,0,2,0,13,3,3,41.93454336,-87.651352765,POINT (-87.651352764851 41.934543360414)
c19ce8fe678b1693e27a4f2cf1b5f2efffa16f594ce21227c3aed84d5a145a7b27379e084f143b3ad36709b00c964b529d4b1baf125a80713c66465a7dfcc503,JE398275,,10/04/2021 07:44:00 PM,30,TRAFFIC SIGNAL,UNKNOWN,CLEAR,"DARKNESS, LIGHTED ROAD",PEDALCYCLIST,FOUR WAY,,STRAIGHT AND LEVEL,UNKNOWN,UNKNOWN,NOT ON SCENE (DESK REPORT),INJURY AND / OR TOW DUE TO CRASH,Y,,Y,$500 OR LESS,10/04/2021 08:02:00 PM,FAILING TO YIELD RIGHT-OF-WAY,FAILING TO YIELD RIGHT-OF-WAY,4000,W,MADISON ST,1115,,,,,,,2,INCAPACITATING INJURY,1,0,1,0,0,1,0,19,2,10,41.8808343,-87.725796597,POINT (-87.725796597174 41.880834299772)
c0f8e03dc320becd925a2f0fbf173836288aefb6ea76da04c5c9413ca06dc8b24f096dd6719560a915793b6f45410528d2c1a7c00d2903ca28e30a90cdcf9e38,JF141427,,02/11/2022 01:30:00 PM,30,NO CONTROLS,NO CONTROLS,CLEAR,DAYLIGHT,PEDALCYCLIST,NOT DIVIDED,,STRAIGHT AND LEVEL,DRY,NO DEFECTS,NOT ON SCENE (DESK REPORT),NO INJURY / DRIVE AWAY,,,,$500 OR LESS,02/11/2022 04:30:00 PM,UNABLE TO DETERMINE,UNABLE TO DETERMINE,820,S,STATE ST,123,,,Y,,,,2,NO INDICATION OF INJURY,0,0,0,0,0,2,0,13,6,2,41.87150721,-87.627663871,POINT (-87.627663871173 41.871507210056)
c011baf8c169110dc89571a99e50990e3dee96634469eeb1a55b8a6c3ad1cc91d6e15a92951d94272e854006f5c1715530e8300228a846b1490ceb1692b460dc,JF215687,,04/21/2022 06:45:00 PM,30,TRAFFIC SIGNAL,FUNCTIONING PROPERLY,CLEAR,DAYLIGHT,PEDALCYCLIST,ONE-WAY,,STRAIGHT AND LEVEL,DRY,NO DEFECTS,NOT ON SCENE (DESK REPORT),NO INJURY / DRIVE AWAY,,,,"$501 - $1,500",04/22/2022 08:45:00 AM,UNABLE TO DETERMINE,UNABLE TO DETERMINE,66,W,KINZIE ST,1831,,,,,,,2,NO INDICATION OF INJURY,0,0,0,0,0,2,0,18,5,4,41.889328594,-87.630547851,POINT (-87.630547850953 41.889328593567)
c074d1a218a2e1318850776353a0be0d2ef3c26160f8164f030e05893b1e7eb5a30f0c5c564fc8b81ff5d704e9297383c5944fe9aa662e2b6427da97093d8d9c,JE446405,,11/15/2021 06:24:00 PM,30,NO CONTROLS,NO CONTROLS,CLEAR,"DARKNESS, LIGHTED ROAD",PEDALCYCLIST,DIVIDED - W/MEDIAN (NOT RAISED),,STRAIGHT AND LEVEL,DRY,NO DEFECTS,ON SCENE,INJURY AND / OR TOW DUE TO CRASH,,,,"$501 - $1,500",11/15/2021 06:30:00 PM,UNABLE TO DETERMINE,UNABLE TO DETERMINE,2433,N,MILWAUKEE AVE,1414,,,Y,,,,2,"REPORTED, NOT EVIDENT",1,0,0,0,1,2,0,18,2,11,41.925501416,-87.701354947,POINT (-87.701354947029 41.925501415872)
c0912ef4c8d6a14856d4c47cd530f5b901f9769bab9b863443b5471762f145e01019734d7ea70c012f2a3dccbf9068595ece49de4ed3232a5f1eb6d0b5bac0ad,JF142842,,02/12/2022 03:00:00 PM,30,NO CONTROLS,NO CONTROLS,CLEAR,DAYLIGHT,PEDALCYCLIST,DIVIDED - W/MEDIAN (NOT RAISED),,STRAIGHT AND LEVEL,UNKNOWN,UNKNOWN,ON SCENE,INJURY AND / OR TOW DUE TO CRASH,,,Y,$500 OR LESS,02/13/2022 12:13:00 AM,UNABLE TO DETERMINE,NOT APPLICABLE,1566,N,MILWAUKEE AVE,1424,,,,,,,2,NONINCAPACITATING INJURY,1,0,0,1,0,1,0,15,7,2,41.909879819,-87.676913798,POINT (-87.676913797931 41.909879819378)
c29af861e3ef8179fd2c148b50a907e379a9ae3ccbde58dc95f59b19f68371ad600495923fc09123ca8d278db950c06d2c4d3594b71a1ab8cd0fc653aec1571a,JF281199,,06/15/2022 07:22:00 PM,30,STOP SIGN/FLASHER,FUNCTIONING PROPERLY,CLEAR,DAYLIGHT,PEDALCYCLIST,FOUR WAY,,STRAIGHT AND LEVEL,DRY,NO DEFECTS,ON SCENE,INJURY AND / OR TOW DUE TO CRASH,Y,,,"OVER $1,500",06/15/2022 07:48:00 PM,DRIVING ON WRONG SIDE/WRONG WAY,UNABLE TO DETERMINE,7599,S,SOUTH SHORE DR,421,,,,,,,2,INCAPACITATING INJURY,1,0,1,0,0,1,0,19,4,6,41.759023385,-87.555424894,POINT (-87.55542489402 41.759023384905)
c1ca0f45c6899b204d5004e4d9296b6a3faa8d4a9405ba77f726743e1a9a71605c890426ce933ece7cd231c4ea81ba2716b8a5880ea47854ad68a610fe1d3ca1,JF209910,,04/16/2022 03:53:00 PM,30,TRAFFIC SIGNAL,FUNCTIONING PROPERLY,CLEAR,DAYLIGHT,PEDALCYCLIST,DIVIDED - W/MEDIAN BARRIER,,STRAIGHT AND LEVEL,UNKNOWN,UNKNOWN,ON SCENE,NO INJURY / DRIVE AWAY,Y,,,"OVER $1,500",04/16/2022 03:54:00 PM,UNABLE TO DETERMINE,UNABLE TO DETERMINE,522,W,ROOSEVELT RD,124,,,,,,,2,NO INDICATION OF INJURY,0,0,0,0,0,2,0,15,7,4,41.867356182,-87.640226641,POINT (-87.640226640564 41.867356182227)
c28700b165a6a20428989373ea3725b0b8c0e7b50b3bc73e70a14202415604b6f7a4458f6a78c41c378dcecd07b49666e7a7be9f7e37a0e610a9380cce4de103,JF276790,Y,06/12/2022 11:00:00 AM,30,UNKNOWN,UNKNOWN,UNKNOWN,DAYLIGHT,PEDALCYCLIST,NOT DIVIDED,,STRAIGHT AND LEVEL,DRY,UNKNOWN,NOT ON SCENE (DESK REPORT),INJURY AND / OR TOW DUE TO CRASH,,,,"$501 - $1,500",06/12/2022 11:30:00 AM,UNABLE TO DETERMINE,UNABLE TO DETERMINE,5100,N,BROADWAY,2033,,,N,,,,2,"REPORTED, NOT EVIDENT",1,0,0,0,1,2,0,11,1,6,41.974645684,-87.659970179,POINT (-87.659970178971 41.974645683985)
c1338bc667b0d9b8774745c8ce835c394a38d02e7f52f139c8ad22761b05583529640558213fe52e185a52428bcc6c4fee779ef0c2274409acc29deb11b1655c,JE384768,,09/23/2021 05:30:00 PM,30,TRAFFIC SIGNAL,FUNCTIONING PROPERLY,CLEAR,DAYLIGHT,PEDALCYCLIST,FOUR WAY,,STRAIGHT AND LEVEL,DRY,NO DEFECTS,ON SCENE,INJURY AND / OR TOW DUE TO CRASH,Y,,,$500 OR LESS,09/23/2021 05:43:00 PM,UNABLE TO DETERMINE,NOT APPLICABLE,201,E,GRAND AVE,1834,,,,,,,2,NONINCAPACITATING INJURY,1,0,0,1,0,1,0,17,5,9,41.891652214,-87.622603814,POINT (-87.622603814088 41.89165221441)
c34cb01d2c2927c15f0cdf0598b57f00b71abbaa1ed602739acaf26c3a0fc5f2c2e32b50ec54b8918b259c586902785160d7aa44ee35ce96a44ef25cbbc7cda6,JF286226,,06/19/2022 12:45:00 PM,30,NO CONTROLS,FUNCTIONING PROPERLY,CLEAR,DAYLIGHT,PEDALCYCLIST,PARKING LOT,,STRAIGHT AND LEVEL,DRY,NO DEFECTS,NOT ON SCENE (DESK REPORT),INJURY AND / OR TOW DUE TO CRASH,,,,$500 OR LESS,06/19/2022 07:30:00 PM,FAILING TO YIELD RIGHT-OF-WAY,NOT APPLICABLE,6400,W,FULLERTON AVE,2512,,,,,,,2,"REPORTED, NOT EVIDENT",1,0,0,0,1,1,0,12,1,6,41.923786189,-87.785567206,POINT (-87.785567205622 41.923786188711)
c04d70d679e3cd968e8dcc2c497f055092c3125d9f1095a66ac0133b35b688e6089bba91fe37664303b62edecdb75ca24c441cb542967d9e2bb6ed8989636bff,JF252993,,05/23/2022 02:49:00 PM,30,TRAFFIC SIGNAL,UNKNOWN,UNKNOWN,DAYLIGHT,PEDALCYCLIST,"FIVE POINT, OR MORE",,STRAIGHT AND LEVEL,UNKNOWN,UNKNOWN,ON SCENE,NO INJURY / DRIVE AWAY,,,,"OVER $1,500",05/23/2022 02:49:00 PM,UNABLE TO DETERMINE,UNABLE TO DETERMINE,3302,W,GRAND AVE,1121,,,,,,,2,NO INDICATION OF INJURY,0,0,0,0,0,2,0,14,2,5,41.899531178,-87.709403437,POINT (-87.70940343684 41.899531178407)
c2bdef5c7f2ad957c70f012e5ec706d99ce21e6b86af28d9b21ffed2843d3b6e9b1b817d462b1b57ce7015adddf6d070b2e27c56a69ca2530320cab28fbda609,JF187384,,03/26/2022 03:08:00 PM,30,TRAFFIC SIGNAL,FUNCTIONING PROPERLY,CLEAR,DAYLIGHT,PEDALCYCLIST,DIVIDED - W/MEDIAN (NOT RAISED),,STRAIGHT AND LEVEL,DRY,NO DEFECTS,ON SCENE,INJURY AND / OR TOW DUE TO CRASH,,,,"$501 - $1,500",03/26/2022 03:19:00 PM,FAILING TO YIELD RIGHT-OF-WAY,NOT APPLICABLE,3159,W,ADDISON ST,1733,,,,,,,2,"REPORTED, NOT EVIDENT",1,0,0,0,1,1,0,15,7,3,41.946521971,-87.70775808,POINT (-87.707758079983 41.946521971142)
c5bbdc6d5c830a43121f12b811d76ce332d48d3b71cab39d1fc34c1e3917bf82046347a3a3b1829569919d7366326a3b42c69b56cb3e6b0eb1a5bf72dd03fae7,JF289439,,06/22/2022 07:40:00 AM,20,NO CONTROLS,NO CONTROLS,CLEAR,DAYLIGHT,PEDALCYCLIST,NOT DIVIDED,,STRAIGHT AND LEVEL,DRY,NO DEFECTS,ON SCENE,INJURY AND / OR TOW DUE TO CRASH,Y,,,"$501 - $1,500",06/22/2022 07:48:00 AM,FAILING TO YIELD RIGHT-OF-WAY,IMPROPER TURNING/NO SIGNAL,1400,N,MILWAUKEE AVE,1424,,,,,,,2,NONINCAPACITATING INJURY,1,0,0,1,0,1,0,7,4,6,41.907258596,-87.67281319,POINT (-87.672813190452 41.907258596391)
c542cbb2686badf03664699b0bd19675b4cdb1bc92ccb5c2507cfb86f3a02178fa39bb67695271de11b65dc254562e07978af1c5c851a450b0b48d1207a88451,JE415459,,10/19/2021 08:30:00 AM,30,UNKNOWN,UNKNOWN,UNKNOWN,UNKNOWN,PEDALCYCLIST,NOT DIVIDED,,STRAIGHT AND LEVEL,UNKNOWN,UNKNOWN,NOT ON SCENE (DESK REPORT),NO INJURY / DRIVE AWAY,,,Y,$500 OR LESS,10/19/2021 06:02:00 PM,UNABLE TO DETERMINE,UNABLE TO DETERMINE,900,N,WELLS ST,1823,,,,,,,2,NO INDICATION OF INJURY,0,0,0,0,0,2,0,8,3,10,41.899017814,-87.634439687,POINT (-87.634439687166 41.899017813777)
c67673eb9d8e6651001ee5a172de7042f652f77e0d05a864ed27ae884870f0f37d563a55b9f86e228db8c1b49e031ec38eac02bd31cc78a16cb670066ea79eb6,JF299571,,06/28/2022 06:15:00 PM,30,TRAFFIC SIGNAL,FUNCTIONING PROPERLY,CLEAR,DAYLIGHT,PEDALCYCLIST,NOT DIVIDED,,STRAIGHT AND LEVEL,UNKNOWN,NO DEFECTS,NOT ON SCENE (DESK REPORT),NO INJURY / DRIVE AWAY,,,,$500 OR LESS,06/30/2022 08:15:00 AM,NOT APPLICABLE,NOT APPLICABLE,1559,N,WELLS ST,1821,,,,,,,2,NO INDICATION OF INJURY,0,0,0,0,0,2,0,18,3,6,41.910845189,-87.634554115,POINT (-87.634554115232 41.910845189402)
c5d2cf102d895e6d738323119e563e2f50d429d0b5025872bfd1ebc5274dee600bd5804262d804c089ac5ecc8dd8fa697f98716fcc3e30182a514185b41491ac,JF281822,,06/16/2022 11:13:00 AM,30,NO CONTROLS,NO CONTROLS,CLEAR,DAYLIGHT,PEDALCYCLIST,NOT DIVIDED,,STRAIGHT AND LEVEL,DRY,NO DEFECTS,ON SCENE,INJURY AND / OR TOW DUE TO CRASH,Y,,,"$501 - $1,500",06/16/2022 11:20:00 AM,UNABLE TO DETERMINE,UNABLE TO DETERMINE,5499,W,BRYN MAWR AVE,1623,,,,,,,2,NONINCAPACITATING INJURY,1,0,0,1,0,1,0,11,5,6,41.98283931,-87.765842653,POINT (-87.765842652658 41.982839309592)
c5c107351b3ff7c727a8ad8d50b0adaaaea668f130e55a7022d652129a63b7c0e1f93d42035b2133ad91f8dfc5de23318d63a9be95488ce2ed51c71f28c2d54b,JF295429,,06/26/2022 06:30:00 AM,30,NO CONTROLS,NO CONTROLS,CLEAR,"DARKNESS, LIGHTED ROAD",PEDALCYCLIST,NOT DIVIDED,,STRAIGHT AND LEVEL,DRY,NO DEFECTS,ON SCENE,INJURY AND / OR TOW DUE TO CRASH,,,,"$501 - $1,500",06/27/2022 12:25:00 AM,FAILING TO YIELD RIGHT-OF-WAY,NOT APPLICABLE,1530,N,STATE PKWY,1824,,,,,,,2,NONINCAPACITATING INJURY,1,0,0,1,0,2,0,6,1,6,41.910436463,-87.629009975,POINT (-87.629009974745 41.910436462647)
c42d01b61b2f6b28166f5d531fd9b151d2540e13860c6fe2e08a67f51679a1ab8193623e2e4ca2eb7f5b195a7aeceec758fc9192cc18719fbd0dd83be72e5622,JE433886,,11/02/2021 04:00:00 PM,30,NO CONTROLS,NO CONTROLS,CLEAR,DAYLIGHT,PEDALCYCLIST,NOT DIVIDED,,STRAIGHT AND LEVEL,DRY,NO DEFECTS,NOT ON SCENE (DESK REPORT),INJURY AND / OR TOW DUE TO CRASH,,,,"OVER $1,500",11/04/2021 03:30:00 PM,UNABLE TO DETERMINE,NOT APPLICABLE,3138,N,HALSTED ST,1933,,,Y,,,,2,"REPORTED, NOT EVIDENT",1,0,0,0,1,2,0,16,3,11,41.938995303,-87.649382718,POINT (-87.649382718127 41.938995302751)
c56ec40879ad4ab0f041c8d98a5502fc0ad2c36e2eb20cc451775517c577c1d0760ae7b35c4ca4fdfce3c7a2d2bf8f3e578ae79d87430152ec06e8fab0bab541,JE415538,,10/19/2021 06:30:00 PM,30,TRAFFIC SIGNAL,FUNCTIONING PROPERLY,CLEAR,"DARKNESS, LIGHTED ROAD",PEDALCYCLIST,FOUR WAY,,STRAIGHT AND LEVEL,DRY,NO DEFECTS,ON SCENE,INJURY AND / OR TOW DUE TO CRASH,Y,,,"OVER $1,500",10/19/2021 06:35:00 PM,UNABLE TO DETERMINE,UNABLE TO DETERMINE,1558,W,CHICAGO AVE,1213,,,,,,,2,"REPORTED, NOT EVIDENT",1,0,0,0,1,1,0,18,3,10,41.896184781,-87.667213245,POINT (-87.667213244672 41.896184781324)
c622874aff7605ed9a7223b5b0742cb097af4414ad374a456e35b957497848fc439abce23a4b502e01a87a75c6d9412cdd94ebd41dd97881aec5d018e29541cf,JF225593,,04/30/2022 01:30:00 PM,30,TRAFFIC SIGNAL,UNKNOWN,CLOUDY/OVERCAST,DAYLIGHT,PEDALCYCLIST,FOUR WAY,,STRAIGHT AND LEVEL,WET,NO DEFECTS,ON SCENE,INJURY AND / OR TOW DUE TO CRASH,Y,,Y,"OVER $1,500",04/30/2022 01:31:00 PM,UNABLE TO DETERMINE,NOT APPLICABLE,1000,N,DAMEN AVE,1212,,,,,,,2,NONINCAPACITATING INJURY,1,0,0,1,0,1,0,13,7,4,41.899594831,-87.677303736,POINT (-87.677303736498 41.899594831439)
c54802b61114692629399b2078f94bfe6d7686c9439e5c82da0c674bfb3065cac9ae5370bf6e7e1a3f98452ba3b4d70a5677a86c4a84e42a426aa9a2d0dd9264,JF172008,,03/05/2022 11:15:00 PM,30,TRAFFIC SIGNAL,FUNCTIONING PROPERLY,UNKNOWN,"DARKNESS, LIGHTED ROAD",PEDALCYCLIST,DIVIDED - W/MEDIAN BARRIER,,STRAIGHT AND LEVEL,UNKNOWN,NO DEFECTS,NOT ON SCENE (DESK REPORT),INJURY AND / OR TOW DUE TO CRASH,,,,"$501 - $1,500",03/12/2022 09:15:00 PM,IMPROPER TURNING/NO SIGNAL,IMPROPER LANE USAGE,1018,W,ROOSEVELT RD,1232,,,,,,,2,NONINCAPACITATING INJURY,1,0,0,1,0,1,0,23,7,3,41.867185336,-87.651895185,POINT (-87.651895184582 41.867185336027)
c3dccfd79dc395fc58c8f19c41aa15980e8c1847eb51f5ce106606074bf6ba775649e35a4b7c1e63e682ce3a9ae1e2beb3e4e4c40386d07ab9777fb3e2822fa1,JF255224,,05/25/2022 02:40:00 PM,30,NO CONTROLS,NO CONTROLS,RAIN,DAYLIGHT,PEDALCYCLIST,T-INTERSECTION,,STRAIGHT AND LEVEL,WET,NO DEFECTS,ON SCENE,INJURY AND / OR TOW DUE TO CRASH,Y,,,"OVER $1,500",05/25/2022 02:43:00 PM,IMPROPER LANE USAGE,FAILING TO YIELD RIGHT-OF-WAY,4800,N,CLAREMONT AVE,2031,,,,,,,2,INCAPACITATING INJURY,1,0,1,0,0,1,0,14,4,5,41.968723257,-87.687838489,POINT (-87.687838488515 41.968723257014)
c51447a081c98edeb56cbbbf716078dd2eee094892bc0be5edb53bad16fb946203eeb9125c9da153fb98f9ff15a87d4dd0af1f51859129574aa536c4c3320ed6,JE424610,,10/27/2021 02:37:00 PM,30,TRAFFIC SIGNAL,FUNCTIONING PROPERLY,CLEAR,DAYLIGHT,PEDALCYCLIST,FOUR WAY,,STRAIGHT AND LEVEL,DRY,WORN SURFACE,ON SCENE,INJURY AND / OR TOW DUE TO CRASH,Y,,N,"OVER $1,500",10/27/2021 03:31:00 PM,UNABLE TO DETERMINE,UNABLE TO DETERMINE,1037,W,HOLLYWOOD AVE,2022,,Y,,,,,2,INCAPACITATING INJURY,1,0,1,0,0,1,0,14,4,10,41.985396052,-87.656738756,POINT (-87.656738755715 41.985396052186)