CRASH_RECORD_ID,RD_NO,CRASH_DATE_EST_I,CRASH_DATE,POSTED_SPEED_LIMIT,TRAFFIC_CONTROL_DEVICE,DEVICE_CONDITION,WEATHER_CONDITION,LIGHTING_CONDITION,FIRST_CRASH_TYPE,TRAFFICWAY_TYPE,LANE_CNT,ALIGNMENT,ROADWAY_SURFACE_COND,ROAD_DEFECT,REPORT_TYPE,CRASH_TYPE,INTERSECTION_RELATED_I,NOT_RIGHT_OF_WAY_I,HIT_AND_RUN_I,DAMAGE,DATE_POLICE_NOTIFIED,PRIM_CONTRIBUTORY_CAUSE,SEC_CONTRIBUTORY_CAUSE,STREET_NO,STREET_DIRECTION,STREET_NAME,BEAT_OF_OCCURRENCE,PHOTOS_TAKEN_I,STATEMENTS_TAKEN_I,DOORING_I,WORK_ZONE_I,WORK_ZONE_TYPE,WORKERS_PRESENT_I,NUM_UNITS,MOST_SEVERE_INJURY,INJURIES_TOTAL,INJURIES_FATAL,INJURIES_INCAPACITATING,INJURIES_NON_INCAPACITATING,INJURIES_REPORTED_NOT_EVIDENT,INJURIES_NO_INDICATION,INJURIES_UNKNOWN,CRASH_HOUR,CRASH_DAY_OF_WEEK,CRASH_MONTH,LATITUDE,LONGITUDE,LOCATION
c426b251dfb5eefc3e687b09d320a64bfd2021b28f8ecee368e8f341da4dae95c3884a32451b020545afbb7d943477ace5b2e550c34a333ec7b91ae820377085,JF113085,,01/14/2022 10:40:00 AM,35,UNKNOWN,UNKNOWN,RAIN,DAYLIGHT,PEDALCYCLIST,NOT DIVIDED,,STRAIGHT AND LEVEL,WET,NO DEFECTS,NOT ON SCENE (DESK REPORT),INJURY AND / OR TOW DUE TO CRASH,,,,"OVER $1,500",01/14/2022 08:00:00 PM,NOT APPLICABLE,NOT APPLICABLE,625,N,WABASH AVE,1834,,,,,,,2,NONINCAPACITATING INJURY,1,0,0,1,0,1,0,10,6,1,41.893255983,-87.626612464,POINT (-87.62661246369 41.893255982975)
c528654b2c8d2d72e856ce30fe73c167e8f413bd2b638b470ea9e5ea0acb4abc6b5312a4e79acbb8dde9af0b71fbac0a65bcef761133925379decbc6fd29dc15,JE372706,,09/14/2021 03:06:00 AM,35,NO CONTROLS,NO CONTROLS,CLEAR,"DARKNESS, LIGHTED ROAD",PEDALCYCLIST,NOT DIVIDED,,STRAIGHT AND LEVEL,DRY,NO DEFECTS,ON SCENE,NO INJURY / DRIVE AWAY,,,,$500 OR LESS,09/14/2021 03:10:00 AM,PHYSICAL CONDITION OF DRIVER,UNABLE TO DETERMINE,2645,W,NORTH AVE,1423,,,Y,,,,2,NO INDICATION OF INJURY,0,0,0,0,0,2,0,3,3,9,41.910138829,-87.693929908,POINT (-87.693929908158 41.910138828838)
c44426bea91ce747e3044fdb1f971bd769255733881ecf14b9865fd35f8e1f571b3fd08781167f9daf0a0bebca12d3bc4bc2e72b16353a50089ce297f3dcb7cc,JF307495,,07/06/2022 01:40:00 PM,30,TRAFFIC SIGNAL,FUNCTIONING PROPERLY,CLEAR,DAYLIGHT,PEDALCYCLIST,NOT DIVIDED,,STRAIGHT AND LEVEL,DRY,NO DEFECTS,ON SCENE,INJURY AND / OR TOW DUE TO CRASH,,,Y,$500 OR LESS,07/06/2022 01:42:00 PM,IMPROPER OVERTAKING/PASSING,NOT APPLICABLE,5255,W,MADISON ST,1522,,,,,,,2,NONINCAPACITATING INJURY,1,0,0,1,0,1,0,13,4,7,41.880236544,-87.757220392,POINT (-87.757220392117 41.880236543866)
c3cdacc22cd533bb69660a0df50eb3ddce03972cf54edde54bdc4931fd295fea510504f89f01562a8f4f6be0b5a9e4445f44f04134c59f5d29b8c2c3161a3901,JF157897,,02/27/2022 05:55:00 PM,30,NO CONTROLS,NO CONTROLS,CLEAR,DAYLIGHT,PEDALCYCLIST,DIVIDED - W/MEDIAN (NOT RAISED),,STRAIGHT AND LEVEL,DRY,NO DEFECTS,ON SCENE,INJURY AND / OR TOW DUE TO CRASH,,,Y,$500 OR LESS,02/27/2022 06:00:00 PM,IMPROPER OVERTAKING/PASSING,UNABLE TO DETERMINE,3052,N,LINCOLN AVE,1932,,,,,,,2,NONINCAPACITATING INJURY,1,0,0,1,0,1,0,17,1,2,41.937190315,-87.665409808,POINT (-87.665409807843 41.937190315262)
c79e3f5c258b42dc1a61e52155c59c46820b624ef90accedfac4ded1c2c543429caebce9fed9bf93e5ed8d88497e68652ec5fa1ff19ddff96bab6cc88ed183a0,JE430142,,10/25/2021 09:00:00 PM,20,UNKNOWN,UNKNOWN,RAIN,DARKNESS,PEDALCYCLIST,UNKNOWN,,STRAIGHT AND LEVEL,WET,UNKNOWN,NOT ON SCENE (DESK REPORT),NO INJURY / DRIVE AWAY,,,,$500 OR LESS,11/01/2021 02:45:00 PM,UNABLE TO DETERMINE,UNABLE TO DETERMINE,1053,E,95TH ST,511,,,,,,,2,NO INDICATION OF INJURY,0,0,0,0,0,2,0,21,2,10,41.72204228,-87.597521136,POINT (-87.597521136132 41.722042279947)
c9dc8abada5de0d9eb734b6d4efeb150b216a67194b64ef65e313c2b8804701e1ea5b23b48918cf7506ecade721aeba12278021dbd5a768092cdc82c77da2b58,JE376909,,09/17/2021 09:33:00 AM,30,TRAFFIC SIGNAL,FUNCTIONING PROPERLY,CLEAR,DAYLIGHT,PEDALCYCLIST,NOT DIVIDED,,STRAIGHT AND LEVEL,DRY,NO DEFECTS,NOT ON SCENE (DESK REPORT),NO INJURY / DRIVE AWAY,,,,"OVER $1,500",09/17/2021 10:50:00 AM,UNABLE TO DETERMINE,NOT APPLICABLE,100,E,18TH ST,132,,,,,,,2,NO INDICATION OF INJURY,0,0,0,0,0,2,0,9,6,9,41.857988264,-87.62389466,POINT (-87.623894660406 41.857988263931)
c94b1ebac9dd857fc557fb785d4bffca809477c193d59d4243cf917b7b6be590ec3ae15fda0895a87e0e2ffd8f8c9620696cababa39da15533d4365a82e194ec,JE389336,,09/27/2021 04:10:00 PM,30,NO CONTROLS,NO CONTROLS,CLEAR,DAYLIGHT,PEDALCYCLIST,NOT DIVIDED,,STRAIGHT AND LEVEL,DRY,NO DEFECTS,ON SCENE,INJURY AND / OR TOW DUE TO CRASH,,,Y,$500 OR LESS,09/27/2021 04:10:00 PM,FOLLOWING TOO CLOSELY,UNABLE TO DETERMINE,3468,N,KEDZIE AVE,1733,,,,,,,2,NONINCAPACITATING INJURY,1,0,0,1,0,1,0,16,2,9,41.94476988,-87.707922454,POINT (-87.707922453944 41.944769880273)
c6cf196bdf1dd78fbce7d8beecdcfa270161b602a7aa80ecd09955473704daa999c91da3d3011d521cc0d264dac4467fe43c3bba51b963306bd00c357be268a5,JF191157,,03/30/2022 09:02:00 AM,20,TRAFFIC SIGNAL,FUNCTIONING PROPERLY,CLOUDY/OVERCAST,DAYLIGHT,PEDALCYCLIST,NOT DIVIDED,,STRAIGHT AND LEVEL,DRY,NO DEFECTS,ON SCENE,INJURY AND / OR TOW DUE TO CRASH,Y,,,$500 OR LESS,03/30/2022 09:05:00 AM,"EVASIVE ACTION DUE TO ANIMAL, OBJECT, NONMOTORIST",UNABLE TO DETERMINE,158,W,MARQUETTE RD,722,,,,,,,3,NONINCAPACITATING INJURY,1,0,0,1,0,2,0,9,4,3,41.772822434,-87.629728207,POINT (-87.629728206947 41.772822433806)
c6c02c4763c9030e722a306eb73dd769969b9eb4ff0d8816e33fae5d99af6f63b2cffdebd6be847c00bb387e03ccd5eb60fa549a96cf9e5ad724157d7450c1cc,JF282629,,06/16/2022 09:28:00 PM,25,NO CONTROLS,NO CONTROLS,CLEAR,"DARKNESS, LIGHTED ROAD",PEDALCYCLIST,NOT DIVIDED,,STRAIGHT AND LEVEL,DRY,NO DEFECTS,ON SCENE,NO INJURY / DRIVE AWAY,,,,"$501 - $1,500",06/16/2022 09:37:00 PM,DRIVING SKILLS/KNOWLEDGE/EXPERIENCE,NOT APPLICABLE,5306,N,DELPHIA AVE,1614,,,,,,,3,NO INDICATION OF INJURY,0,0,0,0,0,4,0,21,5,6,41.975849758,-87.841692602,POINT (-87.841692601607 41.975849757741)
c6e09087e08d6f5a9d8c93d9c052d796c0607a404431b76cd966f86f679fe0f4a0c70ac15345dc071c78b3809d00f472535fd5f490ee7d3b5ed4aca813842a8d,JF184099,,03/23/2022 04:30:00 PM,30,NO CONTROLS,NO CONTROLS,RAIN,DAYLIGHT,PEDALCYCLIST,NOT DIVIDED,,STRAIGHT AND LEVEL,WET,NO DEFECTS,ON SCENE,INJURY AND / OR TOW DUE TO CRASH,,,,$500 OR LESS,03/23/2022 04:35:00 PM,UNABLE TO DETERMINE,NOT APPLICABLE,2240,W,AINSLIE ST,2031,,,,,,,2,"REPORTED, NOT EVIDENT",1,0,0,0,1,1,0,16,4,3,41.970589943,-87.685721085,POINT (-87.685721085205 41.970589942686)
c8c79d55cdc660d139a662c742e82770177893a392a1c3e7d61f12d437c52cbfd71de8c829db008a58bad37a6529669c8235c14c9d5942064cd4de2892ad0cbf,JE415678,,10/19/2021 08:10:00 PM,30,STOP SIGN/FLASHER,FUNCTIONING PROPERLY,CLEAR,"DARKNESS, LIGHTED ROAD",PEDALCYCLIST,FOUR WAY,,STRAIGHT AND LEVEL,DRY,UNKNOWN,ON SCENE,INJURY AND / OR TOW DUE TO CRASH,Y,,Y,$500 OR LESS,10/19/2021 08:15:00 PM,DISREGARDING STOP SIGN,FAILING TO YIELD RIGHT-OF-WAY,1900,W,DIVISION ST,1424,,,,,,,2,NONINCAPACITATING INJURY,1,0,0,1,0,1,0,20,3,10,41.903339181,-87.674885363,POINT (-87.674885362533 41.903339181122)
c85a66f41ffb8ae498d186b18c48a9e84be64d75b96a47653db9ac9e708a28eeba34ba59656b3a3a2a2cece153aa91db9ee8c2475b9c52fc12c918880c9ecf45,JF284963,,06/17/2022 06:30:00 PM,30,NO CONTROLS,NO CONTROLS,CLEAR,DAYLIGHT,PEDALCYCLIST,ONE-WAY,,STRAIGHT AND LEVEL,DRY,NO DEFECTS,,INJURY AND / OR TOW DUE TO CRASH,,,,$500 OR LESS,06/18/2022 05:00:00 PM,IMPROPER OVERTAKING/PASSING,NOT APPLICABLE,44,E,WALTON ST,1833,,,Y,,,,2,NONINCAPACITATING INJURY,1,0,0,1,0,2,0,18,6,6,41.900076949,-87.626609538,POINT (-87.62660953804 41.900076948614)
c89668bc027f6b05532b58643510610f13a49597531833e90776551cb136607b7af56bead26db22f689ddb726505a3ac76e2592da5ede82921e2e9e48f68dad6,JF265013,,06/01/2022 08:40:00 AM,30,NO CONTROLS,NO CONTROLS,CLEAR,DAYLIGHT,PEDALCYCLIST,NOT DIVIDED,,STRAIGHT AND LEVEL,UNKNOWN,UNKNOWN,NOT ON SCENE (DESK REPORT),INJURY AND / OR TOW DUE TO CRASH,,,,$500 OR LESS,06/02/2022 02:18:00 PM,DRIVING SKILLS/KNOWLEDGE/EXPERIENCE,UNABLE TO DETERMINE,3212,N,LINCOLN AVE,1922,,,,,,,2,NONINCAPACITATING INJURY,1,0,0,1,0,1,0,8,4,6,41.940036522,-87.669076344,POINT (-87.669076344046 41.940036522147)
c7bb8feeb4c477af47169435f6ccf13bbee758b3ec8eb48077f73b721fcae360cc82d25c63ed85a90885e1289d95318b9cac57a859e9c97ef8548856d349d884,JF193341,,04/01/2022 08:15:00 AM,30,STOP SIGN/FLASHER,FUNCTIONING PROPERLY,CLEAR,DAYLIGHT,PEDALCYCLIST,NOT DIVIDED,,STRAIGHT AND LEVEL,DRY,NO DEFECTS,ON SCENE,INJURY AND / OR TOW DUE TO CRASH,,,Y,$500 OR LESS,04/01/2022 08:20:00 AM,UNABLE TO DETERMINE,UNABLE TO DETERMINE,4359,W,BELMONT AVE,2523,,,,,,,2,NONINCAPACITATING INJURY,1,0,0,1,0,1,0,8,6,4,41.938852441,-87.736980572,POINT (-87.736980571951 41.938852440777)
c745ad4bff15319aa88a39e29a7dc24bc817c7028d56118a66a798661ee2ad01c53291a0fe7dcf985792af07e0b957f586b0d81ee28cb9b03fde4352fdac6b1b,JF260194,,05/29/2022 12:30:00 PM,30,NO CONTROLS,NO CONTROLS,CLEAR,DAYLIGHT,PEDALCYCLIST,ONE-WAY,,STRAIGHT AND LEVEL,DRY,NO DEFECTS,NOT ON SCENE (DESK REPORT),INJURY AND / OR TOW DUE TO CRASH,,,,$500 OR LESS,05/29/2022 04:50:00 PM,UNABLE TO DETERMINE,NOT APPLICABLE,1440,W,BERWYN AVE,2013,,,Y,,,,2,INCAPACITATING INJURY,1,0,1,0,0,1,0,12,1,5,41.978156506,-87.666432327,POINT (-87.666432327218 41.978156505606)
c749c69c540cd9b9527013b759de94454cc743cf1e011ae8ce36d1bb2023bee8beffa570d0ba240f349b0714584b49be32c862dda2805afd91c8aaa8249915fa,JE386756,,09/25/2021 11:30:00 AM,30,NO CONTROLS,NO CONTROLS,CLEAR,DAYLIGHT,PEDALCYCLIST,DIVIDED - W/MEDIAN (NOT RAISED),,STRAIGHT AND LEVEL,DRY,NO DEFECTS,ON SCENE,INJURY AND / OR TOW DUE TO CRASH,,,,$500 OR LESS,09/25/2021 11:47:00 AM,UNABLE TO DETERMINE,UNABLE TO DETERMINE,2535,N,CALIFORNIA AVE,1431,,,,,,,2,NONINCAPACITATING INJURY,1,0,0,1,0,1,0,11,7,9,41.927613868,-87.697346597,POINT (-87.697346597259 41.927613867518)
cd0641874cbdc458932333428c8d5b7c26988c933d364ad2a250493977dae0aebff177ddeb9040515d9178cfc5f053a558ed99804177f516e0c1a3ce6bb08850,JF218376,,04/24/2022 12:40:00 PM,35,NO CONTROLS,NO CONTROLS,RAIN,DAYLIGHT,PEDALCYCLIST,DIVIDED - W/MEDIAN (NOT RAISED),,STRAIGHT AND LEVEL,WET,NO DEFECTS,ON SCENE,INJURY AND / OR TOW DUE TO CRASH,,,,"$501 - $1,500",04/24/2022 12:45:00 PM,UNABLE TO DETERMINE,NOT APPLICABLE,5910,S,ARCHER AVE,811,,,,,,,2,NONINCAPACITATING INJURY,1,0,0,1,0,1,0,12,1,4,41.795672945,-87.763362237,POINT (-87.763362237051 41.795672945232)
cc7a603f32c37b09805e4963c66a9120dee75b8129a617d0099587952616eefac473989c29eb4f74aa520b37f0d227f0a2e63831a902c0434dff86e52ff5f6e5,JE368229,,09/10/2021 09:00:00 AM,25,STOP SIGN/FLASHER,FUNCTIONING PROPERLY,CLEAR,DAYLIGHT,PEDALCYCLIST,DIVIDED - W/MEDIAN (NOT RAISED),,STRAIGHT AND LEVEL,DRY,UNKNOWN,ON SCENE,INJURY AND / OR TOW DUE TO CRASH,,,Y,"OVER $1,500",09/10/2021 09:23:00 AM,FOLLOWING TOO CLOSELY,UNABLE TO DETERMINE,5201,S,WOODLAWN AVE,234,,,,,,,2,NONINCAPACITATING INJURY,1,0,0,1,0,1,0,9,6,9,41.800851637,-87.596528517,POINT (-87.596528517182 41.800851636868)
ca48029d51f4d1d99f3b7f32893a7e7d98df16b6f03d3aeed335697516e08c595040cd43fa5926a49c16292ec800a528b57e797a608fb84a24937580e3054817,JF178674,,03/18/2022 06:10:00 PM,35,NO CONTROLS,NO CONTROLS,RAIN,DUSK,PEDALCYCLIST,NOT DIVIDED,,STRAIGHT AND LEVEL,WET,NO DEFECTS,ON SCENE,NO INJURY / DRIVE AWAY,,,,$500 OR LESS,03/18/2022 06:10:00 PM,UNABLE TO DETERMINE,NOT APPLICABLE,2706,N,HALSTED ST,1935,,,Y,,,,2,NO INDICATION OF INJURY,0,0,0,0,0,2,0,18,6,3,41.93175707,-87.649124688,POINT (-87.649124688182 41.931757070123)
cce2b697955ac8d5dd429ebd351299ddf0eefe590521968e82bf0182a143f4f94f3375340da37beebd071f53326d4268c47dd76ca83f93e6c29b6bfdf2f118c3,JF329948,,07/24/2022 04:45:00 PM,30,NO CONTROLS,NO CONTROLS,CLEAR,DAYLIGHT,PEDALCYCLIST,NOT DIVIDED,,STRAIGHT AND LEVEL,DRY,NO DEFECTS,NOT ON SCENE (DESK REPORT),INJURY AND / OR TOW DUE TO CRASH,,,,$500 OR LESS,07/24/2022 05:09:00 PM,UNABLE TO DETERMINE,UNABLE TO DETERMINE,11315,S,DOTY AVE W,531,,,,,,,2,NONINCAPACITATING INJURY,1,0,0,1,0,1,0,16,1,7,41.688648623,-87.60044208,POINT (-87.600442080159 41.688648622709)
ca11ecd2a34bf3ca3a23c0e85f8d92b264507e9d6df54b9d57e3deed012c1b95f97bfbc45fcef1d249df7cd0ceb741e4a61989224d8a2d63e42120a25a25a4c1,JF158968,,02/28/2022 05:17:00 PM,35,NO CONTROLS,UNKNOWN,CLEAR,DAYLIGHT,PEDALCYCLIST,NOT DIVIDED,,STRAIGHT AND LEVEL,DRY,NO DEFECTS,ON SCENE,INJURY AND / OR TOW DUE TO CRASH,,,,"OVER $1,500",02/28/2022 05:17:00 PM,UNABLE TO DETERMINE,UNABLE TO DETERMINE,4416,W,BELMONT AVE,1731,,,,,,,2,NONINCAPACITATING INJURY,1,0,0,1,0,1,0,17,2,2,41.939062336,-87.737779507,POINT (-87.737779506801 41.939062335974)
cd58669ac1cea49450d1fc8be163ea16e80ab70c1d36930f2b0b0f9789a44be7769c86a89870ce7a292eccafb49e4cd0f99e238b5c04045b5b5743b73dceaedd,JF153738,,02/22/2022 05:00:00 PM,30,NO CONTROLS,NO CONTROLS,UNKNOWN,UNKNOWN,PEDALCYCLIST,DIVIDED - W/MEDIAN (NOT RAISED),,STRAIGHT AND LEVEL,UNKNOWN,UNKNOWN,,NO INJURY / DRIVE AWAY,,,,"OVER $1,500",02/23/2022 03:20:00 PM,UNABLE TO DETERMINE,NOT APPLICABLE,2259,W,WILSON AVE,1911,,,Y,,,,2,NO INDICATION OF INJURY,0,0,0,0,0,2,0,17,3,2,41.964799947,-87.686130247,POINT (-87.686130246863 41.964799946654)
cafcac10e2b247872d86cbe62450dc019e00133847da3fe4048dc533612c6edd3bdeb99413115d3ac73d8bc2d5aa37d0bae309a6bd076e89166b72c6037b4c8c,JE427973,,10/30/2021 02:25:00 PM,25,STOP SIGN/FLASHER,FUNCTIONING PROPERLY,CLEAR,DAYLIGHT,PEDALCYCLIST,FOUR WAY,,STRAIGHT AND LEVEL,DRY,NO DEFECTS,ON SCENE,INJURY AND / OR TOW DUE TO CRASH,Y,,,$500 OR LESS,10/30/2021 02:27:00 PM,DISREGARDING STOP SIGN,UNABLE TO DETERMINE,3234,N,BROADWAY,1925,,,,,,,2,"REPORTED, NOT EVIDENT",1,0,0,0,1,1,0,14,7,10,41.941077557,-87.644578608,POINT (-87.644578607645 41.941077557143)
cd29b471e081ad2f3e70da9fffda6255347f0c3f640edf650cfa1a00022effabf12cb526cee0bd2142b73784ec519a968376ab617881a3ffc73d3793cad117fa,JF282245,,06/14/2022 05:45:00 PM,30,TRAFFIC SIGNAL,FUNCTIONING PROPERLY,CLEAR,DAYLIGHT,PEDALCYCLIST,FOUR WAY,,STRAIGHT AND LEVEL,DRY,NO DEFECTS,NOT ON SCENE (DESK REPORT),INJURY AND / OR TOW DUE TO CRASH,Y,,,$500 OR LESS,06/16/2022 04:30:00 PM,UNABLE TO DETERMINE,UNABLE TO DETERMINE,200,W,FULLERTON DR,1935,,,,,,,2,NONINCAPACITATING INJURY,1,0,0,1,0,1,0,17,3,6,41.925847374,-87.633772904,POINT (-87.633772903822 41.925847374264)
ca6ccfd5fe92b0b62945751e341513fda4c9917fe4c05c66997ae32028598ef1796b613402f4f5c65c269a6cdaa50447888b4c3d22a1328ae89107bb7a743409,JE439539,,11/09/2021 03:12:00 PM,25,NO CONTROLS,NO CONTROLS,CLEAR,DAYLIGHT,PEDALCYCLIST,NOT DIVIDED,,STRAIGHT AND LEVEL,DRY,NO DEFECTS,ON SCENE,INJURY AND / OR TOW DUE TO CRASH,Y,,,"OVER $1,500",11/09/2021 03:35:00 PM,NOT APPLICABLE,NOT APPLICABLE,1501,W,LAWRENCE AVE,1912,,,,,,,2,NONINCAPACITATING INJURY,1,0,0,1,0,4,0,15,3,11,41.968787904,-87.667587824,POINT (-87.667587824021 41.968787903796)
ca4e8d4eb39263a2b1d172d6c5aff8c2a94da40d6a48373eca2a135c245036acc08947c074445ffee34a9b8b49e19b0440cfa61e20a038f50db5c8ceaa139af9,JE384934,,09/23/2021 04:50:00 PM,30,TRAFFIC SIGNAL,UNKNOWN,CLEAR,DAYLIGHT,PEDALCYCLIST,NOT DIVIDED,,STRAIGHT AND LEVEL,DRY,OTHER,NOT ON SCENE (DESK REPORT),NO INJURY / DRIVE AWAY,,,,$500 OR LESS,09/23/2021 08:08:00 PM,IMPROPER LANE USAGE,IMPROPER LANE USAGE,1600,W,99TH ST,2213,,,,,,,2,NO INDICATION OF INJURY,0,0,0,0,0,2,0,16,5,9,41.714063408,-87.663431797,POINT (-87.663431796767 41.714063408125)
ccb7c59c3dddae4f40440654abce3b92f7d03461476d98023902b71057027a8ece958b4cbd467ce395357280b527853e22508c0d59f1f59b278b31dad742f72a,JF284609,,06/18/2022 12:00:00 PM,30,NO CONTROLS,NO CONTROLS,CLEAR,DAYLIGHT,PEDALCYCLIST,NOT DIVIDED,,STRAIGHT AND LEVEL,DRY,NO DEFECTS,ON SCENE,INJURY AND / OR TOW DUE TO CRASH,,,,"$501 - $1,500",06/18/2022 12:04:00 PM,UNABLE TO DETERMINE,UNABLE TO DETERMINE,1552,N,WELLS ST,1821,,,N,,,,2,NONINCAPACITATING INJURY,1,0,0,1,0,1,0,12,7,6,41.910676091,-87.634842737,POINT (-87.634842736593 41.910676090906)
ccfdbf1298f777c36d253c5692b6144872c1113563fe42e3b1c08a407744707cd592cf44780c58f47d2119551b71298be6e8ab5ac59ad1101afd94d815d9cebc,JF151274,,02/21/2022 11:00:00 AM,30,NO CONTROLS,NO CONTROLS,CLEAR,DAYLIGHT,PEDALCYCLIST,NOT DIVIDED,,STRAIGHT AND LEVEL,UNKNOWN,UNKNOWN,,INJURY AND / OR TOW DUE TO CRASH,,,,$500 OR LESS,02/21/2022 11:01:00 AM,UNABLE TO DETERMINE,NOT APPLICABLE,3864,N,LINCOLN AVE,1922,,,Y,,,,2,NONINCAPACITATING INJURY,1,0,0,1,0,1,0,11,2,2,41.952152478,-87.677525011,POINT (-87.67752501098 41.952152477603)
cc4c7d281d79b412e13f6e55e0a49349bcc26cfa48d93a59eab1666ede9a4267a0277bc13f8cc92197ccdba0666123b3091c8c6a08ea2a264a515b99f88abd18,JF193073,,03/31/2022 10:01:00 PM,30,TRAFFIC SIGNAL,FUNCTIONING PROPERLY,SLEET/HAIL,DARKNESS,PEDALCYCLIST,FOUR WAY,,STRAIGHT AND LEVEL,WET,NO DEFECTS,NOT ON SCENE (DESK REPORT),INJURY AND / OR TOW DUE TO CRASH,Y,,,"OVER $1,500",03/31/2022 10:01:00 PM,FAILING TO YIELD RIGHT-OF-WAY,NOT APPLICABLE,322,W,HUBBARD ST,1831,,,,,,,2,NONINCAPACITATING INJURY,1,0,0,1,0,1,0,22,5,3,41.890060723,-87.636461833,POINT (-87.636461833108 41.890060722783)
cb5d3950a82470cf753b09c9b1272322186e7b563fe4e09bb6a48844d187292d7b3715edc3075e7d62b10d6aa216d7cd8a094477e485fe35a8c530c039dc9c83,JF232819,,05/06/2022 07:25:00 PM,30,NO CONTROLS,NO CONTROLS,RAIN,DAYLIGHT,PEDALCYCLIST,DIVIDED - W/MEDIAN (NOT RAISED),,STRAIGHT AND LEVEL,WET,NO DEFECTS,ON SCENE,INJURY AND / OR TOW DUE TO CRASH,,,,$500 OR LESS,05/06/2022 07:45:00 PM,UNABLE TO DETERMINE,UNABLE TO DETERMINE,2640,N,CLARK ST,1935,,,,,,,2,NONINCAPACITATING INJURY,1,0,0,1,0,1,0,19,6,5,41.930623108,-87.644011335,POINT (-87.64401133488 41.93062310818)
cccdaa3f6c9b3c74a6d4e8b9e9688eb3e16a5add4f7dd73179ec1e01956db93b7e205d0620a17524a22eb1baee30ad5e32fcbec6f631df1c5e309c7c20667050,JE445659,,11/14/2021 10:30:00 AM,30,NO CONTROLS,NO CONTROLS,CLEAR,DAYLIGHT,PEDALCYCLIST,NOT DIVIDED,,STRAIGHT ON GRADE,DRY,NO DEFECTS,NOT ON SCENE (DESK REPORT),INJURY AND / OR TOW DUE TO CRASH,,,,"$501 - $1,500",11/15/2021 08:30:00 AM,UNABLE TO DETERMINE,NOT APPLICABLE,2422,N,ELSTON AVE,1432,,,,,,,2,NONINCAPACITATING INJURY,1,0,0,1,0,1,0,10,1,11,41.925467663,-87.678287511,POINT (-87.67828751062 41.925467663247)
cbeb1203262650209178723497aed5738a1802991b6c2f5e6c67724855bfffa77f1eb6c98d5a34da2aff9994235c613d364cd5402fe1bd353f98f78456b3e26f,JE409928,,10/14/2021 06:53:00 PM,20,NO CONTROLS,NO CONTROLS,CLEAR,"DARKNESS, LIGHTED ROAD",PEDALCYCLIST,ONE-WAY,,STRAIGHT AND LEVEL,DRY,NO DEFECTS,ON SCENE,NO INJURY / DRIVE AWAY,,,,$500 OR LESS,10/14/2021 06:58:00 PM,FAILING TO YIELD RIGHT-OF-WAY,FAILING TO YIELD RIGHT-OF-WAY,5545,N,CHRISTIANA AVE,1712,,,,,,,2,NO INDICATION OF INJURY,0,0,0,0,0,2,0,18,5,10,41.982540678,-87.712352262,POINT (-87.712352261747 41.982540678016)
ca3ccd0bf2aa1fe2f85c687875f77edb37b2be7890155215c566355e160399500ea2c71f0c775569b03c758e243711d669f38dfcf51cae3eec5ed8dbf7ba239b,JE390976,,09/28/2021 08:15:00 PM,30,TRAFFIC SIGNAL,UNKNOWN,CLEAR,"DARKNESS, LIGHTED ROAD",PEDALCYCLIST,FOUR WAY,,STRAIGHT AND LEVEL,DRY,UNKNOWN,ON SCENE,INJURY AND / OR TOW DUE TO CRASH,Y,,Y,"OVER $1,500",09/28/2021 08:17:00 PM,UNABLE TO DETERMINE,UNABLE TO DETERMINE,5400,W,FULLERTON AVE,2515,,,,,,,2,NONINCAPACITATING INJURY,1,0,0,1,0,1,0,20,3,9,41.924153529,-87.761132662,POINT (-87.761132662061 41.924153528709)
ca31c2039f55f696fd1b2de6394ee9ab9cc6ab045a70647de4fe7780fc76185c7921f03c55de2094fda8271fb83370c997a4930d0b005e445ad84b381643798f,JE362455,,09/05/2021 12:44:00 PM,30,TRAFFIC SIGNAL,FUNCTIONING PROPERLY,CLEAR,DAYLIGHT,PEDALCYCLIST,FOUR WAY,,STRAIGHT AND LEVEL,DRY,NO DEFECTS,ON SCENE,INJURY AND / OR TOW DUE TO CRASH,,,Y,$500 OR LESS,09/05/2021 12:44:00 PM,UNABLE TO DETERMINE,NOT APPLICABLE,3300,S,WENTWORTH AVE,915,,,,,,,2,NONINCAPACITATING INJURY,1,0,0,1,0,1,0,12,1,9,41.834498022,-87.631745801,POINT (-87.631745801426 41.834498021652)
cb92e0809b2eba6d4684a8be6ecc73097d92f32adeb8a0e64e73548383290dad466169e5180b79136a1fa9f52c85a4270a4ce2e53b2763171fb8bddc52881ed2,JF292549,,06/24/2022 04:07:00 PM,30,NO CONTROLS,NO CONTROLS,CLEAR,DAYLIGHT,PEDALCYCLIST,DIVIDED - W/MEDIAN (NOT RAISED),,STRAIGHT AND LEVEL,DRY,NO DEFECTS,ON SCENE,INJURY AND / OR TOW DUE TO CRASH,Y,,,"OVER $1,500",06/24/2022 04:07:00 PM,FAILING TO YIELD RIGHT-OF-WAY,UNABLE TO DETERMINE,6246,S,AUSTIN AVE,812,N,N,,,,,2,INCAPACITATING INJURY,1,0,1,0,0,1,0,16,6,6,41.778292628,-87.771657253,POINT (-87.771657253438 41.778292628035)