CRASH_RECORD_ID,RD_NO,CRASH_DATE_EST_I,CRASH_DATE,POSTED_SPEED_LIMIT,TRAFFIC_CONTROL_DEVICE,DEVICE_CONDITION,WEATHER_CONDITION,LIGHTING_CONDITION,FIRST_CRASH_TYPE,TRAFFICWAY_TYPE,LANE_CNT,ALIGNMENT,ROADWAY_SURFACE_COND,ROAD_DEFECT,REPORT_TYPE,CRASH_TYPE,INTERSECTION_RELATED_I,NOT_RIGHT_OF_WAY_I,HIT_AND_RUN_I,DAMAGE,DATE_POLICE_NOTIFIED,PRIM_CONTRIBUTORY_CAUSE,SEC_CONTRIBUTORY_CAUSE,STREET_NO,STREET_DIRECTION,STREET_NAME,BEAT_OF_OCCURRENCE,PHOTOS_TAKEN_I,STATEMENTS_TAKEN_I,DOORING_I,WORK_ZONE_I,WORK_ZONE_TYPE,WORKERS_PRESENT_I,NUM_UNITS,MOST_SEVERE_INJURY,INJURIES_TOTAL,INJURIES_FATAL,INJURIES_INCAPACITATING,INJURIES_NON_INCAPACITATING,INJURIES_REPORTED_NOT_EVIDENT,INJURIES_NO_INDICATION,INJURIES_UNKNOWN,CRASH_HOUR,CRASH_DAY_OF_WEEK,CRASH_MONTH,LATITUDE,LONGITUDE,LOCATION
cb9c7c4c0283b29e22e448e7b2217188e780d9b790e2493b3d2a3fbdccc2a13e5c0b085463b5a186068553355463041b02801eba2a1865e5fccd890bc5ed0115,JE361488,,09/04/2021 02:30:00 PM,30,NO CONTROLS,NO CONTROLS,CLEAR,DAYLIGHT,PEDALCYCLIST,DIVIDED - W/MEDIAN (NOT RAISED),,STRAIGHT AND LEVEL,DRY,NO DEFECTS,ON SCENE,NO INJURY / DRIVE AWAY,,,Y,$500 OR LESS,09/04/2021 03:00:00 PM,UNABLE TO DETERMINE,UNABLE TO DETERMINE,1011,W,DIVISION ST,1822,,,,,,,2,NO INDICATION OF INJURY,0,0,0,0,0,2,0,14,7,9,41.903459596,-87.653035834,POINT (-87.653035833619 41.903459595962)
ca252f6a21262fc60dfa27bb2a43afecc1c794f0dea5bcd3dcc17dbe3e77754db8c67059e9c31d29a356b74775658840b29936e919672574592c5ff2655a45af,JF227974,,05/02/2022 05:55:00 PM,30,NO CONTROLS,NO CONTROLS,CLEAR,DAYLIGHT,PEDALCYCLIST,NOT DIVIDED,,STRAIGHT AND LEVEL,DRY,NO DEFECTS,ON SCENE,INJURY AND / OR TOW DUE TO CRASH,,,Y,"OVER $1,500",05/02/2022 05:56:00 PM,FAILING TO YIELD RIGHT-OF-WAY,UNABLE TO DETERMINE,1332,N,MILWAUKEE AVE,1424,,,,,,,2,NONINCAPACITATING INJURY,1,0,0,1,0,1,0,17,2,5,41.90588472,-87.670665085,POINT (-87.670665085108 41.905884720172)
cb30d71637b303d1c166691225d2a6405be5128c0a347c39b41b0a0dbfa85b0fcaf7b2c190c3da4ffaf0bf2298d1ae5fa7e2ef836a75e7b0cb3dceb9d4e5a07e,JE420923,,10/24/2021 01:50:00 PM,10,NO CONTROLS,NO CONTROLS,RAIN,DAYLIGHT,PEDALCYCLIST,ALLEY,,STRAIGHT AND LEVEL,WET,NO DEFECTS,,INJURY AND / OR TOW DUE TO CRASH,,,,"$501 - $1,500",10/24/2021 03:40:00 PM,FAILING TO YIELD RIGHT-OF-WAY,FAILING TO REDUCE SPEED TO AVOID CRASH,4415,N,HARDING AVE,1723,,,,,,,2,"REPORTED, NOT EVIDENT",1,0,0,0,1,1,0,13,1,10,41.961425661,-87.726470001,POINT (-87.72647000127 41.961425660555)
ca6b91175baa310e5c71a5d28ff59da8765cd67e7ad0acea497b8b240e34ca5b8aca6ac112e92527b2d8df19b5aec87235ccf593768019b450bbc20f3361e003,JE433891,,11/04/2021 03:25:00 PM,30,STOP SIGN/FLASHER,FUNCTIONING PROPERLY,CLEAR,DAYLIGHT,PEDALCYCLIST,T-INTERSECTION,,STRAIGHT AND LEVEL,DRY,NO DEFECTS,ON SCENE,INJURY AND / OR TOW DUE TO CRASH,Y,,,"OVER $1,500",11/04/2021 03:28:00 PM,"VISION OBSCURED (SIGNS, TREE LIMBS, BUILDINGS, ETC.)",NOT APPLICABLE,3558,N,TROY ST,1733,,,,,,,2,NONINCAPACITATING INJURY,1,0,0,1,0,1,0,15,5,11,41.946471753,-87.706736584,POINT (-87.706736583748 41.946471753106)
d0bf973f71c525083573e9530204cf6d1f541c2429670110f789021f33f8ed303b3ad8994f848afd784153617b6131e35e1616120f0808254431adef69a43bbe,JF191869,,03/30/2022 07:02:00 PM,30,NO CONTROLS,NO CONTROLS,RAIN,"DARKNESS, LIGHTED ROAD",PEDALCYCLIST,NOT DIVIDED,,STRAIGHT AND LEVEL,WET,NO DEFECTS,ON SCENE,NO INJURY / DRIVE AWAY,,,,"$501 - $1,500",03/30/2022 07:05:00 PM,WEATHER,NOT APPLICABLE,433,W,HARRISON ST,124,,,Y,,,,2,NO INDICATION OF INJURY,0,0,0,0,0,1,0,19,4,3,41.874301044,-87.639082121,POINT (-87.639082121332 41.874301044496)
cfb823ed2e948d20cd1cbd50b368e2ee9d119b98444c386c036167c0bc3ee34457adfb70c83127a6e0ecd52707e653c60cb10587c2bb6d744e7f0cbe3e30c2da,JE397121,,10/03/2021 11:39:00 PM,15,NO CONTROLS,NO CONTROLS,CLEAR,"DARKNESS, LIGHTED ROAD",PEDALCYCLIST,NOT DIVIDED,,STRAIGHT AND LEVEL,DRY,UNKNOWN,ON SCENE,INJURY AND / OR TOW DUE TO CRASH,,N,,"OVER $1,500",10/03/2021 11:39:00 PM,IMPROPER LANE USAGE,IMPROPER OVERTAKING/PASSING,3306,S,LITUANICA AVE,913,,,Y,,,,2,NONINCAPACITATING INJURY,1,0,0,1,0,1,0,23,1,10,41.834553401,-87.648767228,POINT (-87.648767228014 41.834553401184)
ceead937e2bb914dd381aae3bbf3d38c1a9d6a83672122f3e30c13b8d91b41b7c05d692a8a8df2bcb7d5933c95ace6700a25d6fb7f99fe14afad0f088f601083,JF113057,,01/14/2022 06:30:00 PM,35,NO CONTROLS,NO CONTROLS,SNOW,"DARKNESS, LIGHTED ROAD",PEDALCYCLIST,NOT DIVIDED,,STRAIGHT AND LEVEL,WET,NO DEFECTS,NOT ON SCENE (DESK REPORT),NO INJURY / DRIVE AWAY,,,,"$501 - $1,500",01/14/2022 07:30:00 PM,UNABLE TO DETERMINE,UNABLE TO DETERMINE,50,E,CONGRESS PKWY,113,,,,,,,2,NO INDICATION OF INJURY,0,0,0,0,0,2,0,18,6,1,41.875802599,-87.625734412,POINT (-87.625734412266 41.875802599285)
cde691fcf3b048608d01c99ef08fe5180d2573d01e117ef5e31a8a9affedbfb702cf7caee32b48ee6d70d7d7d99ac7573ec5bd70f1b286417388a4c435a1958e,JF258359,,05/27/2022 10:23:00 PM,30,STOP SIGN/FLASHER,FUNCTIONING PROPERLY,CLEAR,"DARKNESS, LIGHTED ROAD",PEDALCYCLIST,DIVIDED - W/MEDIAN (NOT RAISED),,STRAIGHT AND LEVEL,DRY,UNKNOWN,ON SCENE,INJURY AND / OR TOW DUE TO CRASH,Y,,Y,"$501 - $1,500",05/27/2022 10:23:00 PM,FAILING TO YIELD RIGHT-OF-WAY,DISREGARDING TRAFFIC SIGNALS,8300,S,COTTAGE GROVE AVE,632,,,,,,,2,INCAPACITATING INJURY,1,0,1,0,0,1,0,22,6,5,41.743873821,-87.605176161,POINT (-87.605176160557 41.743873821012)
cf0b233423b2ad3e2223efe53ffad48fbfc48ed1ca1144851a1d8dfc130c62baf9b22ef58f1cdb0a19963f8df6aba9410d330ddec12b809a0de1e516dd0d0c16,JF315736,,07/13/2022 08:21:00 AM,30,NO CONTROLS,NO CONTROLS,CLEAR,DAYLIGHT,PEDALCYCLIST,NOT DIVIDED,,STRAIGHT AND LEVEL,DRY,NO DEFECTS,ON SCENE,INJURY AND / OR TOW DUE TO CRASH,,,,"$501 - $1,500",07/13/2022 08:21:00 AM,NOT APPLICABLE,NOT APPLICABLE,1426,N,MILWAUKEE AVE,1424,,,Y,,,,2,NONINCAPACITATING INJURY,1,0,0,1,0,0,0,8,4,7,41.907798314,-87.673658835,POINT (-87.67365883545 41.907798313748)
cf55fa251f4b8db24df0ca53d9e4fd8cca84a11970bb4de0bdca415952975dff26b86864373aee35f4d99bf8640a90f7aa6fff2e03811125f22356b3c596afdb,JE414915,,10/19/2021 09:47:00 AM,30,NO CONTROLS,NO CONTROLS,CLEAR,DAYLIGHT,PEDALCYCLIST,NOT DIVIDED,,STRAIGHT AND LEVEL,DRY,NO DEFECTS,ON SCENE,NO INJURY / DRIVE AWAY,,,,"$501 - $1,500",10/19/2021 09:47:00 AM,IMPROPER TURNING/NO SIGNAL,UNABLE TO DETERMINE,1629,W,DIVISION ST,1213,,,,,,,2,NO INDICATION OF INJURY,0,0,0,0,0,2,0,9,3,10,41.903218374,-87.6686556,POINT (-87.668655599545 41.903218373588)
cef8bc4cf36c252547d8d05fde913a0069b437df9eb2c4045ef161bc7164ff7aa5af34b71d97d76765dc57c11ac8cd1af15f7c55462481a14f33b3b9ab225f7f,JF242525,,05/14/2022 07:00:00 PM,30,TRAFFIC SIGNAL,UNKNOWN,CLEAR,DAYLIGHT,PEDALCYCLIST,NOT DIVIDED,,STRAIGHT AND LEVEL,DRY,UNKNOWN,NOT ON SCENE (DESK REPORT),NO INJURY / DRIVE AWAY,Y,,Y,"OVER $1,500",05/14/2022 09:20:00 PM,UNABLE TO DETERMINE,NOT APPLICABLE,3159,N,LARAMIE AVE,2521,,,,,,,2,NO INDICATION OF INJURY,0,0,0,0,0,2,0,19,7,5,41.938657777,-87.756540869,POINT (-87.756540869335 41.93865777707)
d03f4217941f897c4d80b91a7287e3b9ebe094d2fac639d992d1a31a70fbf66a21097a4ddb00118ef0fb7fdbd1fac95bd21a37633037848c4a9066711f5190e5,JE447541,,11/16/2021 07:15:00 PM,30,TRAFFIC SIGNAL,FUNCTIONING PROPERLY,CLEAR,"DARKNESS, LIGHTED ROAD",PEDALCYCLIST,DIVIDED - W/MEDIAN (NOT RAISED),,STRAIGHT AND LEVEL,DRY,NO DEFECTS,ON SCENE,INJURY AND / OR TOW DUE TO CRASH,Y,,,"OVER $1,500",11/16/2021 07:30:00 PM,IMPROPER OVERTAKING/PASSING,UNABLE TO DETERMINE,699,W,IRVING PARK RD,1925,,,,,,,2,NONINCAPACITATING INJURY,1,0,0,1,0,2,0,19,3,11,41.954483409,-87.647868563,POINT (-87.647868563014 41.954483409235)
cf519f73c8acb0757bebde5c3d71b5f0364ea87e791b57465f9d55b7181969d44c64ca6ab04f599c20a745778066e77901a0698b746b863e92529ade449fcbc6,JF238166,,05/11/2022 12:58:00 PM,25,STOP SIGN/FLASHER,FUNCTIONING PROPERLY,CLEAR,DAYLIGHT,PEDALCYCLIST,NOT DIVIDED,,STRAIGHT AND LEVEL,DRY,NO DEFECTS,,INJURY AND / OR TOW DUE TO CRASH,Y,,Y,"OVER $1,500",05/11/2022 12:58:00 PM,FAILING TO YIELD RIGHT-OF-WAY,NOT APPLICABLE,6159,W,SUNNYSIDE AVE,1622,,,,,,,2,NONINCAPACITATING INJURY,1,0,0,1,0,1,0,12,4,5,41.961967563,-87.781905229,POINT (-87.781905229269 41.96196756263)
d03d43c1747c8cc03795a6e6283c175f2f809bec085058c2273729d0ed6bc93d577941c24d5aa8619524f31548e6001a5293048b2f1b2b9308ec46f884bd01af,JF287519,,06/20/2022 04:37:00 PM,30,TRAFFIC SIGNAL,FUNCTIONING PROPERLY,CLEAR,DAYLIGHT,PEDALCYCLIST,FOUR WAY,,STRAIGHT AND LEVEL,DRY,NO DEFECTS,ON SCENE,NO INJURY / DRIVE AWAY,Y,,,"OVER $1,500",06/20/2022 05:01:00 PM,DISREGARDING OTHER TRAFFIC SIGNS,NOT APPLICABLE,41,W,FULLERTON DR,1814,,,,,,,2,NO INDICATION OF INJURY,0,0,0,0,0,2,0,16,2,6,41.926040463,-87.631103659,POINT (-87.631103659168 41.926040463404)
ce943d58b37ec64edd0984ffa90110c39f0856915cc38617238a194f27b84b220117bc7b334a6135f0a617c1f6497d1e678a3d52bd20a4a9efe8247ff7cc2152,JF220425,,04/26/2022 08:50:00 AM,30,TRAFFIC SIGNAL,FUNCTIONING PROPERLY,CLEAR,DAYLIGHT,PEDALCYCLIST,NOT DIVIDED,,STRAIGHT AND LEVEL,DRY,NO DEFECTS,ON SCENE,NO INJURY / DRIVE AWAY,,,,"$501 - $1,500",04/26/2022 09:21:00 AM,"VISION OBSCURED (SIGNS, TREE LIMBS, BUILDINGS, ETC.)",NOT APPLICABLE,3409,W,FULLERTON AVE,1413,,,,,,,2,NO INDICATION OF INJURY,0,0,0,0,0,2,0,8,3,4,41.924547071,-87.712479201,POINT (-87.712479201143 41.924547070774)
d0ca78f73c229f4b02ff725776c368c0a88cd194dd11741e9cc0bc61842450573d03b16f852770dd5f9fb5fec8f328176a344f39af4d2367a00d3ef91ac737f2,JF140793,,02/11/2022 05:39:00 AM,30,NO CONTROLS,NO CONTROLS,RAIN,"DARKNESS, LIGHTED ROAD",PEDALCYCLIST,FOUR WAY,,STRAIGHT AND LEVEL,WET,NO DEFECTS,ON SCENE,NO INJURY / DRIVE AWAY,Y,,,"OVER $1,500",02/11/2022 05:41:00 AM,IMPROPER LANE USAGE,NOT APPLICABLE,2900,W,WARREN BLVD,1222,,,,,,,2,NO INDICATION OF INJURY,0,0,0,0,0,2,0,5,6,2,41.882077478,-87.698893629,POINT (-87.698893628517 41.88207747828)
d0affd51807442f73a7ae7b04b1fb86310c9709e74566d16b9127ac71555cffcd4917296aa467d0ca21565ad9f373cbf351dfb65fdc915cdd228fbe53bfeda6e,JE463823,,12/02/2021 04:10:00 PM,30,NO CONTROLS,NO CONTROLS,CLEAR,"DARKNESS, LIGHTED ROAD",PEDALCYCLIST,DIVIDED - W/MEDIAN (NOT RAISED),,STRAIGHT AND LEVEL,DRY,NO DEFECTS,ON SCENE,NO INJURY / DRIVE AWAY,Y,,,"OVER $1,500",12/02/2021 04:18:00 PM,UNABLE TO DETERMINE,NOT APPLICABLE,6100,W,BELMONT AVE,1633,,,Y,,,,2,NO INDICATION OF INJURY,0,0,0,0,0,3,0,16,5,12,41.938523877,-87.778768507,POINT (-87.778768507363 41.938523877271)
d05750d97ee2dc3bd005755d5d1b12dbcbaf04b26ab2df28daa6d4d54e46608a74e99548ef0d96aee943c8525afc5e5d227d56be2391924fc67e916e44188f54,JF217754,,04/23/2022 11:17:00 PM,15,STOP SIGN/FLASHER,FUNCTIONING PROPERLY,CLEAR,"DARKNESS, LIGHTED ROAD",PEDALCYCLIST,OTHER,,STRAIGHT AND LEVEL,DRY,NO DEFECTS,ON SCENE,INJURY AND / OR TOW DUE TO CRASH,,,,$500 OR LESS,04/23/2022 11:17:00 PM,NOT APPLICABLE,NOT APPLICABLE,1300,S,LYNN WHITE DR,132,,,,,,,2,INCAPACITATING INJURY,1,0,1,0,0,1,0,23,7,4,41.866310063,-87.610270154,POINT (-87.610270154497 41.86631006297)
d0a7beb68721150602adac3825f3c6761591d2d373eb652b4308909e235b73a3526f3f6145b10c5f9ce32207906cc0d2c272d74f2038a0b6cd67c66607298cad,JE367415,,09/09/2021 06:50:00 AM,30,UNKNOWN,UNKNOWN,UNKNOWN,UNKNOWN,PEDALCYCLIST,NOT DIVIDED,,STRAIGHT AND LEVEL,UNKNOWN,UNKNOWN,NOT ON SCENE (DESK REPORT),NO INJURY / DRIVE AWAY,,,,$500 OR LESS,09/09/2021 04:30:00 PM,UNABLE TO DETERMINE,NOT APPLICABLE,6231,N,BROADWAY,2433,,,,,,,2,NO INDICATION OF INJURY,0,0,0,0,0,2,0,6,5,9,41.995494279,-87.660286371,POINT (-87.660286370815 41.995494279444)
d09479ee1a7788f8607b82e58d7899dcde169ada0a390764b959e8bbab5f5b4c591b11dffbfb22cc6475e9d661c9e0cc34bb8c02a3f20effcea7d4613bdb4dac,JF299823,,06/28/2022 11:00:00 AM,10,NO CONTROLS,NO CONTROLS,CLEAR,DAYLIGHT,PEDALCYCLIST,OTHER,,STRAIGHT AND LEVEL,DRY,NO DEFECTS,NOT ON SCENE (DESK REPORT),INJURY AND / OR TOW DUE TO CRASH,,N,Y,$500 OR LESS,06/30/2022 11:45:00 AM,FAILING TO YIELD RIGHT-OF-WAY,UNABLE TO DETERMINE,2731,N,ELSTON AVE,1432,,,,,,,2,NONINCAPACITATING INJURY,1,0,0,1,0,1,0,11,3,6,41.931266455,-87.686272048,POINT (-87.6862720477 41.931266454777)
cd91527134a0d1eb00aedad523af5eff92b87db63298da783e376eeacbd02538dc8a02ed4274233a054579ee0569cb86019703a06249a2f325ad737e9980112d,JE450786,,11/19/2021 06:59:00 PM,20,NO CONTROLS,NO CONTROLS,CLEAR,"DARKNESS, LIGHTED ROAD",PEDALCYCLIST,NOT DIVIDED,,STRAIGHT AND LEVEL,DRY,NO DEFECTS,ON SCENE,NO INJURY / DRIVE AWAY,,,,$500 OR LESS,11/19/2021 07:07:00 PM,FAILING TO YIELD RIGHT-OF-WAY,NOT APPLICABLE,5133,N,CLARK ST,2033,,,Y,,,,2,NO INDICATION OF INJURY,0,0,0,0,0,3,0,18,6,11,41.975332005,-87.668175258,POINT (-87.668175258347 41.975332004924)
ce6d1868ac2037836faacc48287d4ae38d86ba0e6a0fa32178273c305c9336a00e57fa6377e5d733c7c6d0d4fbb68e5203f55ef59dd3317b3e2defc85a930d5f,JF233898,,05/07/2022 06:50:00 PM,30,TRAFFIC SIGNAL,FUNCTIONING PROPERLY,CLEAR,DAWN,PEDALCYCLIST,NOT DIVIDED,,STRAIGHT AND LEVEL,DRY,UNKNOWN,ON SCENE,NO INJURY / DRIVE AWAY,,,,$500 OR LESS,05/07/2022 06:55:00 PM,UNABLE TO DETERMINE,UNABLE TO DETERMINE,1756,W,CHICAGO AVE,1213,,,,,,,2,NO INDICATION OF INJURY,0,0,0,0,0,1,0,18,7,5,41.896105731,-87.671947714,POINT (-87.671947713596 41.896105730698)
cdbea7d757688bb7446fbec4bf2f10991c19094456a7fc7d3f208c1f5f6b848d19c9a9bbeece1e773622ce07bfeef8184f9522210f5503f1169950277242c30a,JE428066,,10/30/2021 03:50:00 PM,30,TRAFFIC SIGNAL,FUNCTIONING PROPERLY,CLEAR,DAYLIGHT,PEDALCYCLIST,FOUR WAY,,STRAIGHT AND LEVEL,DRY,NO DEFECTS,ON SCENE,NO INJURY / DRIVE AWAY,Y,,,"OVER $1,500",10/30/2021 03:55:00 PM,NOT APPLICABLE,NOT APPLICABLE,2399,W,87TH ST,2221,,,,,,,2,NO INDICATION OF INJURY,0,0,0,0,0,2,0,15,7,10,41.735418937,-87.682400818,POINT (-87.682400818392 41.735418936584)
cda645c978fd21f0b68e1a73b8b6b2594176bb9c73bcb06b24edca4641d1ac9a1e4ba12240c2137d89f6e58c7f22b3d951b06fa1cdf95a19b838947535e184da,JE446759,,11/15/2021 11:00:00 AM,30,TRAFFIC SIGNAL,FUNCTIONING PROPERLY,CLEAR,DAYLIGHT,PEDALCYCLIST,OTHER,,STRAIGHT AND LEVEL,DRY,NO DEFECTS,NOT ON SCENE (DESK REPORT),NO INJURY / DRIVE AWAY,Y,,,$500 OR LESS,11/16/2021 08:30:00 AM,DRIVING SKILLS/KNOWLEDGE/EXPERIENCE,UNABLE TO DETERMINE,800,W,MADISON ST,1224,,,,,,,2,NO INDICATION OF INJURY,0,0,0,0,0,2,0,11,2,11,41.881887057,-87.647392834,POINT (-87.647392833853 41.881887056886)
ce1962526789cccf66b02d3135124d3bb6c9c5acf66ee8fbf358e680155e5dbe69f80610eb3218aee973c4b27924620c66686bbd11d871c35f7874cc9844ad7f,JF217143,,04/23/2022 12:50:00 PM,30,NO CONTROLS,NO CONTROLS,CLEAR,DAYLIGHT,PEDALCYCLIST,NOT DIVIDED,,STRAIGHT AND LEVEL,DRY,UNKNOWN,ON SCENE,INJURY AND / OR TOW DUE TO CRASH,,,,"$501 - $1,500",04/23/2022 01:04:00 PM,UNABLE TO DETERMINE,UNABLE TO DETERMINE,1443,W,MONTROSE AVE,1912,,,Y,,,,2,NONINCAPACITATING INJURY,1,0,0,1,0,1,0,12,7,4,41.961516411,-87.666647579,POINT (-87.666647578783 41.961516411039)
d03859cca0aee151633240b374f19e9c56fb77838ed78fcc095eed1dac3310c5f19db617f0dd46e6b79accb8ad4cd241148c96c456f7e973d4229d81a8d214d6,JF265917,,06/03/2022 08:45:00 AM,30,TRAFFIC SIGNAL,FUNCTIONING PROPERLY,CLEAR,DAYLIGHT,PEDALCYCLIST,DIVIDED - W/MEDIAN (NOT RAISED),,STRAIGHT AND LEVEL,DRY,NO DEFECTS,ON SCENE,INJURY AND / OR TOW DUE TO CRASH,Y,,,"OVER $1,500",06/03/2022 08:53:00 AM,FAILING TO YIELD RIGHT-OF-WAY,NOT APPLICABLE,140,W,OAK ST,1824,,,,,,,2,NONINCAPACITATING INJURY,1,0,0,1,0,1,0,8,6,6,41.900648608,-87.632912045,POINT (-87.632912045116 41.90064860807)
d1020789ef55d9b23c961164a54c118bf8c8c1f2c171e885770c1845cc4f67d89cea229283a25fe048f1e6f4593f56310966afe6b604bd1ebe1659ba3256e7a8,JF251955,,05/22/2022 07:50:00 PM,30,NO CONTROLS,NO CONTROLS,CLEAR,DAYLIGHT,PEDALCYCLIST,DIVIDED - W/MEDIAN (NOT RAISED),,STRAIGHT AND LEVEL,DRY,UNKNOWN,ON SCENE,INJURY AND / OR TOW DUE TO CRASH,,,,"OVER $1,500",05/22/2022 08:45:00 PM,IMPROPER TURNING/NO SIGNAL,UNABLE TO DETERMINE,1232,N,CALIFORNIA AVE,1423,,,,,,,2,"REPORTED, NOT EVIDENT",1,0,0,0,1,1,0,19,1,5,41.903820374,-87.69704968,POINT (-87.697049680031 41.903820373808)
d1a959c2a0a1025e478c9391ba8d6c3c39ae36e6b86796dce834680e75cd578d7f942dca3d0a76398abcfcb193073435d2146bbc26f543c02255c1bbb39ea8fc,JF278424,,06/13/2022 05:45:00 PM,30,TRAFFIC SIGNAL,FUNCTIONING PROPERLY,CLEAR,DAYLIGHT,PEDALCYCLIST,NOT DIVIDED,,STRAIGHT AND LEVEL,DRY,NO DEFECTS,ON SCENE,INJURY AND / OR TOW DUE TO CRASH,Y,,,$500 OR LESS,06/13/2022 05:46:00 PM,FAILING TO YIELD RIGHT-OF-WAY,IMPROPER OVERTAKING/PASSING,4800,N,ELSTON AVE,1712,,,,,,,2,NONINCAPACITATING INJURY,1,0,0,1,0,1,0,17,2,6,41.968039361,-87.740283894,POINT (-87.74028389449 41.968039361437)
d13af63d1050df54e76b6fc359ab99e3aae816067372bc3b36403b197da8497d2126697e18ecdf41aca9eda5dd74c6ae7fb33250dbc9399f59c09e755320ea8c,JF230559,,05/04/2022 09:20:00 PM,35,NO CONTROLS,NO CONTROLS,CLEAR,DUSK,PEDALCYCLIST,NOT DIVIDED,,STRAIGHT AND LEVEL,DRY,NO DEFECTS,ON SCENE,INJURY AND / OR TOW DUE TO CRASH,,,Y,"OVER $1,500",05/04/2022 09:32:00 PM,UNABLE TO DETERMINE,UNABLE TO DETERMINE,3821,N,MILWAUKEE AVE,1731,,,N,,,,3,FATAL,1,1,0,0,0,1,0,21,4,5,41.950395646,-87.7421514,POINT (-87.742151399824 41.950395646394)
d25d976ee0e05990b868e5fd54dffcd150cfc2d46892025fb542a4559d28f744a77a947c9d86e9bc1b2016953a79de7759dc7d72649f2cc11d46438d53e4a0b0,JF174963,,03/15/2022 04:20:00 PM,30,TRAFFIC SIGNAL,FUNCTIONING PROPERLY,CLEAR,DAYLIGHT,PEDALCYCLIST,NOT DIVIDED,,STRAIGHT AND LEVEL,DRY,NO DEFECTS,ON SCENE,INJURY AND / OR TOW DUE TO CRASH,Y,,,$500 OR LESS,03/15/2022 04:22:00 PM,FAILING TO YIELD RIGHT-OF-WAY,DISREGARDING OTHER TRAFFIC SIGNS,8501,S,ASHLAND AVE,614,,,,,,,2,NONINCAPACITATING INJURY,1,0,0,1,0,1,0,16,3,3,41.739343208,-87.663007919,POINT (-87.663007919188 41.739343208088)
d4079beb6d1f192f1a491a8212f8c9598af01474d41a829e557de9428c22acc842bdd1e4b54bacef764d323534106ede4c1e9be2336a721e561f0c044d1756df,JF273536,,06/09/2022 04:15:00 PM,35,TRAFFIC SIGNAL,FUNCTIONING PROPERLY,CLEAR,DAYLIGHT,PEDALCYCLIST,NOT DIVIDED,,STRAIGHT AND LEVEL,DRY,NO DEFECTS,ON SCENE,NO INJURY / DRIVE AWAY,,,,"$501 - $1,500",06/09/2022 04:44:00 PM,UNABLE TO DETERMINE,NOT APPLICABLE,3847,N,CICERO AVE,1731,,,,,,,2,NO INDICATION OF INJURY,0,0,0,0,0,2,0,16,5,6,41.951181179,-87.747107077,POINT (-87.747107076717 41.951181179277)
d40078d11b0aa2a5c90ab06d328e0bb007940de2f2e0a7daf1ef7adbb8fc5aff73aa56705bc2d8d1d57600e2148da740d7241836206147768e960646e661a7ec,JF272920,,06/09/2022 07:32:00 AM,30,STOP SIGN/FLASHER,FUNCTIONING PROPERLY,CLEAR,DAYLIGHT,PEDALCYCLIST,ONE-WAY,,STRAIGHT AND LEVEL,DRY,NO DEFECTS,ON SCENE,INJURY AND / OR TOW DUE TO CRASH,Y,,,$500 OR LESS,06/09/2022 07:35:00 AM,FAILING TO YIELD RIGHT-OF-WAY,NOT APPLICABLE,3401,N,LAVERGNE AVE,1634,,,,,,,2,INCAPACITATING INJURY,1,0,1,0,0,1,0,7,5,6,41.942460935,-87.751752359,POINT (-87.751752358899 41.942460935053)
d1d18b252f851ba5dc1277d166bdb1b29d17237279f8df128983852a15cfd8db9a8a73ad7aa10ea9c128b7fcfa20b076ed756b0252150cdaa7c3e7b0720a3807,JE477215,,12/14/2021 01:03:00 PM,30,STOP SIGN/FLASHER,FUNCTIONING PROPERLY,CLEAR,DAYLIGHT,PEDALCYCLIST,FOUR WAY,,STRAIGHT AND LEVEL,DRY,NO DEFECTS,ON SCENE,INJURY AND / OR TOW DUE TO CRASH,Y,,,$500 OR LESS,12/14/2021 01:08:00 PM,UNABLE TO DETERMINE,UNABLE TO DETERMINE,3099,W,52ND ST,923,,,,,,,2,INCAPACITATING INJURY,1,0,1,0,0,1,0,13,3,12,41.798925469,-87.701209747,POINT (-87.701209746688 41.798925468772)
d208a2f6c7695c849cf94a4c3951dee217535cf29877f37ae47b83265039b309d144276c78e3fddb2e91ab532de3abcc28c35ab3046b92d413bb89cbc7fde9ae,JF237821,,05/11/2022 08:15:00 AM,30,STOP SIGN/FLASHER,FUNCTIONING PROPERLY,CLEAR,DAYLIGHT,PEDALCYCLIST,ONE-WAY,,STRAIGHT AND LEVEL,DRY,NO DEFECTS,ON SCENE,INJURY AND / OR TOW DUE TO CRASH,,,,$500 OR LESS,05/11/2022 08:20:00 AM,FAILING TO REDUCE SPEED TO AVOID CRASH,FAILING TO YIELD RIGHT-OF-WAY,2800,N,AVERS AVE,2523,,Y,,,,,2,NONINCAPACITATING INJURY,1,0,0,1,0,1,0,8,4,5,41.931926624,-87.723435023,POINT (-87.723435023233 41.931926623927)