CRASH_RECORD_ID,RD_NO,CRASH_DATE_EST_I,CRASH_DATE,POSTED_SPEED_LIMIT,TRAFFIC_CONTROL_DEVICE,DEVICE_CONDITION,WEATHER_CONDITION,LIGHTING_CONDITION,FIRST_CRASH_TYPE,TRAFFICWAY_TYPE,LANE_CNT,ALIGNMENT,ROADWAY_SURFACE_COND,ROAD_DEFECT,REPORT_TYPE,CRASH_TYPE,INTERSECTION_RELATED_I,NOT_RIGHT_OF_WAY_I,HIT_AND_RUN_I,DAMAGE,DATE_POLICE_NOTIFIED,PRIM_CONTRIBUTORY_CAUSE,SEC_CONTRIBUTORY_CAUSE,STREET_NO,STREET_DIRECTION,STREET_NAME,BEAT_OF_OCCURRENCE,PHOTOS_TAKEN_I,STATEMENTS_TAKEN_I,DOORING_I,WORK_ZONE_I,WORK_ZONE_TYPE,WORKERS_PRESENT_I,NUM_UNITS,MOST_SEVERE_INJURY,INJURIES_TOTAL,INJURIES_FATAL,INJURIES_INCAPACITATING,INJURIES_NON_INCAPACITATING,INJURIES_REPORTED_NOT_EVIDENT,INJURIES_NO_INDICATION,INJURIES_UNKNOWN,CRASH_HOUR,CRASH_DAY_OF_WEEK,CRASH_MONTH,LATITUDE,LONGITUDE,LOCATION
d3fce1a474076d67154eb68e97b1fa1b4ef1dca4ade1a90f529eb59a7ded2b87f39a23d893e1fa3618ce66a4119b61878a0b8483bdfeaf0d6ac5e3afeceba7b0,JE405004,,10/10/2021 03:01:00 PM,25,TRAFFIC SIGNAL,FUNCTIONING PROPERLY,CLEAR,DAYLIGHT,PEDALCYCLIST,FOUR WAY,,STRAIGHT AND LEVEL,DRY,NO DEFECTS,ON SCENE,INJURY AND / OR TOW DUE TO CRASH,,,,$500 OR LESS,10/10/2021 03:01:00 PM,UNABLE TO DETERMINE,UNABLE TO DETERMINE,800,W,WRIGHTWOOD AVE,1935,,,,,,,2,NONINCAPACITATING INJURY,1,0,0,1,0,2,0,15,1,10,41.929193209,-87.648949313,POINT (-87.648949313167 41.929193209157)
d121743d437c94f08a9b43d80cebe5fe1437ce51df8dbdc212d22cf83236525396c6f202d1eec7b1137785998b0b3fc70a0efde16f40b55f7fb5078932091eff,JF314833,Y,07/12/2022 01:15:00 PM,30,UNKNOWN,UNKNOWN,CLEAR,DAYLIGHT,PEDALCYCLIST,ONE-WAY,,STRAIGHT AND LEVEL,DRY,UNKNOWN,ON SCENE,INJURY AND / OR TOW DUE TO CRASH,,,Y,"OVER $1,500",07/12/2022 01:21:00 PM,DRIVING SKILLS/KNOWLEDGE/EXPERIENCE,DRIVING SKILLS/KNOWLEDGE/EXPERIENCE,2100,S,KEELER AVE,1012,,,,,,,2,NONINCAPACITATING INJURY,1,0,0,1,0,2,0,13,3,7,41.853381951,-87.729827378,POINT (-87.729827378024 41.853381950749)
d3c723f453b3319348065ff841f12ce994b136b1e8bcbeef2a4b9657e7e1adb28e4f4015c9efe8970adefa494a84b168e5c4469ac2ae47b48a2b1946d786a082,JF158930,,02/28/2022 04:40:00 PM,40,TRAFFIC SIGNAL,FUNCTIONING PROPERLY,CLEAR,DAYLIGHT,PEDALCYCLIST,T-INTERSECTION,,STRAIGHT AND LEVEL,DRY,NO DEFECTS,ON SCENE,INJURY AND / OR TOW DUE TO CRASH,Y,,,"OVER $1,500",02/28/2022 04:40:00 PM,DISREGARDING TRAFFIC SIGNALS,NOT APPLICABLE,699,S,LAKE SHORE DR NB,114,,Y,,,,,3,INCAPACITATING INJURY,2,0,2,0,0,1,0,16,2,2,41.873324106,-87.616936373,POINT (-87.616936372647 41.873324106032)
d1c060b55ff6296fbfc8b25e64c7911a9279e04ff34006d47d27868ed47c95d31b8389c65a8855f1a4cd17dab2c9cb437b0c65ea494824971ca2c85ea1a43f85,JE463901,,12/02/2021 02:40:00 PM,30,NO CONTROLS,NO CONTROLS,CLEAR,DAYLIGHT,PEDALCYCLIST,NOT DIVIDED,,STRAIGHT AND LEVEL,DRY,NO DEFECTS,NOT ON SCENE (DESK REPORT),NO INJURY / DRIVE AWAY,,,,"$501 - $1,500",12/02/2021 06:00:00 PM,UNABLE TO DETERMINE,UNABLE TO DETERMINE,304,S,HALSTED ST,1232,,,Y,,,,2,NO INDICATION OF INJURY,0,0,0,0,0,2,0,14,5,12,41.877787595,-87.647386957,POINT (-87.647386957187 41.877787595172)
d1969272e6827116f3f8446357cb14e77cb62d958e91421fc9f5381b8813cfcdbfb0d5e08ec8d938bd5122287091dfabd1aac2db6fbba92b3067630561b1d0e8,JF130686,,02/01/2022 11:15:00 AM,30,NO CONTROLS,NO CONTROLS,RAIN,DAYLIGHT,PEDALCYCLIST,NOT DIVIDED,,STRAIGHT AND LEVEL,WET,UNKNOWN,ON SCENE,INJURY AND / OR TOW DUE TO CRASH,,,,$500 OR LESS,02/01/2022 11:18:00 AM,UNABLE TO DETERMINE,UNABLE TO DETERMINE,3418,N,SOUTHPORT AVE,1922,,,Y,,,,2,NONINCAPACITATING INJURY,1,0,0,1,0,1,0,11,3,2,41.943990251,-87.664079997,POINT (-87.664079996629 41.943990250919)
d39206ddf7c12a50d7483e549fda20a8382b3a7f89115840ef8afc04155d1299403983142f9925eb80cd3e3fe3886598b00ae9ed4ac4cdb16648c8ac9b9377cf,JE461706,,11/30/2021 04:12:00 PM,30,STOP SIGN/FLASHER,FUNCTIONING PROPERLY,CLEAR,DUSK,PEDALCYCLIST,NOT DIVIDED,,STRAIGHT AND LEVEL,DRY,NO DEFECTS,NOT ON SCENE (DESK REPORT),INJURY AND / OR TOW DUE TO CRASH,,,Y,$500 OR LESS,11/30/2021 06:25:00 PM,UNABLE TO DETERMINE,NOT APPLICABLE,2500,N,LONG AVE,2515,,,,,,,2,"REPORTED, NOT EVIDENT",1,0,0,0,1,1,0,16,3,11,41.925918664,-87.761281064,POINT (-87.761281063721 41.925918664012)
d34da7b72439d94c7cd2873ba6fbdfca58f712ef63ba8a47a33496775266fd9686e258bf5c4aa6790d89a35652e70d54b6245756dc6dd7c5c492da7cebf04db3,JE389433,,09/27/2021 04:19:00 PM,30,TRAFFIC SIGNAL,FUNCTIONING PROPERLY,CLEAR,DAYLIGHT,PEDALCYCLIST,NOT DIVIDED,,STRAIGHT AND LEVEL,DRY,NO DEFECTS,NOT ON SCENE (DESK REPORT),INJURY AND / OR TOW DUE TO CRASH,,,,"$501 - $1,500",09/27/2021 05:40:00 PM,UNABLE TO DETERMINE,UNABLE TO DETERMINE,1000,W,HARRISON ST,1232,,,,,,,2,"REPORTED, NOT EVIDENT",1,0,0,0,1,1,0,16,2,9,41.874476669,-87.651889105,POINT (-87.65188910452 41.874476668521)
d2570c05a01be7d020413eab1036dc7d1b4c5cfcca349f44023254fbceb4bd10da1e873f441246bc4b3d73cd658d3176f260e8b46c9e87cff4da5d0aa131fdeb,JF201223,,04/07/2022 05:45:00 PM,30,NO CONTROLS,NO CONTROLS,CLOUDY/OVERCAST,DAYLIGHT,PEDALCYCLIST,DIVIDED - W/MEDIAN (NOT RAISED),,STRAIGHT AND LEVEL,DRY,NO DEFECTS,NOT ON SCENE (DESK REPORT),NO INJURY / DRIVE AWAY,,,,"$501 - $1,500",04/08/2022 09:02:00 AM,NOT APPLICABLE,UNABLE TO DETERMINE,3335,N,SOUTHPORT AVE,1924,,,Y,,,,3,NO INDICATION OF INJURY,0,0,0,0,0,3,0,17,5,4,41.942616105,-87.663748078,POINT (-87.663748078351 41.942616105423)
d3fdd4f6e762b9bf2363df85c2bd274c44a648868484fd73912c25d5ae9b8e281c269a3e91f412bcb8e2e406820e9e6f1aa51ab4270b2b9cec4c391229000e9a,JE375971,,09/16/2021 03:15:00 PM,30,NO CONTROLS,NO CONTROLS,CLEAR,DAYLIGHT,PEDALCYCLIST,NOT DIVIDED,,STRAIGHT AND LEVEL,DRY,NO DEFECTS,ON SCENE,INJURY AND / OR TOW DUE TO CRASH,,,,$500 OR LESS,09/16/2021 03:16:00 PM,FOLLOWING TOO CLOSELY,FAILING TO REDUCE SPEED TO AVOID CRASH,7800,S,JEFFERY BLVD,414,,,,,,,2,NONINCAPACITATING INJURY,1,0,0,1,0,1,0,15,5,9,41.753331265,-87.576170635,POINT (-87.576170635132 41.753331264804)
d3d37ea912c5bb1487a05dfd4c374b067e64aa0e137a52f3a653644c0d23441a7320b78474ede506d7530418c6f037ad0cbaa517ffe53c1847954ce5c86fc233,JE420450,,10/24/2021 03:00:00 AM,30,NO CONTROLS,NO CONTROLS,CLEAR,"DARKNESS, LIGHTED ROAD",PEDALCYCLIST,NOT DIVIDED,,STRAIGHT AND LEVEL,DRY,NO DEFECTS,ON SCENE,INJURY AND / OR TOW DUE TO CRASH,,,Y,$500 OR LESS,10/24/2021 03:04:00 AM,UNABLE TO DETERMINE,UNABLE TO DETERMINE,824,W,GRAND AVE,1214,,,,,,,2,NONINCAPACITATING INJURY,1,0,0,1,0,1,0,3,1,10,41.891279572,-87.648733624,POINT (-87.64873362379 41.8912795719)
d68021c5b14854f2f604d3d74677323a8e2c8a2fb86a72d02605557462e633df82f52244916ab72fb4945c3f695e20a54454e1023d4ce814b917b4cd9b41aa1d,JF224763,,04/29/2022 08:08:00 PM,35,NO CONTROLS,NO CONTROLS,RAIN,"DARKNESS, LIGHTED ROAD",PEDALCYCLIST,NOT DIVIDED,,STRAIGHT AND LEVEL,WET,NO DEFECTS,ON SCENE,INJURY AND / OR TOW DUE TO CRASH,,,,"OVER $1,500",04/29/2022 08:10:00 PM,FAILING TO YIELD RIGHT-OF-WAY,NOT APPLICABLE,3534,W,LAWRENCE AVE,1712,,,,,,,2,NONINCAPACITATING INJURY,1,0,0,1,0,3,0,20,6,4,41.968471277,-87.717252821,POINT (-87.717252820605 41.968471277255)
d52957c5abcc21df52af772b27002f3d6e05c9558e48f74a754f3974830d057947e3e800e501b2e5651ea9da2eff244eccd97825fa133c34d0c729d7c10d097c,JE383658,,09/22/2021 03:45:00 PM,30,TRAFFIC SIGNAL,FUNCTIONING PROPERLY,CLEAR,DAYLIGHT,PEDALCYCLIST,NOT DIVIDED,,STRAIGHT AND LEVEL,DRY,NO DEFECTS,NOT ON SCENE (DESK REPORT),NO INJURY / DRIVE AWAY,,,Y,"OVER $1,500",09/22/2021 07:47:00 PM,FAILING TO YIELD RIGHT-OF-WAY,DISREGARDING TRAFFIC SIGNALS,1400,W,TAYLOR ST,1231,,,,,,,2,NO INDICATION OF INJURY,0,0,0,0,0,2,0,15,4,9,41.869448277,-87.661706046,POINT (-87.661706045518 41.869448276589)
d69fbd1f44b1785b010e9d8cb1b1e20c79ede3eb73c0844f3f30ea88c0b40b9a786b71ef4a6220c9ce94dbe126aee562009eb781b0e2b44c06702096b189d555,JE368743,,09/10/2021 05:20:00 PM,30,TRAFFIC SIGNAL,FUNCTIONING PROPERLY,CLEAR,DAYLIGHT,PEDALCYCLIST,ONE-WAY,,STRAIGHT AND LEVEL,DRY,NO DEFECTS,ON SCENE,INJURY AND / OR TOW DUE TO CRASH,,,,$500 OR LESS,09/10/2021 06:00:00 PM,UNABLE TO DETERMINE,UNABLE TO DETERMINE,1600,W,BERTEAU AVE,1912,,,,,,,2,NONINCAPACITATING INJURY,1,0,0,1,0,1,0,17,6,9,41.958058338,-87.669234192,POINT (-87.669234192137 41.958058337551)
d64c2033e24af39ae28d211abf16c34b3ad81374b91e1187f9ff829472ae0bf631e9396f9327df9351148aab51419762aa7beae819bd1380ef1d8209988874f2,JF314547,,07/12/2022 10:20:00 AM,30,TRAFFIC SIGNAL,FUNCTIONING PROPERLY,CLEAR,DAYLIGHT,PEDALCYCLIST,NOT DIVIDED,,STRAIGHT AND LEVEL,DRY,NO DEFECTS,NOT ON SCENE (DESK REPORT),INJURY AND / OR TOW DUE TO CRASH,Y,,,"$501 - $1,500",07/12/2022 10:40:00 AM,UNABLE TO DETERMINE,FAILING TO YIELD RIGHT-OF-WAY,6300,N,CENTRAL AVE,1621,,,,,,,2,NONINCAPACITATING INJURY,1,0,0,1,0,1,0,10,3,7,41.996227791,-87.764331848,POINT (-87.764331848111 41.996227791444)
d5b6b957be13faa5bec446e696b138966c7c1795e3ad93e662213db0de1c6f5eed00b9e300bc1daeb6b7ea59d5c64357766dc36bac8a84660bd8c4dad17dd332,JF292645,,06/24/2022 05:17:00 PM,30,STOP SIGN/FLASHER,FUNCTIONING PROPERLY,CLEAR,DAYLIGHT,PEDALCYCLIST,FOUR WAY,,STRAIGHT AND LEVEL,DRY,NO DEFECTS,ON SCENE,INJURY AND / OR TOW DUE TO CRASH,,,,$500 OR LESS,06/24/2022 05:17:00 PM,UNABLE TO DETERMINE,NOT APPLICABLE,29,N,FRANCISCO AVE,1222,,,,,,,2,"REPORTED, NOT EVIDENT",1,0,0,0,1,2,0,17,6,6,41.881926248,-87.698620096,POINT (-87.698620096195 41.881926247901)
d58d1591dd7223212de16aa0f9f331e94ea8331cc113ca519bd74ac834a7cb48ba9e4694e2edf07cfcbf58da9a06bc3df6f3fd83ee139d2e7d5dd2ae61782177,JF222801,,04/28/2022 09:48:00 AM,30,TRAFFIC SIGNAL,UNKNOWN,CLEAR,DAYLIGHT,PEDALCYCLIST,NOT DIVIDED,,STRAIGHT AND LEVEL,DRY,NO DEFECTS,ON SCENE,INJURY AND / OR TOW DUE TO CRASH,Y,,,$500 OR LESS,04/28/2022 09:48:00 AM,FAILING TO YIELD RIGHT-OF-WAY,FAILING TO YIELD RIGHT-OF-WAY,2800,W,DIVISION ST,1423,,,,,,,2,NONINCAPACITATING INJURY,1,0,0,1,0,1,0,9,5,4,41.903034768,-87.696945343,POINT (-87.696945343144 41.903034768092)
d463c68ccb7092f51a5eb5bedeea0f0b48494566c6ada343af1ad85726b79175cff2c5240a60c28b7b37a3b78c5ac3b91bb641cc3de993bb46767ec723e1d1f3,JE416206,,10/20/2021 07:45:00 AM,30,STOP SIGN/FLASHER,OTHER,CLEAR,DAYLIGHT,PEDALCYCLIST,NOT DIVIDED,,STRAIGHT AND LEVEL,DRY,NO DEFECTS,NOT ON SCENE (DESK REPORT),NO INJURY / DRIVE AWAY,Y,,,"$501 - $1,500",10/20/2021 11:59:00 AM,DISREGARDING STOP SIGN,FAILING TO YIELD RIGHT-OF-WAY,868,N,MILWAUKEE AVE,1213,,,,,,,2,NO INDICATION OF INJURY,0,0,0,0,0,2,0,7,4,10,41.89760886,-87.657752379,POINT (-87.657752379154 41.897608860452)
d72214b73f5ecac6c0b6faea24a3aefd78361ec145bb10797dc8ae333f13e2464a09eef4756d1b138a9937df09431d1a2ad109f813064d479ed092925d64b148,JF279871,Y,06/14/2022 06:30:00 PM,30,NO CONTROLS,NO CONTROLS,CLEAR,DAYLIGHT,PEDALCYCLIST,NOT DIVIDED,,STRAIGHT AND LEVEL,DRY,NO DEFECTS,NOT ON SCENE (DESK REPORT),INJURY AND / OR TOW DUE TO CRASH,,,,$500 OR LESS,06/14/2022 08:30:00 PM,IMPROPER TURNING/NO SIGNAL,NOT APPLICABLE,1325,N,WELLS ST,1821,,,,,,,2,INCAPACITATING INJURY,1,0,1,0,0,1,0,18,3,6,41.906473199,-87.634419947,POINT (-87.634419947424 41.906473198779)
d4ab1f3cd105dc362c5a00825e01114e2ec533fa018eee52eff5dc0aa8d0d6942e2b3a7f406924f34215e5084c957e7bcd35e5818b701aa28d6490910c658b0e,JF309976,,07/08/2022 01:15:00 PM,30,NO CONTROLS,NO CONTROLS,CLOUDY/OVERCAST,DAYLIGHT,PEDALCYCLIST,UNKNOWN,,STRAIGHT AND LEVEL,DRY,UNKNOWN,ON SCENE,INJURY AND / OR TOW DUE TO CRASH,,,,"$501 - $1,500",07/08/2022 01:22:00 PM,UNABLE TO DETERMINE,NOT APPLICABLE,158,E,GRAND AVE,1834,,,,,,,2,NONINCAPACITATING INJURY,1,0,0,1,0,1,0,13,6,7,41.891864267,-87.623043494,POINT (-87.62304349368 41.891864266616)
d50cbb42f29c3f2e6501b2086bb760d2e9b2d7caeed9cc1ebd36ba69495e8e453c5a08802de2f70460f950afad4793c9ea77fa7ce1857c1129b179747b77cb1e,JF176131,,03/16/2022 04:59:00 PM,30,NO CONTROLS,NO CONTROLS,CLEAR,DUSK,PEDALCYCLIST,NOT DIVIDED,,STRAIGHT AND LEVEL,DRY,UNKNOWN,ON SCENE,INJURY AND / OR TOW DUE TO CRASH,,,,"OVER $1,500",03/16/2022 05:02:00 PM,FAILING TO YIELD RIGHT-OF-WAY,UNABLE TO DETERMINE,701,W,WILSON DR,1914,,,,,,,2,NONINCAPACITATING INJURY,1,0,0,1,0,2,0,16,4,3,41.965478558,-87.647854716,POINT (-87.647854715538 41.965478557872)
d46bd0ec216f69c11d44ccad3b0e96a202b0140a4323eba7a2acd322630781ac0a650048387c135021c717875bbd20d08b3fc0ce931ea543289b6f9e59efa4b1,JF258648,,05/28/2022 09:57:00 AM,25,NO CONTROLS,NO CONTROLS,CLEAR,DAYLIGHT,PEDALCYCLIST,NOT DIVIDED,,STRAIGHT ON GRADE,DRY,NO DEFECTS,ON SCENE,INJURY AND / OR TOW DUE TO CRASH,,,,$500 OR LESS,05/28/2022 10:47:00 AM,IMPROPER LANE USAGE,NOT APPLICABLE,415,N,ORLEANS ST,1831,,,,,,,2,NONINCAPACITATING INJURY,1,0,0,1,0,1,0,9,7,5,41.889689399,-87.6366045,POINT (-87.63660449962 41.889689399169)
d4c417113261316d580c9f4c84c2959879d58b8c3ddf95cc8676f5c2d1d9f36a189fd321cd43c6a6fcd7f5060a56d98ce88d49d12ef5775ac68cf935592a9926,JF279482,,06/10/2022 02:15:00 PM,30,NO CONTROLS,NO CONTROLS,CLEAR,DAYLIGHT,PEDALCYCLIST,NOT DIVIDED,,STRAIGHT AND LEVEL,DRY,NO DEFECTS,NOT ON SCENE (DESK REPORT),INJURY AND / OR TOW DUE TO CRASH,,,,"$501 - $1,500",06/14/2022 03:40:00 PM,FAILING TO YIELD RIGHT-OF-WAY,FAILING TO YIELD RIGHT-OF-WAY,200,W,87TH ST,622,,,,,,,2,NONINCAPACITATING INJURY,1,0,0,1,0,1,0,14,6,6,41.736261699,-87.629064716,POINT (-87.629064716425 41.736261699376)
d4bcdfa54ab1ff1b8906687a158134fabee5e10d6ed066b2536e82f0c80ba3412d56c21b8ca65448b5412657990d083dcfdbc114c3bfbb2c072d5424b3221100,JF184760,,03/24/2022 09:15:00 AM,30,STOP SIGN/FLASHER,FUNCTIONING PROPERLY,RAIN,DAYLIGHT,PEDALCYCLIST,T-INTERSECTION,,STRAIGHT AND LEVEL,WET,NO DEFECTS,ON SCENE,INJURY AND / OR TOW DUE TO CRASH,Y,,,$500 OR LESS,03/24/2022 09:18:00 AM,FAILING TO YIELD RIGHT-OF-WAY,WEATHER,842,W,31ST ST,913,,,,,,,2,"REPORTED, NOT EVIDENT",1,0,0,0,1,1,0,9,5,3,41.838131082,-87.648035639,POINT (-87.648035638684 41.838131082209)
d6313134e9eac8e2cf1b415ca16fb17b358a6e94241e182e27874a8f465e61f1cd1a11c426c4bf0b94964bb032fb1815f496739106de42cfa009f4fc88959abd,JF195342,,04/03/2022 12:30:00 AM,30,TRAFFIC SIGNAL,FUNCTIONING PROPERLY,CLEAR,"DARKNESS, LIGHTED ROAD",PEDALCYCLIST,FOUR WAY,,STRAIGHT AND LEVEL,DRY,NO DEFECTS,ON SCENE,INJURY AND / OR TOW DUE TO CRASH,,,,"OVER $1,500",04/03/2022 12:35:00 AM,DISREGARDING TRAFFIC SIGNALS,NOT APPLICABLE,4799,W,MADISON ST,1113,,,,,,,2,INCAPACITATING INJURY,1,0,1,0,0,1,0,0,1,4,41.880389774,-87.745152736,POINT (-87.745152735985 41.880389773538)
d60dda09525aff0877a360cbe1d13f73413471e9ee95521de15f49e05bc0c032a3342ccbca1c398c6b1bcd31926cfc2c3dc06dcd629c20c76f89e0a5a7a847d2,JF239088,,05/12/2022 08:41:00 AM,30,NO CONTROLS,NO CONTROLS,CLEAR,DAYLIGHT,PEDALCYCLIST,PARKING LOT,,STRAIGHT AND LEVEL,DRY,NO DEFECTS,ON SCENE,NO INJURY / DRIVE AWAY,,,,"$501 - $1,500",05/12/2022 08:42:00 AM,UNABLE TO DETERMINE,UNABLE TO DETERMINE,3650,N,ELSTON AVE,1733,,,,,,,2,NO INDICATION OF INJURY,0,0,0,0,0,2,0,8,5,5,41.947582194,-87.71046047,POINT (-87.710460470099 41.947582193898)
d5b1bd7adf6b062e380b3ed33a6c092c21cf6083cf66c2d8e7951e611cd763d8a787ceea35480f137f596ec024ba801fa7594613116dc9234f2720aa9e2f5cd3,JF280351,,06/15/2022 09:30:00 AM,15,STOP SIGN/FLASHER,FUNCTIONING PROPERLY,CLEAR,DAYLIGHT,PEDALCYCLIST,PARKING LOT,,STRAIGHT AND LEVEL,DRY,NO DEFECTS,ON SCENE,INJURY AND / OR TOW DUE TO CRASH,,Y,Y,"$501 - $1,500",06/15/2022 09:35:00 AM,FAILING TO YIELD RIGHT-OF-WAY,UNABLE TO DETERMINE,4821,W,NORTH AVE,2533,,,,,,,2,"REPORTED, NOT EVIDENT",1,0,0,0,1,1,0,9,4,6,41.909505148,-87.746959936,POINT (-87.746959936272 41.909505147743)
d62e2996644aae20298472f0bcf1a8b1feee7f9115526020854b7376ccf4415731232d384b521683f8c9975bfa0bbff84b672cc3d20904960dc4c6b5890f3ada,JF265098,,06/02/2022 07:35:00 AM,30,NO CONTROLS,NO CONTROLS,CLEAR,DAYLIGHT,PEDALCYCLIST,DIVIDED - W/MEDIAN (NOT RAISED),,STRAIGHT AND LEVEL,DRY,NO DEFECTS,NOT ON SCENE (DESK REPORT),INJURY AND / OR TOW DUE TO CRASH,,,,"$501 - $1,500",06/02/2022 03:30:00 PM,IMPROPER TURNING/NO SIGNAL,UNABLE TO DETERMINE,3640,N,ELSTON AVE,1733,,,,,,,2,"REPORTED, NOT EVIDENT",1,0,0,0,1,1,0,7,5,6,41.947349987,-87.710122288,POINT (-87.710122287831 41.947349986872)
d624ce84d39c0e0f2d3db4368969ebdcfa4a2674d94c81181e60070241b9db45e2da312423e2ce7ec92ce9e0412b7be7cf7b5500c390b88c72c9dfc879b3c341,JE368836,,09/10/2021 06:37:00 PM,30,NO CONTROLS,NO CONTROLS,CLEAR,DAYLIGHT,PEDALCYCLIST,DIVIDED - W/MEDIAN (NOT RAISED),,STRAIGHT AND LEVEL,DRY,NO DEFECTS,ON SCENE,INJURY AND / OR TOW DUE TO CRASH,,,,"$501 - $1,500",09/10/2021 06:57:00 PM,UNABLE TO DETERMINE,NOT APPLICABLE,2840,N,NARRAGANSETT AVE,2511,,,,,,,2,NONINCAPACITATING INJURY,1,0,0,1,0,1,0,18,6,9,41.932226612,-87.785877818,POINT (-87.785877817606 41.932226611739)
d76166b807e1754675fee487f2b09755f77372895343c5c2e954be2e33c0c718b73be5b17349b261b90199b1a45d6484ae0871fbd4d6aa3c676738b33dab05c8,JE390538,,09/28/2021 03:32:00 PM,30,NO CONTROLS,NO CONTROLS,CLEAR,DAYLIGHT,PEDALCYCLIST,NOT DIVIDED,,STRAIGHT AND LEVEL,DRY,NO DEFECTS,ON SCENE,INJURY AND / OR TOW DUE TO CRASH,Y,,,$500 OR LESS,09/28/2021 03:37:00 PM,UNABLE TO DETERMINE,NOT APPLICABLE,7675,W,TALCOTT AVE,1612,,,N,,,,2,NONINCAPACITATING INJURY,1,0,0,1,0,1,0,15,3,9,41.991707191,-87.819153701,POINT (-87.819153700671 41.991707190723)
d548033a35b62cbb4dc8ed16bcae783cd21c86abf8c1fb102bd6a180c832e40cc3607f9e45a3d74b07b23ebe33d358b7b1e3a247114a3599eceba9cdc98c5aba,JE377664,,09/17/2021 07:49:00 PM,35,NO CONTROLS,NO CONTROLS,RAIN,"DARKNESS, LIGHTED ROAD",PEDALCYCLIST,DIVIDED - W/MEDIAN (NOT RAISED),,STRAIGHT AND LEVEL,WET,NO DEFECTS,ON SCENE,INJURY AND / OR TOW DUE TO CRASH,,,,"$501 - $1,500",09/17/2021 07:49:00 PM,IMPROPER LANE USAGE,UNABLE TO DETERMINE,1920,N,CLARK ST,1814,,,,,,,2,NONINCAPACITATING INJURY,1,0,0,1,0,1,0,19,6,9,41.91719655,-87.635489433,POINT (-87.635489433462 41.917196550207)
d92d0c9339fe8e6433a484dec5be949905fecef734fa8572a1afed1b529ddc283183d438c56d1fb61720e8578bfabe93fa0e881a9b2d94fde0f6849fdb26e7cc,JE396544,Y,10/02/2021 03:15:00 PM,30,TRAFFIC SIGNAL,FUNCTIONING PROPERLY,CLEAR,DAYLIGHT,PEDALCYCLIST,CENTER TURN LANE,,STRAIGHT AND LEVEL,DRY,NO DEFECTS,NOT ON SCENE (DESK REPORT),NO INJURY / DRIVE AWAY,Y,,,"$501 - $1,500",10/03/2021 01:45:00 PM,UNABLE TO DETERMINE,NOT APPLICABLE,2000,N,MILWAUKEE AVE,1431,,,,,,,2,NO INDICATION OF INJURY,0,0,0,0,0,2,0,15,7,10,41.917496608,-87.688719608,POINT (-87.688719608399 41.917496607937)
d9625dcdc791d0091982d7395c457c81d220c3215dd9cb93bf0e5e9edb3ac79c8d768b697d53237f87aa317fecb565b637c6618a51a6bcfb56060cd7384f7cb7,JE407624,Y,10/12/2021 07:30:00 PM,25,NO CONTROLS,NO CONTROLS,CLEAR,DARKNESS,PEDALCYCLIST,NOT DIVIDED,,STRAIGHT AND LEVEL,DRY,UNKNOWN,ON SCENE,INJURY AND / OR TOW DUE TO CRASH,,,Y,"OVER $1,500",10/12/2021 07:40:00 PM,DRIVING SKILLS/KNOWLEDGE/EXPERIENCE,UNABLE TO DETERMINE,2233,W,DIVISION ST,1212,,,,,,,3,INCAPACITATING INJURY,1,0,1,0,0,3,0,19,3,10,41.902971912,-87.683484931,POINT (-87.683484931346 41.902971912262)
d9fb3d2737da868705efc67821413909f7cbfdaf5f1c71725174d982f008ff549ad336481bf6a12bf90732ac19507f6cbddcc48c062ef5b3e5753fafc4298ce3,JE449767,,11/18/2021 07:51:00 PM,20,NO CONTROLS,NO CONTROLS,CLEAR,DAWN,PEDALCYCLIST,NOT DIVIDED,,STRAIGHT AND LEVEL,DRY,NO DEFECTS,ON SCENE,NO INJURY / DRIVE AWAY,,,,$500 OR LESS,11/18/2021 07:52:00 PM,UNABLE TO DETERMINE,UNABLE TO DETERMINE,2014,N,MILWAUKEE AVE,1431,,,,,,,2,NO INDICATION OF INJURY,0,0,0,0,0,2,0,19,5,11,41.917946473,-87.689463907,POINT (-87.689463906833 41.917946473364)
d7c4767e50841fa06c8563657de86d9e3cbd76dc8fe7ee0644e9443754268b316fc7a37ac8d2c9d48bfb0725764c61958fb3fb6f86ea3c5222055ba32f602f50,JF240140,,05/12/2022 09:42:00 PM,30,NO CONTROLS,NO CONTROLS,CLEAR,"DARKNESS, LIGHTED ROAD",PEDALCYCLIST,NOT DIVIDED,,STRAIGHT AND LEVEL,DRY,NO DEFECTS,ON SCENE,INJURY AND / OR TOW DUE TO CRASH,,,Y,"OVER $1,500",05/12/2022 09:42:00 PM,"OPERATING VEHICLE IN ERRATIC, RECKLESS, CARELESS, NEGLIGENT OR AGGRESSIVE MANNER",IMPROPER OVERTAKING/PASSING,7300,S,ASHLAND AVE,735,,,,,,,2,INCAPACITATING INJURY,1,0,1,0,0,1,0,21,5,5,41.761224933,-87.663833537,POINT (-87.663833537443 41.761224932571)