CRASH_RECORD_ID,RD_NO,CRASH_DATE_EST_I,CRASH_DATE,POSTED_SPEED_LIMIT,TRAFFIC_CONTROL_DEVICE,DEVICE_CONDITION,WEATHER_CONDITION,LIGHTING_CONDITION,FIRST_CRASH_TYPE,TRAFFICWAY_TYPE,LANE_CNT,ALIGNMENT,ROADWAY_SURFACE_COND,ROAD_DEFECT,REPORT_TYPE,CRASH_TYPE,INTERSECTION_RELATED_I,NOT_RIGHT_OF_WAY_I,HIT_AND_RUN_I,DAMAGE,DATE_POLICE_NOTIFIED,PRIM_CONTRIBUTORY_CAUSE,SEC_CONTRIBUTORY_CAUSE,STREET_NO,STREET_DIRECTION,STREET_NAME,BEAT_OF_OCCURRENCE,PHOTOS_TAKEN_I,STATEMENTS_TAKEN_I,DOORING_I,WORK_ZONE_I,WORK_ZONE_TYPE,WORKERS_PRESENT_I,NUM_UNITS,MOST_SEVERE_INJURY,INJURIES_TOTAL,INJURIES_FATAL,INJURIES_INCAPACITATING,INJURIES_NON_INCAPACITATING,INJURIES_REPORTED_NOT_EVIDENT,INJURIES_NO_INDICATION,INJURIES_UNKNOWN,CRASH_HOUR,CRASH_DAY_OF_WEEK,CRASH_MONTH,LATITUDE,LONGITUDE,LOCATION
d99c06c5dae5ef53a4af887b6d67d5952db6aae878e0037eac0c3b6711dd13c53a1672d672b84a17a7fc57f394fbf1c25f1cb69f980440a79620429f23c1acdd,JE401688,,10/07/2021 04:20:00 PM,30,UNKNOWN,UNKNOWN,CLEAR,DAYLIGHT,PEDALCYCLIST,NOT DIVIDED,,STRAIGHT AND LEVEL,DRY,UNKNOWN,ON SCENE,INJURY AND / OR TOW DUE TO CRASH,,,,$500 OR LESS,10/07/2021 04:40:00 PM,FAILING TO YIELD RIGHT-OF-WAY,FAILING TO YIELD RIGHT-OF-WAY,2735,N,CLARK ST,1935,,,,,,,2,INCAPACITATING INJURY,1,0,1,0,0,1,0,16,5,10,41.932318238,-87.644650646,POINT (-87.644650645654 41.932318237529)
d7b5305a82d9c1e233baf4c0f3b5f2a4493b8671561d56e1d95aa940b7e7965fea25b216be2f9ef8437962e7c0016727098a020229244c2fa1e9b969a408a891,JE427098,,10/29/2021 06:21:00 PM,30,TRAFFIC SIGNAL,FUNCTIONING PROPERLY,RAIN,DUSK,PEDALCYCLIST,NOT DIVIDED,,STRAIGHT AND LEVEL,WET,NO DEFECTS,ON SCENE,INJURY AND / OR TOW DUE TO CRASH,Y,,,"OVER $1,500",10/29/2021 07:19:00 PM,UNABLE TO DETERMINE,FAILING TO YIELD RIGHT-OF-WAY,2800,N,LARAMIE AVE,2514,,,,,,,2,NONINCAPACITATING INJURY,1,0,0,1,0,1,0,18,6,10,41.931442285,-87.756568895,POINT (-87.756568894901 41.931442285363)
d8fa9699371b365549babf4276ebceea059d5f9f403dc13418bb3a533337271f6814c9c5b99b949aabe4bc47ad6b53ca3cbbc14820e016ba51d234debed354dc,JF237233,,05/10/2022 03:45:00 PM,30,NO CONTROLS,NO CONTROLS,CLEAR,DAYLIGHT,PEDALCYCLIST,NOT DIVIDED,,STRAIGHT AND LEVEL,DRY,NO DEFECTS,ON SCENE,INJURY AND / OR TOW DUE TO CRASH,,,Y,$500 OR LESS,05/10/2022 03:58:00 PM,IMPROPER OVERTAKING/PASSING,NOT APPLICABLE,4120,S,ARCHER AVE,921,,,,,,,2,INCAPACITATING INJURY,1,0,1,0,0,1,0,15,3,5,41.818670808,-87.697006381,POINT (-87.697006381179 41.818670807503)
da11845d12edf73b86a8c87524c3e2feb652d2933e486105c2b2da0ce3c866581c7f9ffbd0ee3c3207da5860e07c6e88335c70c61831e20b217a8ebe0bb3dbc9,JF232581,,05/04/2022 04:50:00 PM,30,TRAFFIC SIGNAL,FUNCTIONING PROPERLY,UNKNOWN,DAYLIGHT,PEDALCYCLIST,FOUR WAY,,STRAIGHT AND LEVEL,UNKNOWN,NO DEFECTS,NOT ON SCENE (DESK REPORT),INJURY AND / OR TOW DUE TO CRASH,Y,,Y,"OVER $1,500",05/06/2022 06:00:00 PM,FAILING TO YIELD RIGHT-OF-WAY,DRIVING SKILLS/KNOWLEDGE/EXPERIENCE,5031,N,ASHLAND AVE,2032,,,,,,,2,NONINCAPACITATING INJURY,1,0,0,1,0,1,0,16,4,5,41.973392142,-87.669411889,POINT (-87.66941188854 41.973392142474)
d944b6b338c115bff33641ac65a29aa0e232e44824a0c04b09eb9bafa58a88eb95c606930e3a43bf10cd390a50fa2ab4951764f10e246c13b1bc8598f6321c08,JF293901,,06/22/2022 05:55:00 PM,30,UNKNOWN,UNKNOWN,UNKNOWN,UNKNOWN,PEDALCYCLIST,NOT DIVIDED,,STRAIGHT AND LEVEL,UNKNOWN,UNKNOWN,NOT ON SCENE (DESK REPORT),INJURY AND / OR TOW DUE TO CRASH,,,,"OVER $1,500",06/25/2022 06:15:00 PM,UNABLE TO DETERMINE,NOT APPLICABLE,3446,N,SOUTHPORT AVE,1922,,,,,,,2,NONINCAPACITATING INJURY,1,0,0,1,0,2,0,17,4,6,41.944844005,-87.664103864,POINT (-87.664103863847 41.944844005377)
da633fb00a322790589a0eecbe6591dd45df7da723114871c822b2384dd7b6e84134c2f7598fcff273621210f55e54f31bb4929a009eec55c3daf30f47106df8,JE443703,,11/13/2021 10:15:00 AM,30,TRAFFIC SIGNAL,FUNCTIONING PROPERLY,CLEAR,DAYLIGHT,PEDALCYCLIST,NOT DIVIDED,,STRAIGHT AND LEVEL,DRY,NO DEFECTS,NOT ON SCENE (DESK REPORT),NO INJURY / DRIVE AWAY,,,,$500 OR LESS,11/13/2021 11:00:00 AM,FOLLOWING TOO CLOSELY,FOLLOWING TOO CLOSELY,5458,S,WESTERN AVE,824,,,,,,,2,NO INDICATION OF INJURY,0,0,0,0,0,2,0,10,7,11,41.793942928,-87.684189969,POINT (-87.684189969085 41.793942927846)
dab79ab7a06f50af4e152c7224fb5cbb499cb09f5b6bc10d016dcd7fc4ae296892a8f9b652c6889b23170d2350e8bc064966bb9ec54720a67ff0e085218e0008,JF206061,,04/12/2022 07:39:00 PM,30,TRAFFIC SIGNAL,FUNCTIONING PROPERLY,RAIN,DARKNESS,PEDALCYCLIST,NOT DIVIDED,,STRAIGHT AND LEVEL,WET,NO DEFECTS,ON SCENE,INJURY AND / OR TOW DUE TO CRASH,Y,,,"OVER $1,500",04/12/2022 07:40:00 PM,UNABLE TO DETERMINE,WEATHER,600,W,31ST ST,914,,,,,,,2,INCAPACITATING INJURY,1,0,1,0,0,3,0,19,3,4,41.838215998,-87.641480103,POINT (-87.641480102592 41.838215998403)
d926bf6a9c7163a8f7e5ddd87a8ec489b5b3f4c22c75beff968b16d55781f9e9b66a196ca06cfeb5a8c7f59b957cae36fdaadb0c910a2f43e2645fae615d4ad9,JF316205,,07/13/2022 02:45:00 PM,30,NO CONTROLS,NO CONTROLS,CLEAR,DAYLIGHT,PEDALCYCLIST,PARKING LOT,,STRAIGHT AND LEVEL,DRY,NO DEFECTS,ON SCENE,INJURY AND / OR TOW DUE TO CRASH,,Y,,"$501 - $1,500",07/13/2022 02:58:00 PM,FAILING TO REDUCE SPEED TO AVOID CRASH,NOT APPLICABLE,2630,N,NARRAGANSETT AVE,2512,,,,,,,2,NONINCAPACITATING INJURY,1,0,0,1,0,1,0,14,4,7,41.928278993,-87.785761257,POINT (-87.785761257196 41.928278992821)
d816ea5c7ce239427273671ad14d0a8ee3ee509340ed3dade1ad17d4e0bff9d48699e934578a994c1ae9343653edc1be94270693fe7f22b27cb1b92be601d5a4,JF192083,,03/30/2022 02:00:00 PM,30,STOP SIGN/FLASHER,NO CONTROLS,RAIN,DAYLIGHT,PEDALCYCLIST,FOUR WAY,,STRAIGHT AND LEVEL,WET,UNKNOWN,NOT ON SCENE (DESK REPORT),INJURY AND / OR TOW DUE TO CRASH,Y,,N,"OVER $1,500",03/31/2022 01:50:00 AM,FAILING TO YIELD RIGHT-OF-WAY,DRIVING SKILLS/KNOWLEDGE/EXPERIENCE,100,N,PEORIA ST,1224,,,,,,,2,NONINCAPACITATING INJURY,1,0,0,1,0,1,0,14,4,3,41.883160028,-87.649884217,POINT (-87.649884217 41.883160028063)
daec06d26b78fac5be9962f489d819cde23f0ec7fd7c29f072c3c598be72dbcd07408e94361ae7deb30ec290425eaadf3133f9f44f2d8f94324ada4252be1eee,JF222904,,04/28/2022 07:30:00 AM,30,NO CONTROLS,NO CONTROLS,CLEAR,DAYLIGHT,PEDALCYCLIST,ALLEY,,STRAIGHT AND LEVEL,DRY,NO DEFECTS,NOT ON SCENE (DESK REPORT),INJURY AND / OR TOW DUE TO CRASH,,,Y,$500 OR LESS,04/28/2022 10:30:00 AM,FAILING TO YIELD RIGHT-OF-WAY,NOT APPLICABLE,6421,N,WESTERN AVE,2412,,,,,,,2,NONINCAPACITATING INJURY,1,0,0,1,0,1,0,7,5,4,41.998384625,-87.689757,POINT (-87.689756999764 41.998384624648)
d9fe718fec263cf1672ec9ae0a60bfcaef63b85bfebb2c37885095fd846ba5adea21e5943f65a8089cf6ec5b0e8d74c64272302d0ef8d13e1685880e308fce0e,JF251518,,05/22/2022 12:26:00 PM,30,NO CONTROLS,NO CONTROLS,CLEAR,DAYLIGHT,PEDALCYCLIST,NOT DIVIDED,,STRAIGHT AND LEVEL,DRY,NO DEFECTS,ON SCENE,INJURY AND / OR TOW DUE TO CRASH,,,Y,"OVER $1,500",05/22/2022 12:26:00 PM,UNABLE TO DETERMINE,NOT APPLICABLE,1314,W,FOSTER AVE,2013,,,,,,,2,NONINCAPACITATING INJURY,1,0,0,1,0,1,0,12,1,5,41.976385539,-87.663027111,POINT (-87.663027110968 41.976385538936)
d8ccc710aff823950425a45fc2507c2c99248eb690794e9725e7a7e5cbf6820fafe39e60c06ac3d2a77b93b889feb444d63dd2173f6ad57fc9147c687f7b44c1,JF280555,,06/15/2022 12:00:00 PM,30,STOP SIGN/FLASHER,FUNCTIONING PROPERLY,CLEAR,DAYLIGHT,PEDALCYCLIST,FOUR WAY,,STRAIGHT AND LEVEL,DRY,NO DEFECTS,ON SCENE,NO INJURY / DRIVE AWAY,Y,,Y,$500 OR LESS,06/15/2022 12:00:00 PM,FAILING TO YIELD RIGHT-OF-WAY,UNABLE TO DETERMINE,3432,W,MONTROSE AVE,1723,,,,,,,2,NO INDICATION OF INJURY,0,0,0,0,0,2,0,12,4,6,41.961221784,-87.714505846,POINT (-87.714505846065 41.961221784078)
da6394b8247861559e3b37958af811b5cb20b664d11411f01bfb492468e8de00557a4d2fd726de42445957a9acf195ca03c1d5e8dba11290ff37978cb869ef0d,JF288427,,06/21/2022 12:14:00 PM,30,TRAFFIC SIGNAL,FUNCTIONING PROPERLY,CLEAR,DAYLIGHT,PEDALCYCLIST,FOUR WAY,,STRAIGHT AND LEVEL,DRY,NO DEFECTS,ON SCENE,INJURY AND / OR TOW DUE TO CRASH,Y,,,$500 OR LESS,06/21/2022 12:14:00 PM,UNABLE TO DETERMINE,UNABLE TO DETERMINE,800,W,BELMONT AVE,1924,,,,,,,2,NONINCAPACITATING INJURY,1,0,0,1,0,1,0,12,3,6,41.940090125,-87.649309959,POINT (-87.649309959096 41.940090124848)
d9dc4223932510aa814693cdebc4f6b5f19b55d6adda084db31c93008d5c914e9afe1e3b88f329e1eaeafee97bd58aa2411dafe17d57cf1fe91a430800c90728,JF315832,,07/13/2022 10:01:00 AM,30,NO CONTROLS,NO CONTROLS,CLEAR,DAYLIGHT,PEDALCYCLIST,NOT DIVIDED,,STRAIGHT AND LEVEL,DRY,NO DEFECTS,ON SCENE,NO INJURY / DRIVE AWAY,,,,$500 OR LESS,07/13/2022 10:11:00 AM,FAILING TO YIELD RIGHT-OF-WAY,NOT APPLICABLE,412,S,KEDZIE AVE,1134,,,N,,,,2,NO INDICATION OF INJURY,0,0,0,0,0,2,0,10,4,7,41.875479516,-87.706115771,POINT (-87.706115770872 41.875479516163)
d79b6d1a1cbcce49f9cccb9944ad88757a33925e0e29a4b51c192ca3505ddc4fadb228f8fe916492e177d74d0452efad3667ebba808883fb32f25c7ae37d291a,JE430819,,11/01/2021 11:28:00 PM,30,NO CONTROLS,NO CONTROLS,CLEAR,"DARKNESS, LIGHTED ROAD",PEDALCYCLIST,NOT DIVIDED,,STRAIGHT AND LEVEL,DRY,NO DEFECTS,ON SCENE,INJURY AND / OR TOW DUE TO CRASH,,,Y,$500 OR LESS,11/01/2021 11:33:00 PM,UNABLE TO DETERMINE,NOT APPLICABLE,3500,N,HARLEM AVE,1631,,,,,,,2,INCAPACITATING INJURY,1,0,1,0,0,1,0,23,2,11,41.943533293,-87.807095067,POINT (-87.807095067025 41.943533293121)
de37219cecf7e3140b0f1b902d72e95035fb5f11f95f64acb2b75fed4d9f8d77f6050d2000a2b992c087bfaacf1481c98249b4a1ca242376b7784ef419b1fc9d,JF272450,,06/08/2022 05:00:00 PM,30,NO CONTROLS,NO CONTROLS,CLEAR,DAYLIGHT,PEDALCYCLIST,DIVIDED - W/MEDIAN (NOT RAISED),,STRAIGHT AND LEVEL,DRY,NO DEFECTS,ON SCENE,INJURY AND / OR TOW DUE TO CRASH,Y,,Y,"OVER $1,500",06/08/2022 05:35:00 PM,IMPROPER OVERTAKING/PASSING,FAILING TO YIELD RIGHT-OF-WAY,1222,W,18TH ST,1233,,,,,,,2,NONINCAPACITATING INJURY,1,0,0,1,0,1,0,17,4,6,41.85804733,-87.657422951,POINT (-87.657422951325 41.858047329797)
de1eea16e95e26be702351ad5c2e1a800f46db2c5846d57e5fc6d6538a00208ce1ae30a69df83dc9722e4dcc4a4873b5c8a78e12e3d357af826a94589eb5adea,JE435487,,11/05/2021 07:30:00 PM,25,TRAFFIC SIGNAL,UNKNOWN,UNKNOWN,UNKNOWN,PEDALCYCLIST,FOUR WAY,,STRAIGHT AND LEVEL,UNKNOWN,UNKNOWN,NOT ON SCENE (DESK REPORT),INJURY AND / OR TOW DUE TO CRASH,,,Y,$500 OR LESS,11/06/2021 12:00:00 AM,DISREGARDING TRAFFIC SIGNALS,TURNING RIGHT ON RED,1998,W,PRATT BLVD,2424,,,,,,,2,"REPORTED, NOT EVIDENT",1,0,0,0,1,1,0,19,6,11,42.005318489,-87.680063764,POINT (-87.680063763825 42.005318489291)
dc7c0a9888693a6b7eb8410fccca6d0ebb92d05855c41ccff7a5b0d2a333406ae8a0717cd3d1206ec64262f994a287a03d66569ffb1fdaf021832058a08ff18e,JF296521,,06/27/2022 07:09:00 PM,30,NO CONTROLS,NO CONTROLS,CLEAR,DAYLIGHT,PEDALCYCLIST,OTHER,,STRAIGHT AND LEVEL,DRY,UNKNOWN,ON SCENE,NO INJURY / DRIVE AWAY,,,Y,"OVER $1,500",06/27/2022 07:10:00 PM,UNABLE TO DETERMINE,UNABLE TO DETERMINE,1366,N,KARLOV AVE,2534,,,,,,,2,NO INDICATION OF INJURY,0,0,0,0,0,2,0,19,2,6,41.906202917,-87.729010472,POINT (-87.729010471728 41.90620291669)
de1c95c95836c293e2e193de0df1e6cbb335cd651b1d588bb79bd0337f20c2eff665a8b561006f578008e16f0ea5838c7dcad5acf82830d3e8905f2c0613da9f,JE368407,,09/10/2021 07:00:00 AM,30,STOP SIGN/FLASHER,FUNCTIONING PROPERLY,CLEAR,DAYLIGHT,PEDALCYCLIST,NOT DIVIDED,,STRAIGHT AND LEVEL,DRY,NO DEFECTS,NOT ON SCENE (DESK REPORT),NO INJURY / DRIVE AWAY,,,,$500 OR LESS,09/10/2021 01:25:00 PM,UNABLE TO DETERMINE,NOT APPLICABLE,2757,W,LE MOYNE ST,1423,,,,,,,2,NO INDICATION OF INJURY,0,0,0,0,0,2,0,7,6,9,41.908287758,-87.696849603,POINT (-87.696849603356 41.908287757519)
de170c2ef2937302808efe7217d47d163c72d10ce4ad6130167cc2cd96de8343530a4bbfc033d6d2486227ff54be6c66341d63f39855602be7edbdf198ec2bd3,JF312665,,07/10/2022 08:15:00 PM,35,UNKNOWN,UNKNOWN,CLEAR,DAWN,PEDALCYCLIST,NOT DIVIDED,,STRAIGHT AND LEVEL,DRY,UNKNOWN,ON SCENE,INJURY AND / OR TOW DUE TO CRASH,,,Y,"OVER $1,500",07/10/2022 08:20:00 PM,UNABLE TO DETERMINE,NOT APPLICABLE,2015,W,AUGUSTA BLVD,1212,,,,,,,2,INCAPACITATING INJURY,1,0,1,0,0,1,0,20,1,7,41.899431126,-87.677805331,POINT (-87.67780533081 41.899431125614)
ddd7ac9218029bc7b626859c83809e38de9c06abfaa7638d415103be76f22211d1413f899f8033b0b61c66a422ec36c748282a33ad58677a79cbe025f51c4b01,JF204682,,04/11/2022 03:05:00 PM,30,STOP SIGN/FLASHER,FUNCTIONING PROPERLY,CLEAR,DAYLIGHT,PEDALCYCLIST,NOT DIVIDED,,STRAIGHT AND LEVEL,DRY,NO DEFECTS,ON SCENE,INJURY AND / OR TOW DUE TO CRASH,,,,$500 OR LESS,04/11/2022 03:05:00 PM,UNABLE TO DETERMINE,NOT APPLICABLE,10600,S,AVENUE L,432,,,,,,,2,NONINCAPACITATING INJURY,1,0,0,1,0,2,0,15,2,4,41.702648006,-87.536638735,POINT (-87.536638735138 41.702648006115)
db6d314fe2c65297d2825fe2e71f5bbfc4771935d161cee62d18735332539a929c09416aeca8fcfd34f52be25a2942d3fe1dd27531530c6d2684ba22f458a560,JE408413,,10/13/2021 12:24:00 PM,30,UNKNOWN,UNKNOWN,UNKNOWN,UNKNOWN,PEDALCYCLIST,UNKNOWN,,STRAIGHT AND LEVEL,UNKNOWN,UNKNOWN,NOT ON SCENE (DESK REPORT),NO INJURY / DRIVE AWAY,,,,"OVER $1,500",10/13/2021 02:40:00 PM,UNABLE TO DETERMINE,NOT APPLICABLE,5900,N,INDIAN RD,1621,,,,,,,2,NO INDICATION OF INJURY,0,0,0,0,0,3,0,12,4,10,41.987591959,-87.764638727,POINT (-87.764638726626 41.987591959487)
dbc9706512752d1a2058947e24c5d4aa407361523a7535abe13c4b49a8c017ace7d2da9f58c6e45bb1e24c45ebea1f22a65a1def93995e779fd3d80862e4f47a,JF229611,,05/04/2022 08:54:00 AM,30,NO CONTROLS,NO CONTROLS,CLEAR,DAYLIGHT,PEDALCYCLIST,NOT DIVIDED,,STRAIGHT AND LEVEL,DRY,NO DEFECTS,ON SCENE,INJURY AND / OR TOW DUE TO CRASH,,,,"OVER $1,500",05/04/2022 08:56:00 AM,NOT APPLICABLE,NOT APPLICABLE,3816,N,KIMBALL AVE,1732,,,Y,,,,2,INCAPACITATING INJURY,1,0,1,0,0,1,0,8,4,5,41.950756879,-87.712958456,POINT (-87.712958456053 41.950756878501)
db9ed865ea3b2b32f9e9190f4ffc6776599e9676dd7990c57daf98467c9743bd6e997fab73169402636e3c250a928adca70b8db17e2b04dbdf9c415781466a1e,JF241232,,05/13/2022 07:30:00 PM,25,TRAFFIC SIGNAL,FUNCTIONING PROPERLY,CLEAR,DAYLIGHT,PEDALCYCLIST,FOUR WAY,,STRAIGHT AND LEVEL,DRY,NO DEFECTS,ON SCENE,INJURY AND / OR TOW DUE TO CRASH,Y,,,$500 OR LESS,05/13/2022 07:32:00 PM,IMPROPER TURNING/NO SIGNAL,NOT APPLICABLE,5922,N,CLARK ST,2012,,,,,,,2,NONINCAPACITATING INJURY,1,0,0,1,0,1,0,19,6,5,41.989074683,-87.670074805,POINT (-87.670074805322 41.989074682634)
dc079142b31cda09739ce3b2fb426e7851f54687ae3b9c83b5ffaef27466a5226fb536b0625fbefada38b8b1bc944a62a77b86c53f70694ee00358045a2bf608,JE358111,,09/01/2021 04:52:00 PM,30,STOP SIGN/FLASHER,FUNCTIONING PROPERLY,CLEAR,DAYLIGHT,PEDALCYCLIST,NOT DIVIDED,,STRAIGHT AND LEVEL,DRY,NO DEFECTS,ON SCENE,INJURY AND / OR TOW DUE TO CRASH,N,,,"$501 - $1,500",09/01/2021 04:55:00 PM,NOT APPLICABLE,NOT APPLICABLE,1200,W,WELLINGTON AVE,1933,,,,,,,2,NONINCAPACITATING INJURY,1,0,0,1,0,1,0,16,4,9,41.93630456,-87.658962597,POINT (-87.658962596834 41.936304560064)
de1cf2e1c2870d45adb5fc82bfc2902a97d6f3934fac363400bccf031d34137f2d29477e8ffbae903b51dfcdb15a5e3020c46a6d08905f79f071cba443d6f286,JF276051,,06/11/2022 04:44:00 PM,30,TRAFFIC SIGNAL,FUNCTIONING PROPERLY,CLEAR,DAYLIGHT,PEDALCYCLIST,NOT DIVIDED,,STRAIGHT AND LEVEL,DRY,NO DEFECTS,ON SCENE,INJURY AND / OR TOW DUE TO CRASH,Y,,,"$501 - $1,500",06/11/2022 05:12:00 PM,UNABLE TO DETERMINE,NOT APPLICABLE,301,S,WESTERN AVE,1225,,,,,,,2,NONINCAPACITATING INJURY,1,0,0,1,0,5,0,16,7,6,41.877476962,-87.68619603,POINT (-87.686196029587 41.877476961841)
db95b25c4022cb0058a6fe38939d0a81c3a0bb586c940ce1e7286cf076102d76affafb21094250f8f711f1753b48afd73b2d5ef723e858ba5d49a7f37df3c2ea,JF257684,,05/27/2022 01:09:00 PM,30,NO CONTROLS,NO CONTROLS,CLEAR,DAYLIGHT,PEDALCYCLIST,NOT DIVIDED,,STRAIGHT AND LEVEL,DRY,NO DEFECTS,ON SCENE,INJURY AND / OR TOW DUE TO CRASH,,,,"$501 - $1,500",05/27/2022 01:10:00 PM,IMPROPER TURNING/NO SIGNAL,IMPROPER LANE USAGE,6647,S,COTTAGE GROVE AVE,321,,N,N,,,,2,NONINCAPACITATING INJURY,1,0,0,1,0,1,0,13,6,5,41.773573805,-87.605636025,POINT (-87.605636024732 41.773573804961)
db24dc03055e47bed1be25b8d0caa25926ab2cf9161f6797c2cd53d66b008405d9eeb56926c66dedcb04fba327372604e720a38a1b37f1b79fca9284b15e9812,JF179414,,03/19/2022 02:35:00 PM,30,TRAFFIC SIGNAL,FUNCTIONING PROPERLY,RAIN,DAYLIGHT,PEDALCYCLIST,NOT DIVIDED,,STRAIGHT AND LEVEL,WET,NO DEFECTS,ON SCENE,INJURY AND / OR TOW DUE TO CRASH,Y,,,$500 OR LESS,03/19/2022 02:42:00 PM,FAILING TO YIELD RIGHT-OF-WAY,UNABLE TO DETERMINE,2,W,CHICAGO AVE,1832,,,,,,,2,"REPORTED, NOT EVIDENT",1,0,0,0,1,4,0,14,7,3,41.896786051,-87.628280875,POINT (-87.62828087456 41.896786050908)
dd41b3cb99b023f0c02723ab76d17b553ad2029abc626b1d8ead4e01257c95032d7397a5aba6d828624e0d60308b556d001aad10efe62b19d8327cb2f20d4f56,JF281444,,06/16/2022 01:20:00 AM,30,NO CONTROLS,NO CONTROLS,RAIN,"DARKNESS, LIGHTED ROAD",PEDALCYCLIST,NOT DIVIDED,,STRAIGHT AND LEVEL,WET,UNKNOWN,ON SCENE,INJURY AND / OR TOW DUE TO CRASH,,,,"$501 - $1,500",06/16/2022 01:22:00 AM,NOT APPLICABLE,NOT APPLICABLE,5009,N,SHERIDAN RD,2024,,,,,,,2,INCAPACITATING INJURY,1,0,1,0,0,0,0,1,5,6,41.973617725,-87.654789243,POINT (-87.654789243096 41.973617725369)
ddf310dda9a8c58fcdf54cd456da985e77286a7d680794a640f1a691dd4d060b457847f5b8d11a152e25805fe9eeb96cd62e2dab8c8660ad24fce9e07714f4a3,JE367761,,09/09/2021 09:47:00 PM,30,NO CONTROLS,FUNCTIONING PROPERLY,CLEAR,"DARKNESS, LIGHTED ROAD",PEDALCYCLIST,NOT DIVIDED,,STRAIGHT AND LEVEL,DRY,NO DEFECTS,ON SCENE,INJURY AND / OR TOW DUE TO CRASH,Y,,,"$501 - $1,500",09/09/2021 09:49:00 PM,DISREGARDING STOP SIGN,NOT APPLICABLE,3100,N,SOUTHPORT AVE,1933,,,,,,,2,NONINCAPACITATING INJURY,1,0,0,1,0,1,0,21,5,9,41.937983837,-87.663903855,POINT (-87.663903854575 41.937983837158)
dc8f9e755e8fd45319b54666fae444eeb8f128e954bd23e3afb0dc46c75019acfa80e40d229d1b50dee993fe8b3e8b2d7266e9037a18fdbcd5900529b77cdc60,JF267262,,06/04/2022 09:15:00 AM,30,TRAFFIC SIGNAL,FUNCTIONING PROPERLY,CLEAR,DAYLIGHT,PEDALCYCLIST,NOT DIVIDED,,STRAIGHT AND LEVEL,DRY,NO DEFECTS,NOT ON SCENE (DESK REPORT),NO INJURY / DRIVE AWAY,Y,,Y,$500 OR LESS,06/04/2022 09:40:00 AM,IMPROPER TURNING/NO SIGNAL,NOT APPLICABLE,3201,W,CERMAK RD,1024,,,,,,,2,NO INDICATION OF INJURY,0,0,0,0,0,2,0,9,7,6,41.851654545,-87.705312694,POINT (-87.7053126941 41.851654545163)
de18a3df10a292aeaf42a1fc684e264b9756225f191c4ec8d4d73013e4c966c0dafcbd66ddc84aa198e1d3e9cec29dd05ae4a9fd2eeaa949c120846887bd2327,JE479909,,12/16/2021 06:15:00 PM,30,TRAFFIC SIGNAL,FUNCTIONING PROPERLY,CLEAR,"DARKNESS, LIGHTED ROAD",PEDALCYCLIST,ONE-WAY,,STRAIGHT AND LEVEL,DRY,UNKNOWN,ON SCENE,INJURY AND / OR TOW DUE TO CRASH,,,,"OVER $1,500",12/16/2021 06:16:00 PM,DRIVING ON WRONG SIDE/WRONG WAY,UNABLE TO DETERMINE,198,W,GRAND AVE,1831,,,,,,,2,INCAPACITATING INJURY,1,0,1,0,0,3,0,18,5,12,41.891697629,-87.633996194,POINT (-87.633996193764 41.891697628679)
e120a886ea26e13e46e5995b7d2435fffa3c3de87168b850bfd5f9ce4cbdc2880ecb0d1d7ce4f3945cc170b5428f099821eeaead20eccfebd35d7a6f1571f074,JF279466,,06/14/2022 02:25:00 PM,30,NO CONTROLS,NO CONTROLS,CLEAR,DAYLIGHT,PEDALCYCLIST,OTHER,,STRAIGHT AND LEVEL,DRY,UNKNOWN,ON SCENE,INJURY AND / OR TOW DUE TO CRASH,,,,"OVER $1,500",06/14/2022 02:28:00 PM,UNABLE TO DETERMINE,UNABLE TO DETERMINE,1040,W,ARMITAGE AVE,1811,,,,,,,2,NONINCAPACITATING INJURY,1,0,0,1,0,0,0,14,3,6,41.918193922,-87.654899312,POINT (-87.654899311925 41.918193922455)
e0fea318429512bd25ad035d49931b4324c9cf7b76aa0b0b9fc00dff12d9eb10f5e3c472921be5efc3d285f401d846ff388991ba1aefd221d4b70e667383e929,JE410400,,10/14/2021 08:00:00 PM,30,NO CONTROLS,FUNCTIONING PROPERLY,CLEAR,"DARKNESS, LIGHTED ROAD",PEDALCYCLIST,NOT DIVIDED,,STRAIGHT AND LEVEL,DRY,NO DEFECTS,NOT ON SCENE (DESK REPORT),INJURY AND / OR TOW DUE TO CRASH,Y,,,"OVER $1,500",10/15/2021 10:00:00 AM,FAILING TO YIELD RIGHT-OF-WAY,NOT APPLICABLE,400,W,KINZIE ST,1831,,,,,,,2,NONINCAPACITATING INJURY,1,0,0,1,0,2,0,20,5,10,41.889193279,-87.638150695,POINT (-87.63815069502 41.889193279096)
df4cdd29938091262d3fc0c55283533fe299a7860009d8ca0d6c7e7a41694766086c9062a40fa1b362baa186ff88385fe38d3acd5d1cbdd13c8e32729df47d36,JF298960,,06/29/2022 03:15:00 PM,30,NO CONTROLS,NO CONTROLS,CLEAR,DAYLIGHT,PEDALCYCLIST,OTHER,,STRAIGHT AND LEVEL,DRY,NO DEFECTS,NOT ON SCENE (DESK REPORT),NO INJURY / DRIVE AWAY,,,,"OVER $1,500",06/29/2022 05:40:00 PM,NOT APPLICABLE,NOT APPLICABLE,5801,S,LAKE SHORE DR,331,,,,,,,2,NO INDICATION OF INJURY,0,0,0,0,0,1,0,15,4,6,41.790116384,-87.578791453,POINT (-87.578791452563 41.790116384277)