CRASH_RECORD_ID,RD_NO,CRASH_DATE_EST_I,CRASH_DATE,POSTED_SPEED_LIMIT,TRAFFIC_CONTROL_DEVICE,DEVICE_CONDITION,WEATHER_CONDITION,LIGHTING_CONDITION,FIRST_CRASH_TYPE,TRAFFICWAY_TYPE,LANE_CNT,ALIGNMENT,ROADWAY_SURFACE_COND,ROAD_DEFECT,REPORT_TYPE,CRASH_TYPE,INTERSECTION_RELATED_I,NOT_RIGHT_OF_WAY_I,HIT_AND_RUN_I,DAMAGE,DATE_POLICE_NOTIFIED,PRIM_CONTRIBUTORY_CAUSE,SEC_CONTRIBUTORY_CAUSE,STREET_NO,STREET_DIRECTION,STREET_NAME,BEAT_OF_OCCURRENCE,PHOTOS_TAKEN_I,STATEMENTS_TAKEN_I,DOORING_I,WORK_ZONE_I,WORK_ZONE_TYPE,WORKERS_PRESENT_I,NUM_UNITS,MOST_SEVERE_INJURY,INJURIES_TOTAL,INJURIES_FATAL,INJURIES_INCAPACITATING,INJURIES_NON_INCAPACITATING,INJURIES_REPORTED_NOT_EVIDENT,INJURIES_NO_INDICATION,INJURIES_UNKNOWN,CRASH_HOUR,CRASH_DAY_OF_WEEK,CRASH_MONTH,LATITUDE,LONGITUDE,LOCATION
dfdec17329670c8213aea9747e6cf0d7cbb383b5bdc6c05f6c6e063c880917d22ec4066c9e8e92f159a2157ea6e2ddb894d00586f3e34fd052417f914624fc83,JF299124,,06/29/2022 05:12:00 PM,30,STOP SIGN/FLASHER,UNKNOWN,CLEAR,DAYLIGHT,PEDALCYCLIST,NOT DIVIDED,,STRAIGHT AND LEVEL,DRY,UNKNOWN,ON SCENE,INJURY AND / OR TOW DUE TO CRASH,,,,"$501 - $1,500",06/29/2022 05:20:00 PM,FOLLOWING TOO CLOSELY,UNABLE TO DETERMINE,2455,N,SHEFFIELD AVE,1932,,,,,,,2,NONINCAPACITATING INJURY,1,0,0,1,0,1,0,17,4,6,41.927025491,-87.653517427,POINT (-87.653517426528 41.927025490634)
df17ffe8fb29eab50c2901faf25ffc2c4039e1fdd60f6246e9a809de554c4cc2fc945477c91e9acec2c77789243d7ea536f5dc36784859a93647fcb37bb87aee,JF174851,,03/15/2022 03:24:00 PM,30,STOP SIGN/FLASHER,FUNCTIONING IMPROPERLY,CLEAR,DAYLIGHT,PEDALCYCLIST,ONE-WAY,,STRAIGHT AND LEVEL,DRY,NO DEFECTS,ON SCENE,INJURY AND / OR TOW DUE TO CRASH,,,,"OVER $1,500",03/15/2022 03:24:00 PM,UNABLE TO DETERMINE,UNABLE TO DETERMINE,2558,N,PARKSIDE AVE,2515,,,,,,,2,"REPORTED, NOT EVIDENT",1,0,0,0,1,1,0,15,3,3,41.927517617,-87.767477829,POINT (-87.767477829148 41.927517617116)
e02f041040a93e1dfc1c72deeba08cab5ddd7959c5b1c98bb8477a1c53fd6a0d876696bf82ae66505577bf00464b84048308e9f2cec40373696511f469c0501e,JF301618,,07/01/2022 04:44:00 PM,30,NO CONTROLS,NO CONTROLS,CLEAR,DAYLIGHT,PEDALCYCLIST,PARKING LOT,,STRAIGHT AND LEVEL,DRY,NO DEFECTS,ON SCENE,INJURY AND / OR TOW DUE TO CRASH,,,,$500 OR LESS,07/01/2022 04:44:00 PM,FAILING TO YIELD RIGHT-OF-WAY,FAILING TO YIELD RIGHT-OF-WAY,7144,N,HARLEM AVE,1611,,Y,,,,,2,NONINCAPACITATING INJURY,2,0,0,2,0,0,0,16,6,7,42.011233092,-87.806788778,POINT (-87.806788778364 42.011233092203)
e0e7d653f60ef0027fffe8b717b879660ed163875b983c5c631c4f1b2f1b6182ceb48e05e3b2cf8bd28ad4bf0706509a75b1500a37af67c50bafa56ce532b1ba,JE374329,,09/15/2021 10:44:00 AM,30,NO CONTROLS,NO CONTROLS,CLEAR,DAYLIGHT,PEDALCYCLIST,NOT DIVIDED,,STRAIGHT AND LEVEL,DRY,NO DEFECTS,ON SCENE,INJURY AND / OR TOW DUE TO CRASH,,,,$500 OR LESS,09/15/2021 10:44:00 AM,NOT APPLICABLE,NOT APPLICABLE,201,E,35TH ST,212,,,,,,,2,NONINCAPACITATING INJURY,2,0,0,2,0,1,0,10,4,9,41.830949974,-87.621700751,POINT (-87.621700750559 41.830949973936)
df30518d4e3e8202450aa90c95b1751e0ae39b6fe4b2cb2b71c974b8bdc3bf58504e319af1f1f5af14a92d7933d415ca12572113207f3c9c713d9e67138b480a,JF234674,,05/08/2022 03:12:00 PM,30,TRAFFIC SIGNAL,FUNCTIONING PROPERLY,CLEAR,DAYLIGHT,PEDALCYCLIST,NOT DIVIDED,,STRAIGHT AND LEVEL,DRY,NO DEFECTS,ON SCENE,INJURY AND / OR TOW DUE TO CRASH,Y,,Y,"OVER $1,500",05/08/2022 03:14:00 PM,UNABLE TO DETERMINE,NOT APPLICABLE,2259,W,NORTH AVE,1424,,,,,,,2,NONINCAPACITATING INJURY,1,0,0,1,0,1,0,15,1,5,41.910248501,-87.684718794,POINT (-87.684718793795 41.910248501195)
dfadb3210079d7dfccb0c6990a172a29eaa0584efbe3ea59d7a1db898eefa016e3446f5b1016802a564296156189980f0b2d5a3fba3329e12f194bf816dcf752,JF201328,,04/06/2022 06:20:00 PM,30,NO CONTROLS,NO CONTROLS,CLEAR,"DARKNESS, LIGHTED ROAD",PEDALCYCLIST,ONE-WAY,,STRAIGHT AND LEVEL,DRY,UNKNOWN,NOT ON SCENE (DESK REPORT),INJURY AND / OR TOW DUE TO CRASH,,,,$500 OR LESS,04/08/2022 10:59:00 AM,NOT APPLICABLE,NOT APPLICABLE,838,W,KINZIE ST,1214,,,Y,,,,2,INCAPACITATING INJURY,1,0,1,0,0,1,0,18,4,4,41.889135109,-87.649051663,POINT (-87.649051662977 41.889135109268)
e3942126c19ed317519781fb4a09f0833fc92ef7673d25046f07f2f5c8a71e36b40c265fc5a9617107ec5bc82a941051953b4ed5c1357cd14345deba9c64523b,JF247751,,05/19/2022 09:13:00 AM,30,TRAFFIC SIGNAL,FUNCTIONING PROPERLY,CLEAR,DAYLIGHT,PEDALCYCLIST,FOUR WAY,,STRAIGHT AND LEVEL,DRY,NO DEFECTS,ON SCENE,NO INJURY / DRIVE AWAY,Y,,Y,$500 OR LESS,05/19/2022 09:16:00 AM,UNABLE TO DETERMINE,NOT APPLICABLE,150,N,WABASH AVE,111,,,,,,,2,NO INDICATION OF INJURY,0,0,0,0,0,2,0,9,5,5,41.884525625,-87.626395831,POINT (-87.626395830991 41.88452562522)
e2fc1f17fcddad45c87456f475794bddbb161bb976c45163518f80f27a8c837d6a522812399db6ca7a32150f91df22b3232bb5851e192bc019becd8d23a1f35b,JF277144,,06/12/2022 05:40:00 PM,30,STOP SIGN/FLASHER,FUNCTIONING PROPERLY,CLEAR,DAYLIGHT,PEDALCYCLIST,NOT DIVIDED,,STRAIGHT AND LEVEL,DRY,NO DEFECTS,ON SCENE,INJURY AND / OR TOW DUE TO CRASH,Y,,,"$501 - $1,500",06/12/2022 05:41:00 PM,FAILING TO REDUCE SPEED TO AVOID CRASH,NOT APPLICABLE,400,W,26TH ST,914,,,,,,,2,NONINCAPACITATING INJURY,1,0,0,1,0,1,0,17,1,6,41.845567028,-87.636855088,POINT (-87.636855087545 41.845567027585)
e3be178d58a9cf4336035d65be01b23ed9aff7d80896e384149e9856d301cbbc4fce71f6d4f073f3070541458e280d3f71815d6b7efdbd462dda11f5c16d8409,JE408649,Y,10/13/2021 03:35:00 PM,25,STOP SIGN/FLASHER,NO CONTROLS,RAIN,DAYLIGHT,PEDALCYCLIST,ONE-WAY,,STRAIGHT AND LEVEL,WET,NO DEFECTS,ON SCENE,INJURY AND / OR TOW DUE TO CRASH,Y,,Y,$500 OR LESS,10/13/2021 05:10:00 PM,FOLLOWING TOO CLOSELY,UNABLE TO DETERMINE,5900,N,GLENWOOD AVE,2013,,,,,,,2,"REPORTED, NOT EVIDENT",1,0,0,0,1,1,0,15,4,10,41.989050629,-87.665262221,POINT (-87.665262220887 41.989050628507)
e38cdef53cc6932018b96ab008fd93486b39fb37ee2d7bba7c1d9641ec0aeaecafc40dcd91560908e620779124025104b473a19a4468309362f956e33b3df4b0,JE370281,,09/12/2021 01:23:00 AM,30,TRAFFIC SIGNAL,FUNCTIONING PROPERLY,CLEAR,"DARKNESS, LIGHTED ROAD",PEDALCYCLIST,FOUR WAY,,STRAIGHT AND LEVEL,DRY,NO DEFECTS,ON SCENE,NO INJURY / DRIVE AWAY,Y,,Y,$500 OR LESS,09/12/2021 01:25:00 AM,BICYCLE ADVANCING LEGALLY ON RED LIGHT,NOT APPLICABLE,800,W,IRVING PARK RD,1915,,,Y,,,,2,NO INDICATION OF INJURY,0,0,0,0,0,2,0,1,1,9,41.954670105,-87.649745402,POINT (-87.649745401896 41.954670105092)
e4453a87b761d1663961d6b517bc9365d9ad548231f8e05b6086defb04d19bfa5fe7ecac5c9d06d04574e5a2f2de71d2417da2a8d3ca01fe3e992d5d56994395,JE363962,,09/06/2021 08:00:00 PM,30,NO CONTROLS,NO CONTROLS,CLEAR,"DARKNESS, LIGHTED ROAD",PEDALCYCLIST,NOT DIVIDED,,STRAIGHT AND LEVEL,DRY,NO DEFECTS,ON SCENE,INJURY AND / OR TOW DUE TO CRASH,,,,$500 OR LESS,09/06/2021 08:15:00 PM,UNABLE TO DETERMINE,NOT APPLICABLE,4400,W,OGDEN AVE,1013,,,,,,,2,"REPORTED, NOT EVIDENT",1,0,0,0,1,1,0,20,2,9,41.847777523,-87.734505969,POINT (-87.734505968748 41.847777522805)
e4c145735a8f671714315837e1ada135553a2604db4e00fce31980ef888d7f5b3002294eed0e86373274c199827e9b5176b920b525baf10dc031558cd8d6968b,JF264492,,06/01/2022 05:42:00 PM,20,NO CONTROLS,NO CONTROLS,CLEAR,DAYLIGHT,PEDALCYCLIST,NOT DIVIDED,,STRAIGHT AND LEVEL,DRY,NO DEFECTS,NOT ON SCENE (DESK REPORT),INJURY AND / OR TOW DUE TO CRASH,,,,"OVER $1,500",06/02/2022 07:10:00 AM,FAILING TO YIELD RIGHT-OF-WAY,NOT APPLICABLE,1214,N,DAMEN AVE,1424,,,,,,,2,NONINCAPACITATING INJURY,1,0,0,1,0,1,0,17,4,6,41.903723856,-87.67742016,POINT (-87.677420159668 41.903723856043)
e1d3ce5ad65b31e7a2cbdab31addd94e3bb52571febcf350dbfa8d3ed65d3a0299f24b634f2f018b70dc6fc4464fa6f129b173f2edd2b24ba0692ffae569c2be,JF282157,,06/16/2022 03:35:00 PM,30,NO CONTROLS,NO CONTROLS,CLEAR,DAYLIGHT,PEDALCYCLIST,T-INTERSECTION,,STRAIGHT ON GRADE,DRY,NO DEFECTS,ON SCENE,INJURY AND / OR TOW DUE TO CRASH,Y,,,$500 OR LESS,06/16/2022 03:37:00 PM,UNABLE TO DETERMINE,UNABLE TO DETERMINE,1807,W,DEVON AVE,2433,,Y,,,,,2,NONINCAPACITATING INJURY,1,0,0,1,0,1,0,15,5,6,41.997872326,-87.675598901,POINT (-87.675598901133 41.997872326343)
e32d0463ffa13e93f72f6e1db9a46fc9788a713f793e0735eb8962532f424eef46c6c305d619ed816ef981adf5a4546eec3bad982cd1097580e03af69af28aa0,JF242590,,05/14/2022 10:19:00 PM,30,NO CONTROLS,NO CONTROLS,CLEAR,"DARKNESS, LIGHTED ROAD",PEDALCYCLIST,NOT DIVIDED,,STRAIGHT AND LEVEL,DRY,NO DEFECTS,,INJURY AND / OR TOW DUE TO CRASH,,,Y,"OVER $1,500",05/14/2022 10:21:00 PM,"OPERATING VEHICLE IN ERRATIC, RECKLESS, CARELESS, NEGLIGENT OR AGGRESSIVE MANNER",NOT APPLICABLE,1540,S,HOMAN AVE,1021,,Y,,,,,2,NONINCAPACITATING INJURY,1,0,0,1,0,1,0,22,7,5,41.859627699,-87.710499373,POINT (-87.710499372937 41.859627699384)
e21ddfad6058eaf74f01462f72eb5c1930532aabcdf55c3b009176f586233fc7497409abd06f8ccd6ee1c2aa56f495f4e1808e009f1a286c2432c63755ca87a3,JE386565,,09/25/2021 08:30:00 AM,30,TRAFFIC SIGNAL,FUNCTIONING PROPERLY,CLEAR,DAYLIGHT,PEDALCYCLIST,DIVIDED - W/MEDIAN (NOT RAISED),,STRAIGHT AND LEVEL,DRY,NO DEFECTS,ON SCENE,INJURY AND / OR TOW DUE TO CRASH,Y,,,"OVER $1,500",09/25/2021 08:31:00 AM,"VISION OBSCURED (SIGNS, TREE LIMBS, BUILDINGS, ETC.)",TURNING RIGHT ON RED,2358,N,DAMEN AVE,1432,,,,,,,2,NONINCAPACITATING INJURY,1,0,0,1,0,1,0,8,7,9,41.924513104,-87.67801595,POINT (-87.678015949604 41.924513104195)
e1f744c2a1944db194b3690c26e5afc2d0b68359401b798c9b11e1b20fc3aa4aff94db7292840a759ae7ddcf535dafd2be5306e47bde75ba9d44e4337fa420b1,JF160599,,03/02/2022 08:14:00 AM,30,TRAFFIC SIGNAL,FUNCTIONING PROPERLY,CLEAR,DAYLIGHT,PEDALCYCLIST,DIVIDED - W/MEDIAN (NOT RAISED),,STRAIGHT AND LEVEL,DRY,NO DEFECTS,ON SCENE,INJURY AND / OR TOW DUE TO CRASH,,,Y,"OVER $1,500",03/02/2022 08:23:00 AM,IMPROPER TURNING/NO SIGNAL,NOT APPLICABLE,1440,N,HALSTED ST,1822,,,,,,,2,NONINCAPACITATING INJURY,1,0,0,1,0,1,0,8,4,3,41.907586291,-87.648335939,POINT (-87.648335938772 41.907586291261)
e1fb095721064e030025327513a7df600e148c3b154da42d2a17586966b1f32a8c95d6f98e838298c2c592d390c64efda81e9d8bee703f70e21ff696aa5c669d,JE424389,,10/27/2021 03:27:00 PM,15,NO CONTROLS,NO CONTROLS,CLEAR,DAYLIGHT,PEDALCYCLIST,NOT DIVIDED,,STRAIGHT AND LEVEL,DRY,NO DEFECTS,ON SCENE,INJURY AND / OR TOW DUE TO CRASH,Y,,,$500 OR LESS,10/27/2021 03:28:00 PM,WEATHER,NOT APPLICABLE,3200,S,LAWNDALE AVE,1031,,,N,,,,2,"REPORTED, NOT EVIDENT",1,0,0,0,1,1,0,15,4,10,41.835096517,-87.717124132,POINT (-87.717124131831 41.83509651692)
e2927dfae447e09aaa06a686f301f76a97329607ee73cf9696a6657060ef87cd94e9eea445859b0668ea7198885c8a209b2b7931c6c4d8e2717556962f9572d1,JF196674,,04/04/2022 09:57:00 AM,20,YIELD,NO CONTROLS,CLOUDY/OVERCAST,DAYLIGHT,PEDALCYCLIST,DIVIDED - W/MEDIAN (NOT RAISED),,STRAIGHT AND LEVEL,DRY,NO DEFECTS,ON SCENE,INJURY AND / OR TOW DUE TO CRASH,Y,,Y,$500 OR LESS,04/04/2022 09:58:00 AM,FAILING TO YIELD RIGHT-OF-WAY,DISREGARDING YIELD SIGN,2701,W,LAWRENCE AVE,1911,,,,,,,2,NONINCAPACITATING INJURY,1,0,0,1,0,1,0,9,2,4,41.968442054,-87.696303579,POINT (-87.696303578973 41.968442053562)
e3398032a276c83670ea6ebb51ccb8300332a2390a992376af3b9f98ae0211e47c13e7c736181768ce97279f6facffe3262535ec18c7d7a7d2ce94638eb747bd,JF183055,,03/22/2022 04:00:00 PM,30,UNKNOWN,UNKNOWN,CLEAR,DAYLIGHT,PEDALCYCLIST,UNKNOWN,,STRAIGHT AND LEVEL,DRY,NO DEFECTS,NOT ON SCENE (DESK REPORT),INJURY AND / OR TOW DUE TO CRASH,,,,$500 OR LESS,03/22/2022 06:00:00 PM,UNABLE TO DETERMINE,UNABLE TO DETERMINE,6100,S,DR MARTIN LUTHER KING JR DR,311,,,,,,,2,NONINCAPACITATING INJURY,1,0,0,1,0,1,0,16,3,3,41.783791474,-87.615857666,POINT (-87.615857665732 41.783791474078)
e3cd3b6a768c14fe51cf99cdc6d391fa0fc540270f242afd012481688a28c83bf8f6ed321e7a3d3ed9a3c8e98f128e4a98101d266213caa1520e049d6ecfb724,JF284895,,06/18/2022 03:56:00 PM,30,NO CONTROLS,NO CONTROLS,CLEAR,DAYLIGHT,PEDALCYCLIST,DIVIDED - W/MEDIAN (NOT RAISED),,STRAIGHT AND LEVEL,DRY,NO DEFECTS,ON SCENE,INJURY AND / OR TOW DUE TO CRASH,,,,$500 OR LESS,06/18/2022 03:59:00 PM,UNABLE TO DETERMINE,NOT APPLICABLE,7411,W,SCHOOL ST,1631,,,Y,,,,2,INCAPACITATING INJURY,1,0,1,0,0,1,0,15,7,6,41.939600641,-87.811919374,POINT (-87.81191937359 41.939600640809)
e2228669d44d966633a8bccf542bc8a53b28f5bde28e29b68a787c5ad44af3e29c1f1e344ff542fba1ab075e6314d6cbbc44f251e6bb504983b4a9621d8e36c1,JE387029,,09/25/2021 03:20:00 PM,30,TRAFFIC SIGNAL,FUNCTIONING PROPERLY,CLEAR,DAYLIGHT,PEDALCYCLIST,FOUR WAY,,STRAIGHT AND LEVEL,DRY,NO DEFECTS,ON SCENE,INJURY AND / OR TOW DUE TO CRASH,Y,,,"OVER $1,500",09/25/2021 03:43:00 PM,FAILING TO YIELD RIGHT-OF-WAY,UNABLE TO DETERMINE,200,N,PAULINA ST,1215,,,,,,,2,NONINCAPACITATING INJURY,1,0,0,1,0,1,0,15,7,9,41.885279454,-87.669569148,POINT (-87.669569147901 41.885279454449)
e49596ba8c634b9a842304ceb1c59471915687caf9ad0c9500408acac4b08dc1b4d4bdb6cc0d885043a9b00f440cf1e5b20949d8788ce68fcd857f85039f746d,JE444956,,11/14/2021 02:05:00 PM,30,NO CONTROLS,NO CONTROLS,CLOUDY/OVERCAST,DAYLIGHT,PEDALCYCLIST,NOT DIVIDED,,STRAIGHT AND LEVEL,DRY,UNKNOWN,ON SCENE,INJURY AND / OR TOW DUE TO CRASH,,,,"$501 - $1,500",11/14/2021 02:07:00 PM,UNABLE TO DETERMINE,NOT APPLICABLE,630,W,DIVISION ST,1822,,,Y,,,,2,NONINCAPACITATING INJURY,1,0,0,1,0,0,0,14,1,11,41.90380378,-87.644563747,POINT (-87.64456374717 41.903803780396)
e2490745be9bc92a52462cf3cda896d32c20225cd5770b6db05708963d8639bbd2a41ed40243e37f551ad3a0b475ffa89e2c7f26bf3f246e44d47a403ad5005c,JE463699,,12/02/2021 02:40:00 PM,30,NO CONTROLS,NO CONTROLS,CLEAR,DAYLIGHT,PEDALCYCLIST,NOT DIVIDED,,STRAIGHT AND LEVEL,DRY,NO DEFECTS,ON SCENE,NO INJURY / DRIVE AWAY,,,,$500 OR LESS,12/02/2021 03:13:00 PM,NOT APPLICABLE,UNABLE TO DETERMINE,433,W,HARRISON ST,124,,,,,,,2,NO INDICATION OF INJURY,0,0,0,0,0,2,0,14,5,12,41.874301044,-87.639082121,POINT (-87.639082121332 41.874301044496)
e874fa2224e1d75470ed58ac02c511e7d7e7bf62985ad1330b0b12b3e8c76cef11b0812d574771424b87680bbd018707db751ed41f56d642fb1695378a8fa959,JE386829,,09/25/2021 12:45:00 PM,30,NO CONTROLS,NO CONTROLS,CLEAR,DAYLIGHT,PEDALCYCLIST,DIVIDED - W/MEDIAN (NOT RAISED),,STRAIGHT AND LEVEL,DRY,NO DEFECTS,ON SCENE,INJURY AND / OR TOW DUE TO CRASH,Y,,,"$501 - $1,500",09/25/2021 12:45:00 PM,FAILING TO YIELD RIGHT-OF-WAY,NOT APPLICABLE,1501,N,HALSTED ST,1822,,,,,,,2,NONINCAPACITATING INJURY,1,0,0,1,0,2,0,12,7,9,41.908644096,-87.648066326,POINT (-87.648066325982 41.908644096415)
e6c9a4f94f4ea40d1722a2635229df5af06a7b81757894da19e6cebbb056f1f2ab758d53df8cc096b8e168fc90db49e19d367ca5a8ba2b9bcc73f6d37e0becc4,JE361051,Y,09/04/2021 07:00:00 AM,30,TRAFFIC SIGNAL,FUNCTIONING PROPERLY,RAIN,DAYLIGHT,PEDALCYCLIST,DIVIDED - W/MEDIAN (NOT RAISED),,STRAIGHT AND LEVEL,WET,NO DEFECTS,ON SCENE,INJURY AND / OR TOW DUE TO CRASH,Y,,Y,$500 OR LESS,09/04/2021 07:01:00 AM,WEATHER,NOT APPLICABLE,5799,N,SHERIDAN RD,2022,,,,,,,2,NONINCAPACITATING INJURY,1,0,0,1,0,1,0,7,7,9,41.9872694,-87.655152638,POINT (-87.655152637991 41.98726940033)
e828d2d594a71ef102f1ac48aa34ec439a9827bb717ca783ca11f8d36f9e399736d5e8b4c18a13f81ef15608385375345ad0e26cddf439130765bcb2cad9d515,JF170243,,03/11/2022 10:05:00 AM,30,TRAFFIC SIGNAL,FUNCTIONING PROPERLY,CLEAR,DAYLIGHT,PEDALCYCLIST,FOUR WAY,,STRAIGHT AND LEVEL,DRY,NO DEFECTS,NOT ON SCENE (DESK REPORT),NO INJURY / DRIVE AWAY,,,,$500 OR LESS,03/11/2022 10:30:00 AM,UNABLE TO DETERMINE,NOT APPLICABLE,600,W,WILSON DR,1914,,,,,,,2,NO INDICATION OF INJURY,0,0,0,0,0,2,0,10,6,3,41.965961976,-87.645816675,POINT (-87.645816675225 41.965961976146)
e7a39a9f23bb270ec3ea6afe602e9b8fe2a9ba31c2e501d57920d8a24938e99b4c87545883358ae18a53f3037289e87146e3868d21e5c6a902a62da895238334,JE389317,,09/27/2021 03:00:00 PM,30,TRAFFIC SIGNAL,FUNCTIONING PROPERLY,CLEAR,DAYLIGHT,PEDALCYCLIST,UNKNOWN INTERSECTION TYPE,,STRAIGHT AND LEVEL,DRY,UNKNOWN,ON SCENE,INJURY AND / OR TOW DUE TO CRASH,Y,,,$500 OR LESS,09/27/2021 03:15:00 PM,NOT APPLICABLE,UNABLE TO DETERMINE,4171,W,ADDISON ST,1731,,Y,,,,,2,NONINCAPACITATING INJURY,1,0,0,1,0,1,0,15,2,9,41.946202635,-87.732009726,POINT (-87.732009725568 41.946202635425)
e55ec26503f28cb93b8c5f5779295091daa686ecaaf3a1805de35123d9e1531a4309653188e5799c5fe82a8f4624e10a3c26f8fb616ecbab33240c0696bef874,JF226177,,04/30/2022 03:45:00 PM,30,UNKNOWN,UNKNOWN,UNKNOWN,UNKNOWN,PEDALCYCLIST,ONE-WAY,,STRAIGHT AND LEVEL,UNKNOWN,UNKNOWN,,NO INJURY / DRIVE AWAY,Y,,,$500 OR LESS,05/01/2022 02:00:00 AM,DISREGARDING STOP SIGN,FAILING TO YIELD RIGHT-OF-WAY,1400,W,RASCHER AVE,2013,,,,,,,2,NO INDICATION OF INJURY,0,0,0,0,0,2,0,15,7,4,41.980918355,-87.66505435,POINT (-87.665054350185 41.980918355362)
e7a15d28f67ab5cc56f9dd741d2a3551cdf5ca976d52f3104209d82c9540c29f234241c89a5af334a5f207494803633be51ef03f0780edb24ffd8a8300b5d40f,JF301326,,07/01/2022 01:10:00 PM,20,NO CONTROLS,NO CONTROLS,CLEAR,DAYLIGHT,PEDALCYCLIST,NOT DIVIDED,,STRAIGHT AND LEVEL,DRY,NO DEFECTS,ON SCENE,INJURY AND / OR TOW DUE TO CRASH,,,,$500 OR LESS,07/01/2022 01:13:00 PM,FAILING TO YIELD RIGHT-OF-WAY,IMPROPER OVERTAKING/PASSING,1126,W,ARGYLE ST,2033,,,Y,,,,2,NONINCAPACITATING INJURY,1,0,0,1,0,2,0,13,6,7,41.973368386,-87.65888197,POINT (-87.658881969524 41.973368385843)
e5f94b2264269247477fb1c43a3f2727381ffae35682e1f35e652a2749ed63a56250a64e02b0d563391084ec5443aa82f4778149c4467b2c4956157d4b7af1dd,JE443320,Y,11/12/2021 11:33:00 PM,25,TRAFFIC SIGNAL,FUNCTIONING PROPERLY,CLEAR,"DARKNESS, LIGHTED ROAD",PEDALCYCLIST,NOT DIVIDED,,STRAIGHT AND LEVEL,DRY,NO DEFECTS,ON SCENE,INJURY AND / OR TOW DUE TO CRASH,,,Y,"OVER $1,500",11/12/2021 11:41:00 PM,"OPERATING VEHICLE IN ERRATIC, RECKLESS, CARELESS, NEGLIGENT OR AGGRESSIVE MANNER",IMPROPER LANE USAGE,523,W,CHICAGO AVE,1831,,,,,,,3,NONINCAPACITATING INJURY,1,0,0,1,0,2,0,23,6,11,41.896372591,-87.642441482,POINT (-87.642441481644 41.896372590531)
e63af28a221b6541855b40a8dbceecfabc105af36d6e6043f8c94afcc06d26df4574b818165f9e9a2f85501250bc5a874306fec8134c07dfae6534d188aac867,JE406187,,10/11/2021 01:30:00 PM,30,TRAFFIC SIGNAL,FUNCTIONING PROPERLY,RAIN,DAYLIGHT,PEDALCYCLIST,NOT DIVIDED,,STRAIGHT AND LEVEL,WET,NO DEFECTS,NOT ON SCENE (DESK REPORT),NO INJURY / DRIVE AWAY,,,,$500 OR LESS,10/11/2021 03:58:00 PM,NOT APPLICABLE,NOT APPLICABLE,2746,N,CLYBOURN AVE,1931,,,,,,,2,NO INDICATION OF INJURY,0,0,0,0,0,2,0,13,2,10,41.931021006,-87.676864018,POINT (-87.676864018134 41.931021005798)
e588b10d645325dfc8260c906d0499287364bf331fe73fcdef9d05ef7f9b95ac3fc350c7f6f5bd333d61944e0f304cc70dcbba5c5836969f8d2cda92880f17e6,JF208621,,04/15/2022 11:05:00 AM,30,NO CONTROLS,NO CONTROLS,CLEAR,DAYLIGHT,PEDALCYCLIST,NOT DIVIDED,,STRAIGHT AND LEVEL,DRY,NO DEFECTS,ON SCENE,INJURY AND / OR TOW DUE TO CRASH,,,,"OVER $1,500",04/15/2022 11:13:00 AM,"VISION OBSCURED (SIGNS, TREE LIMBS, BUILDINGS, ETC.)",UNABLE TO DETERMINE,3718,N,CLARK ST,1923,,,Y,,,,2,NONINCAPACITATING INJURY,1,0,0,1,0,1,0,11,6,4,41.949533641,-87.658561223,POINT (-87.658561223096 41.949533641108)
e5410a0574398b126d22c568f821bf53ad53959247cf795dcc7789771660cf7c200a20a7203edccc54ffc3cc8cec1aff7f8fd2877ea595b038154148677fda1e,JE469627,,12/07/2021 08:29:00 PM,30,TRAFFIC SIGNAL,FUNCTIONING PROPERLY,CLEAR,"DARKNESS, LIGHTED ROAD",PEDALCYCLIST,FOUR WAY,,STRAIGHT AND LEVEL,DRY,NO DEFECTS,ON SCENE,NO INJURY / DRIVE AWAY,Y,,,$500 OR LESS,12/07/2021 08:29:00 PM,FAILING TO YIELD RIGHT-OF-WAY,NOT APPLICABLE,1200,W,ROOSEVELT RD,1231,,,,,,,2,NO INDICATION OF INJURY,0,0,0,0,0,2,0,20,3,12,41.867105475,-87.656745012,POINT (-87.656745011924 41.867105475026)
e698a552b896a8501b47b89be2276c6d98274a48c6a86523958e4867cb8fbacd89f79f8a94f75456a8b19487738f4beff326dd240c6a6efaf05beb6acb0e2710,JF324835,,07/14/2022 12:04:00 PM,30,STOP SIGN/FLASHER,FUNCTIONING PROPERLY,CLEAR,DAYLIGHT,PEDALCYCLIST,NOT DIVIDED,,STRAIGHT AND LEVEL,DRY,NO DEFECTS,NOT ON SCENE (DESK REPORT),NO INJURY / DRIVE AWAY,Y,,,$500 OR LESS,07/20/2022 02:45:00 PM,DISREGARDING STOP SIGN,FAILING TO YIELD RIGHT-OF-WAY,1215,W,FULTON MARKET,1215,,,,,,,2,NO INDICATION OF INJURY,0,0,0,0,0,2,0,12,5,7,41.886558543,-87.657476534,POINT (-87.657476534075 41.886558543497)