CRASH_RECORD_ID,RD_NO,CRASH_DATE_EST_I,CRASH_DATE,POSTED_SPEED_LIMIT,TRAFFIC_CONTROL_DEVICE,DEVICE_CONDITION,WEATHER_CONDITION,LIGHTING_CONDITION,FIRST_CRASH_TYPE,TRAFFICWAY_TYPE,LANE_CNT,ALIGNMENT,ROADWAY_SURFACE_COND,ROAD_DEFECT,REPORT_TYPE,CRASH_TYPE,INTERSECTION_RELATED_I,NOT_RIGHT_OF_WAY_I,HIT_AND_RUN_I,DAMAGE,DATE_POLICE_NOTIFIED,PRIM_CONTRIBUTORY_CAUSE,SEC_CONTRIBUTORY_CAUSE,STREET_NO,STREET_DIRECTION,STREET_NAME,BEAT_OF_OCCURRENCE,PHOTOS_TAKEN_I,STATEMENTS_TAKEN_I,DOORING_I,WORK_ZONE_I,WORK_ZONE_TYPE,WORKERS_PRESENT_I,NUM_UNITS,MOST_SEVERE_INJURY,INJURIES_TOTAL,INJURIES_FATAL,INJURIES_INCAPACITATING,INJURIES_NON_INCAPACITATING,INJURIES_REPORTED_NOT_EVIDENT,INJURIES_NO_INDICATION,INJURIES_UNKNOWN,CRASH_HOUR,CRASH_DAY_OF_WEEK,CRASH_MONTH,LATITUDE,LONGITUDE,LOCATION
f5556a1237866e0c5c8e38f3bafd287f7c7c70f64a424a6fb11bb2a4516fcf75188c554bf19b17fb8b15ba5197f2ea55f885da658960897b55308a8ff60d3d90,JE417672,,10/21/2021 02:35:00 PM,30,NO CONTROLS,NO CONTROLS,CLOUDY/OVERCAST,DAYLIGHT,PEDALCYCLIST,DIVIDED - W/MEDIAN (NOT RAISED),,STRAIGHT AND LEVEL,DRY,WORN SURFACE,ON SCENE,INJURY AND / OR TOW DUE TO CRASH,,,,"OVER $1,500",10/21/2021 02:44:00 PM,UNABLE TO DETERMINE,NOT APPLICABLE,3943,W,ROOSEVELT RD,1011,,,Y,,,,2,INCAPACITATING INJURY,1,0,1,0,0,1,0,14,5,10,41.866073793,-87.724372677,POINT (-87.724372677062 41.866073793482)
f427646f09c82a485378a3250352f8f38b4cb26f3ab409c44c17f63d99e26a064cbdad400f87e96f704600e1736064c9b01aa982a4d4478f0fe8d45eb8547012,JF286041,,06/19/2022 04:20:00 PM,30,NO CONTROLS,NO CONTROLS,CLEAR,DAYLIGHT,PEDALCYCLIST,NOT DIVIDED,,STRAIGHT AND LEVEL,DRY,NO DEFECTS,ON SCENE,INJURY AND / OR TOW DUE TO CRASH,Y,,,"OVER $1,500",06/19/2022 04:22:00 PM,UNABLE TO DETERMINE,UNABLE TO DETERMINE,458,W,CHICAGO AVE,1823,,,,,,,2,NONINCAPACITATING INJURY,1,0,0,1,0,1,0,16,1,6,41.896611492,-87.640892897,POINT (-87.640892896831 41.896611492468)
f42f75dcb90b669f05eabefb1930dfb30642e36e5bfaf37610aaafaf32da193b67e61bd3cb9ac58e3cead1a4ebc242ab23410cec2348b01c414b23770157a6e8,JF313765,,07/11/2022 05:15:00 PM,30,NO CONTROLS,NO CONTROLS,CLEAR,DAYLIGHT,PEDALCYCLIST,DIVIDED - W/MEDIAN (NOT RAISED),,STRAIGHT AND LEVEL,DRY,NO DEFECTS,ON SCENE,INJURY AND / OR TOW DUE TO CRASH,,,,$500 OR LESS,07/11/2022 05:20:00 PM,FAILING TO YIELD RIGHT-OF-WAY,"VISION OBSCURED (SIGNS, TREE LIMBS, BUILDINGS, ETC.)",2050,N,MILWAUKEE AVE,1431,,,,,,,2,NONINCAPACITATING INJURY,1,0,0,1,0,1,0,17,2,7,41.918511662,-87.69039443,POINT (-87.690394429907 41.918511662406)
f5b2384d09d3149689714a126a4e2f385c5cb7de778813a5ff382be12f310750d355200dd7912406ed6b45cde864a8d13a3cc0e4c84e6d245c0ed27b09704f85,JF290147,,06/22/2022 04:50:00 PM,30,NO CONTROLS,NO CONTROLS,CLEAR,DAYLIGHT,PEDALCYCLIST,NOT DIVIDED,,STRAIGHT AND LEVEL,DRY,NO DEFECTS,NOT ON SCENE (DESK REPORT),NO INJURY / DRIVE AWAY,Y,,,$500 OR LESS,06/22/2022 06:02:00 PM,FAILING TO YIELD RIGHT-OF-WAY,UNABLE TO DETERMINE,530,N,DAMEN AVE,1221,,,,,,,2,NO INDICATION OF INJURY,0,0,0,0,0,2,0,16,4,6,41.891726243,-87.677080024,POINT (-87.677080023928 41.891726242559)
f50464fe005e3cbe7e0fffb97780f27896eb2fc592e4b771bc6fdbcc28f84eb9a969fc4cdba7eb9d78e1b8106b04ed651f8bb873b4d3c47186f4a46d4751cef0,JF177226,,03/17/2022 03:05:00 PM,30,STOP SIGN/FLASHER,FUNCTIONING PROPERLY,CLOUDY/OVERCAST,DAYLIGHT,PEDALCYCLIST,FOUR WAY,,STRAIGHT AND LEVEL,DRY,UNKNOWN,ON SCENE,INJURY AND / OR TOW DUE TO CRASH,,,,$500 OR LESS,03/17/2022 03:22:00 PM,DRIVING SKILLS/KNOWLEDGE/EXPERIENCE,UNABLE TO DETERMINE,6799,N,RAVENSWOOD AVE,2432,,,,,,,2,NONINCAPACITATING INJURY,1,0,0,1,0,1,0,15,5,3,42.005264582,-87.67507548,POINT (-87.675075479707 42.005264581504)
f55b5a589da4e0d28bdc33a4651cbc5c5672a51502d18ff01865eb6305db69ef87b76ca4b6be1440a3dd52767fc143e09bd2c42522276e2e855779e3e9e7be22,JF268434,,06/19/2022 11:10:00 PM,30,TRAFFIC SIGNAL,FUNCTIONING PROPERLY,CLEAR,"DARKNESS, LIGHTED ROAD",PEDALCYCLIST,DIVIDED - W/MEDIAN (NOT RAISED),,STRAIGHT AND LEVEL,DRY,NO DEFECTS,ON SCENE,INJURY AND / OR TOW DUE TO CRASH,,,Y,"$501 - $1,500",06/19/2022 11:10:00 PM,FOLLOWING TOO CLOSELY,NOT APPLICABLE,6801,N,WESTERN AVE,2411,,,,,,,2,NONINCAPACITATING INJURY,1,0,0,1,0,1,0,23,1,6,42.005080074,-87.689924745,POINT (-87.689924744509 42.005080073905)
f2d8edfbf230099407a5915727148f73c688071c88804ad35915cbd2b276982d51a30cc536ae7be93480dd41883c0d7f6a3e548d15e8818e41aa7ca5798f9ee0,JF188443,,03/27/2022 05:23:00 PM,30,STOP SIGN/FLASHER,FUNCTIONING PROPERLY,CLEAR,DAYLIGHT,PEDALCYCLIST,FOUR WAY,,STRAIGHT AND LEVEL,DRY,NO DEFECTS,ON SCENE,INJURY AND / OR TOW DUE TO CRASH,Y,,,"$501 - $1,500",03/27/2022 05:23:00 PM,FAILING TO YIELD RIGHT-OF-WAY,UNABLE TO DETERMINE,2998,N,RACINE AVE,1933,,,,,,,2,NONINCAPACITATING INJURY,1,0,0,1,0,1,0,17,1,3,41.936147708,-87.658984203,POINT (-87.658984202748 41.936147707863)
f34a71e0577f852a31e214c64519a6612cb57c9baeb444f0bba4389648a9d4f0bd43b63db2707000450d1db9b12130e66640048969c8e8f183dbfd0e774222be,JF271279,Y,06/07/2022 06:55:00 PM,25,OTHER,OTHER,CLEAR,DUSK,PEDALCYCLIST,Y-INTERSECTION,,STRAIGHT ON GRADE,DRY,OTHER,ON SCENE,INJURY AND / OR TOW DUE TO CRASH,,,,$500 OR LESS,06/07/2022 06:59:00 PM,DISTRACTION - FROM INSIDE VEHICLE,FAILING TO YIELD RIGHT-OF-WAY,2545,W,ARMITAGE AVE,1434,,,,Y,CONSTRUCTION,,2,NONINCAPACITATING INJURY,1,0,0,1,0,1,0,18,3,6,41.917429479,-87.691534747,POINT (-87.691534747024 41.917429479437)
f8f276d1448ae9973e807eaaab489ac1ca70ff78164aceda676454ce171799a7ad9cacb6192dd8d97f7cd7ad5116cd78f7d2ff7dc5f5adb26e2c3575f63c2f76,JE390744,,09/28/2021 03:40:00 PM,30,NO CONTROLS,NO CONTROLS,CLEAR,DAYLIGHT,PEDALCYCLIST,ONE-WAY,,STRAIGHT AND LEVEL,DRY,UNKNOWN,ON SCENE,INJURY AND / OR TOW DUE TO CRASH,,,Y,$500 OR LESS,09/28/2021 03:42:00 PM,UNABLE TO DETERMINE,UNABLE TO DETERMINE,1100,W,84TH ST,613,,,,,,,2,NONINCAPACITATING INJURY,1,0,0,1,0,1,0,15,3,9,41.741538789,-87.651129273,POINT (-87.651129273398 41.741538789281)
f656939a8b3d085a3dba4f2bb8368f02e8e2bfb7212c288b06d852b9fff25cb4725442b00425782e6875efc94253358aa3ec2f37a0c495d099aa0b52c5cb08cd,JF241967,,05/14/2022 01:00:00 AM,30,TRAFFIC SIGNAL,FUNCTIONING PROPERLY,CLEAR,"DARKNESS, LIGHTED ROAD",PEDALCYCLIST,NOT DIVIDED,,STRAIGHT AND LEVEL,DRY,NO DEFECTS,NOT ON SCENE (DESK REPORT),NO INJURY / DRIVE AWAY,Y,,,"OVER $1,500",05/14/2022 12:25:00 PM,IMPROPER TURNING/NO SIGNAL,FAILING TO YIELD RIGHT-OF-WAY,3401,W,DIVERSEY AVE,1412,,,,,,,2,NO INDICATION OF INJURY,0,0,0,0,0,2,0,1,7,5,41.931868523,-87.712370267,POINT (-87.712370266716 41.931868523058)
f89f0cac7314491b074ec7f9937e2029333e674ef5806f7744254caa5659700ea8e8f48ec4484a0b77d84ff0fac6bd00224b22d08f0b00369c0f5becfa59841f,JF239822,,05/12/2022 05:48:00 PM,35,NO CONTROLS,NO CONTROLS,CLEAR,DAYLIGHT,PEDALCYCLIST,ONE-WAY,,STRAIGHT AND LEVEL,UNKNOWN,UNKNOWN,ON SCENE,INJURY AND / OR TOW DUE TO CRASH,,,,$500 OR LESS,05/12/2022 05:48:00 PM,FAILING TO YIELD RIGHT-OF-WAY,NOT APPLICABLE,434,E,ILLINOIS ST,1834,,,N,,,,2,"REPORTED, NOT EVIDENT",1,0,0,0,1,1,0,17,5,5,41.891185905,-87.616316533,POINT (-87.616316533334 41.891185904809)
f6333befc94750e7550b3be2e2a90c86d094a87b948b0215c161d5676010f157c325d5606b7afa1ebb62a89b5900251f6bb88b7572dc2ae92c26157452f8e3ff,JE369639,Y,09/11/2021 12:00:00 PM,30,TRAFFIC SIGNAL,UNKNOWN,CLEAR,DAYLIGHT,PEDALCYCLIST,FOUR WAY,,STRAIGHT AND LEVEL,DRY,NO DEFECTS,ON SCENE,INJURY AND / OR TOW DUE TO CRASH,Y,,,"OVER $1,500",09/11/2021 12:24:00 PM,DISREGARDING OTHER TRAFFIC SIGNS,DISREGARDING OTHER TRAFFIC SIGNS,100,S,COLUMBUS DR,114,Y,Y,,,,,2,INCAPACITATING INJURY,1,0,1,0,0,1,0,12,7,9,41.880805655,-87.620934992,POINT (-87.620934991819 41.880805655312)
f923024d1e1c54b9ffd8b7d2545058de5e4f315f643746979aa64b3d1b43f21b1cf8c8708d1e0560cae0256d9ac5d7546d50b6b746476253e6fb1b29dae352f0,JF201865,,04/08/2022 05:40:00 AM,30,TRAFFIC SIGNAL,FUNCTIONING PROPERLY,CLOUDY/OVERCAST,"DARKNESS, LIGHTED ROAD",PEDALCYCLIST,NOT DIVIDED,,STRAIGHT AND LEVEL,WET,NO DEFECTS,NOT ON SCENE (DESK REPORT),INJURY AND / OR TOW DUE TO CRASH,,,Y,"OVER $1,500",04/08/2022 06:40:00 PM,FAILING TO YIELD RIGHT-OF-WAY,UNABLE TO DETERMINE,150,N,HALSTED ST,1224,,,,,,,2,NONINCAPACITATING INJURY,1,0,0,1,0,1,0,5,6,4,41.884546961,-87.64758764,POINT (-87.647587639978 41.884546961039)
fd0aa67a2c5d3faae56d6478aec1b333797b1718d77b11a45e715f654a4593697f2978dbfc213774649d356d82ae7da6ab34b0a8756c97bb54280b86d1a77405,JF304092,,07/03/2022 04:50:00 PM,30,UNKNOWN,UNKNOWN,CLEAR,DAYLIGHT,PEDALCYCLIST,OTHER,,STRAIGHT AND LEVEL,DRY,UNKNOWN,ON SCENE,NO INJURY / DRIVE AWAY,,,,$500 OR LESS,07/03/2022 04:58:00 PM,UNABLE TO DETERMINE,UNABLE TO DETERMINE,4000,N,BROADWAY,1915,,,,,,,2,NO INDICATION OF INJURY,0,0,0,0,0,2,0,16,1,7,41.954545777,-87.650692769,POINT (-87.65069276917 41.954545776938)
f8e84d6419db96a2491b259d0eb6f671a804e4b935ad786b4242184940772f0d7cd6b9c9b966139c13ef0c94b5a6fd426f5b5e2f02d9e55298687e655c0428ef,JE382006,,09/17/2021 07:45:00 PM,30,TRAFFIC SIGNAL,FUNCTIONING PROPERLY,RAIN,"DARKNESS, LIGHTED ROAD",PEDALCYCLIST,NOT DIVIDED,,STRAIGHT AND LEVEL,WET,NO DEFECTS,NOT ON SCENE (DESK REPORT),NO INJURY / DRIVE AWAY,,,,"OVER $1,500",09/21/2021 12:28:00 PM,FOLLOWING TOO CLOSELY,FAILING TO REDUCE SPEED TO AVOID CRASH,3232,W,FOSTER AVE,1712,,,,,,,2,NO INDICATION OF INJURY,0,0,0,0,0,3,0,19,6,9,41.975840774,-87.710038349,POINT (-87.710038349085 41.9758407744)
f8a0123973b047d8a295c4a32ed3621f97420c70001f8258776e208f0f96af8942de2867abba9b60d2a4393dfd94440a85a3544af69063d5d814e02b97e2b10c,JE403481,,10/09/2021 03:27:00 AM,30,NO CONTROLS,NO CONTROLS,CLEAR,"DARKNESS, LIGHTED ROAD",PEDALCYCLIST,NOT DIVIDED,,STRAIGHT AND LEVEL,WET,NO DEFECTS,ON SCENE,NO INJURY / DRIVE AWAY,,,,$500 OR LESS,10/09/2021 03:27:00 AM,NOT APPLICABLE,NOT APPLICABLE,2928,E,87TH ST,423,,,Y,,,,2,NO INDICATION OF INJURY,0,0,0,0,0,3,0,3,7,10,41.737472618,-87.552734682,POINT (-87.552734681715 41.737472618263)
f685ecbe443b3046b3d0810ccf6376506b58e19df97c4c720ed0e1ce055bfdc920dc4273d2719c59c04dc8cc418bfde74ce98ae2527b86a24d36079d88b410c6,JE450534,,11/18/2021 06:50:00 PM,30,UNKNOWN,UNKNOWN,UNKNOWN,UNKNOWN,PEDALCYCLIST,UNKNOWN,,STRAIGHT AND LEVEL,UNKNOWN,UNKNOWN,NOT ON SCENE (DESK REPORT),NO INJURY / DRIVE AWAY,,,,"OVER $1,500",11/19/2021 03:40:00 PM,UNABLE TO DETERMINE,NOT APPLICABLE,3500,W,FOSTER AVE,1712,,,,,,,2,NO INDICATION OF INJURY,0,0,0,0,0,2,0,18,5,11,41.975773664,-87.716052809,POINT (-87.716052808722 41.975773664004)
f60a158331b08d0299cfa6b7dd2e97942270d1197765d590207a7a8c05948082a5b0600364b516378577490fbe1888b361dc4c2bc39aafd27f26756ad4eda872,JF271111,,06/07/2022 04:30:00 PM,30,STOP SIGN/FLASHER,FUNCTIONING PROPERLY,CLEAR,DAYLIGHT,PEDALCYCLIST,NOT DIVIDED,,STRAIGHT AND LEVEL,DRY,NO DEFECTS,ON SCENE,INJURY AND / OR TOW DUE TO CRASH,Y,,Y,"OVER $1,500",06/07/2022 04:34:00 PM,FAILING TO YIELD RIGHT-OF-WAY,NOT APPLICABLE,3101,W,PERSHING RD,921,,,,,,,2,NONINCAPACITATING INJURY,1,0,0,1,0,1,0,16,3,6,41.822524819,-87.702122424,POINT (-87.702122424322 41.822524818913)
f6198c266f65265e6868d066cd4f29b1ff76f2e18f4da95f3bf3053f3af9521b94e8e09aa336b118a0cc1efcc91ec8d3362498fe882ef9ddd03c0124bcb86025,JE412770,,10/16/2021 03:00:00 PM,30,TRAFFIC SIGNAL,FUNCTIONING PROPERLY,CLEAR,DAYLIGHT,PEDALCYCLIST,NOT DIVIDED,,STRAIGHT AND LEVEL,DRY,NO DEFECTS,NOT ON SCENE (DESK REPORT),INJURY AND / OR TOW DUE TO CRASH,Y,,,"$501 - $1,500",10/17/2021 01:50:00 PM,FAILING TO YIELD RIGHT-OF-WAY,UNABLE TO DETERMINE,5100,N,KIMBALL AVE,1712,,,,,,,2,INCAPACITATING INJURY,1,0,1,0,0,1,0,15,7,10,41.9740108,-87.713666504,POINT (-87.713666503956 41.974010799909)
f6963816de83c4d909d938effef8833cd32efb47dfa299180629f4254bc7318c8dcebb6187e803073cccf18226f4fe76e8e1d9ab512efd58cd7b9fbaf93508de,JF264921,,06/02/2022 12:55:00 PM,30,TRAFFIC SIGNAL,FUNCTIONING PROPERLY,CLEAR,DAYLIGHT,PEDALCYCLIST,"FIVE POINT, OR MORE",,STRAIGHT ON GRADE,DRY,UNKNOWN,ON SCENE,INJURY AND / OR TOW DUE TO CRASH,Y,,Y,$500 OR LESS,06/02/2022 01:00:00 PM,IMPROPER TURNING/NO SIGNAL,IMPROPER TURNING/NO SIGNAL,1759,W,ADDISON ST,1922,,,,,,,2,NONINCAPACITATING INJURY,1,0,0,1,0,1,0,12,5,6,41.946817655,-87.67365806,POINT (-87.673658060064 41.946817654947)
f631bc4cf1cc33d95987a2ca8ac5fc02ed81055bb92c6382f1ac833d9fe861b7c8373ac92d214d30e88572283e2ff8085374353179b6655270e56eac428f13a6,JE391627,,09/29/2021 01:00:00 PM,30,STOP SIGN/FLASHER,FUNCTIONING PROPERLY,CLEAR,DAYLIGHT,PEDALCYCLIST,NOT DIVIDED,,STRAIGHT AND LEVEL,DRY,NO DEFECTS,ON SCENE,NO INJURY / DRIVE AWAY,,,,$500 OR LESS,09/29/2021 01:02:00 PM,NOT APPLICABLE,NOT APPLICABLE,4000,N,MAJOR AVE,1624,,,,,,,2,NO INDICATION OF INJURY,0,0,0,0,0,2,0,13,4,9,41.953238098,-87.769596417,POINT (-87.769596416997 41.95323809828)
d211139c7b47ccc0e4542b0ccddc7111f6783c76d5f3d11986646e420fee334aa8fea9fcbd6e76f8e0b32ea5323d37a488d7e740e4051846b0dad5dac074b9ae,JF369257,,08/24/2022 10:15:00 PM,30,NO CONTROLS,NO CONTROLS,CLEAR,"DARKNESS, LIGHTED ROAD",PEDALCYCLIST,NOT DIVIDED,,STRAIGHT AND LEVEL,DRY,NO DEFECTS,,INJURY AND / OR TOW DUE TO CRASH,,,,"OVER $1,500",08/24/2022 10:15:00 PM,FAILING TO YIELD RIGHT-OF-WAY,NOT APPLICABLE,3469,N,BROADWAY,1925,,,,,,,2,INCAPACITATING INJURY,1,0,1,0,0,2,0,22,4,8,41.94513628,-87.645759169,POINT (-87.645759169101 41.945136280219)
f69e737b40f3acbc9eae4c4a6abd64224f9811879bd731d656d7cbad6ad3f4d573851641587f78808b75788790654ba4eb6ab6ae9223604821a9f525158e2d01,JF259014,,05/28/2022 04:08:00 PM,30,NO CONTROLS,NO CONTROLS,CLEAR,DAYLIGHT,PEDALCYCLIST,NOT DIVIDED,,STRAIGHT AND LEVEL,DRY,UNKNOWN,ON SCENE,INJURY AND / OR TOW DUE TO CRASH,Y,,,$500 OR LESS,05/28/2022 04:40:00 PM,DISREGARDING YIELD SIGN,DISREGARDING YIELD SIGN,1503,N,HALSTED ST,1822,,,,,,,2,"REPORTED, NOT EVIDENT",1,0,0,0,1,1,0,16,7,5,41.908705576,-87.648068015,POINT (-87.648068015035 41.908705576415)
f6530ba62b5c98c25065dae4779f0303b6a201c5735a9c0c9b99731c003071096f61d3b3098e923f696e6e4eff7e612bf9edfe466e83ad65f4b978ca35cd18c1,JF186366,,03/25/2022 03:22:00 PM,20,NO CONTROLS,NO CONTROLS,CLEAR,DAYLIGHT,PEDALCYCLIST,NOT DIVIDED,,STRAIGHT AND LEVEL,DRY,NO DEFECTS,ON SCENE,INJURY AND / OR TOW DUE TO CRASH,,,,$500 OR LESS,03/25/2022 03:24:00 PM,UNABLE TO DETERMINE,NOT APPLICABLE,6638,N,GLENWOOD AVE,2432,,,Y,,,,2,INCAPACITATING INJURY,1,0,1,0,0,0,0,15,6,3,42.002943708,-87.665808007,POINT (-87.665808007454 42.002943707781)
fbca866e9697680fe6705f5df7ec3274ccfeb203e1cd3a0cc74e552543b65a540a58f73f20e50badf34a29ad1a340a9d217b905abcdbdb8368008a34801c661f,JF164701,,03/05/2022 11:47:00 PM,30,NO CONTROLS,NO CONTROLS,RAIN,"DARKNESS, LIGHTED ROAD",PEDALCYCLIST,NOT DIVIDED,,STRAIGHT ON GRADE,WET,UNKNOWN,ON SCENE,NO INJURY / DRIVE AWAY,,,Y,$500 OR LESS,03/05/2022 11:47:00 PM,UNABLE TO DETERMINE,NOT APPLICABLE,1342,W,NORTH AVE,1433,,,,,,,2,NO INDICATION OF INJURY,0,0,0,0,0,2,0,23,7,3,41.910816603,-87.66211403,POINT (-87.662114030018 41.910816603393)
faf2c22fc6eac1d0fae438468b56e1de179f45b1fd69ecc85b544763e4e9427eece27c051c9733163760bee8cf0041248d5aa041ddc96949953d8e9d70f6b8df,JF275018,,06/10/2022 03:30:00 PM,30,TRAFFIC SIGNAL,UNKNOWN,UNKNOWN,UNKNOWN,PEDALCYCLIST,FOUR WAY,,STRAIGHT AND LEVEL,UNKNOWN,UNKNOWN,NOT ON SCENE (DESK REPORT),INJURY AND / OR TOW DUE TO CRASH,,,Y,"OVER $1,500",06/10/2022 08:33:00 PM,DRIVING SKILLS/KNOWLEDGE/EXPERIENCE,"OPERATING VEHICLE IN ERRATIC, RECKLESS, CARELESS, NEGLIGENT OR AGGRESSIVE MANNER",7900,S,STATE ST,623,,,,,,,2,NONINCAPACITATING INJURY,1,0,0,1,0,1,0,15,6,6,41.750918138,-87.624690123,POINT (-87.624690122516 41.750918138315)
fb1e6ec56eebae63763b986c0875cc2421ef52e680ffb3cd5bd88d0c6da2a6fd22b57cea11f3c59a2ba08e288c5e41321ab96719e49144c931a70147fc07544f,JE390796,,09/28/2021 06:21:00 PM,30,NO CONTROLS,NO CONTROLS,CLEAR,DUSK,PEDALCYCLIST,NOT DIVIDED,,STRAIGHT AND LEVEL,DRY,NO DEFECTS,ON SCENE,INJURY AND / OR TOW DUE TO CRASH,,,,$500 OR LESS,09/28/2021 06:33:00 PM,UNABLE TO DETERMINE,UNABLE TO DETERMINE,1856,W,LAWRENCE AVE,2032,,,Y,,,,2,NONINCAPACITATING INJURY,1,0,0,1,0,1,0,18,3,9,41.968905802,-87.676135198,POINT (-87.676135198402 41.968905801678)
fc2dbd3b81de1aaf3755b0de55a87c2daab7d6d63a8717c132b8d083a20c5a5f45dae09061aba06f2b85cfed99f464077630bf20998c3cc1d29ad3da0c28334f,JF202570,,04/09/2022 10:20:00 AM,30,NO CONTROLS,NO CONTROLS,CLEAR,DAYLIGHT,PEDALCYCLIST,DRIVEWAY,,STRAIGHT AND LEVEL,DRY,NO DEFECTS,NOT ON SCENE (DESK REPORT),INJURY AND / OR TOW DUE TO CRASH,,,,"OVER $1,500",04/09/2022 01:30:00 PM,FAILING TO YIELD RIGHT-OF-WAY,FAILING TO YIELD RIGHT-OF-WAY,4751,W,47TH ST,815,,,,,,,2,INCAPACITATING INJURY,1,0,1,0,0,1,0,10,7,4,41.807534026,-87.742814936,POINT (-87.742814935981 41.807534026094)
fb36fd043840cf75615220dff93f0c0659362ebf549710bc9e19b8022ff4c7faf307b44effa1475a14ac7cad0aa14ec05080b392462f6ba5527deff7e6c4665b,JE358708,,09/02/2021 07:30:00 AM,30,NO CONTROLS,NO CONTROLS,CLEAR,DAYLIGHT,PEDALCYCLIST,OTHER,,STRAIGHT AND LEVEL,DRY,NO DEFECTS,NOT ON SCENE (DESK REPORT),NO INJURY / DRIVE AWAY,,,,"$501 - $1,500",09/02/2021 08:00:00 AM,UNABLE TO DETERMINE,NOT APPLICABLE,48,E,GARFIELD BLVD,225,,,,,,,2,NO INDICATION OF INJURY,0,0,0,0,0,2,0,7,5,9,41.794777233,-87.623919354,POINT (-87.623919353854 41.794777232849)
fb43cd64fabe0fed80d3e50b7967a3ced4096561674be1e451377315a0b86483e21d64068828aa9d3c41009e015731ebb5cccf4356257a6cc1e391bd64a40960,JE422423,,10/25/2021 08:20:00 PM,30,NO CONTROLS,NO CONTROLS,CLEAR,"DARKNESS, LIGHTED ROAD",PEDALCYCLIST,NOT DIVIDED,,STRAIGHT AND LEVEL,WET,NO DEFECTS,ON SCENE,INJURY AND / OR TOW DUE TO CRASH,,,,"$501 - $1,500",10/25/2021 08:21:00 PM,UNABLE TO DETERMINE,NOT APPLICABLE,1645,W,DIVERSEY PKWY,1931,,,Y,,,,2,NONINCAPACITATING INJURY,1,0,0,1,0,3,0,20,2,10,41.932271036,-87.670174673,POINT (-87.670174673405 41.932271036266)
fa2f3801afc492600291e1fdccc748f2b52b5b7c8808d572d375228dbfd6225c3fe47bb3a56dff0f902b01d0847cc9224526a29e986c3e388ab14ebf7bd21a08,JE392967,,09/30/2021 01:45:00 PM,25,NO CONTROLS,NO CONTROLS,CLEAR,DAYLIGHT,PEDALCYCLIST,NOT DIVIDED,,"CURVE, LEVEL",DRY,NO DEFECTS,ON SCENE,INJURY AND / OR TOW DUE TO CRASH,,,,$500 OR LESS,09/30/2021 02:00:00 PM,UNABLE TO DETERMINE,UNABLE TO DETERMINE,3919,N,BROADWAY,1923,,,,,,,2,NONINCAPACITATING INJURY,1,0,0,1,0,1,0,13,5,9,41.953427245,-87.649647958,POINT (-87.649647958221 41.953427245011)
fc8ceb50e57c60ec82dc8a8a4bb120a4aa13acef65b6e90162fd00e1d1581653594b2779f76dc656222739a9c0aa386d95cb14da3cd928dc244f7ffa6da21ece,JE421218,,10/24/2021 09:05:00 PM,30,TRAFFIC SIGNAL,UNKNOWN,RAIN,"DARKNESS, LIGHTED ROAD",PEDALCYCLIST,NOT DIVIDED,,STRAIGHT AND LEVEL,WET,UNKNOWN,,NO INJURY / DRIVE AWAY,Y,,Y,"$501 - $1,500",10/24/2021 09:05:00 PM,UNABLE TO DETERMINE,UNABLE TO DETERMINE,2398,N,LINCOLN AVE,1812,,,,,,,2,NO INDICATION OF INJURY,0,0,0,0,0,3,0,21,1,10,41.925321064,-87.648789246,POINT (-87.648789245544 41.925321063736)
f9752ad8713c4a1b81ec712ad21de0ce970cc13ecf4195c872c02aed76442424151fbc8f8092ba526bf9182590d03b763c8b8472897a2021015447f131bfee87,JE404513,Y,10/10/2021 02:00:00 AM,30,STOP SIGN/FLASHER,FUNCTIONING PROPERLY,RAIN,"DARKNESS, LIGHTED ROAD",PEDALCYCLIST,NOT DIVIDED,,STRAIGHT AND LEVEL,WET,NO DEFECTS,ON SCENE,INJURY AND / OR TOW DUE TO CRASH,,,Y,$500 OR LESS,10/10/2021 02:06:00 AM,"OPERATING VEHICLE IN ERRATIC, RECKLESS, CARELESS, NEGLIGENT OR AGGRESSIVE MANNER","OPERATING VEHICLE IN ERRATIC, RECKLESS, CARELESS, NEGLIGENT OR AGGRESSIVE MANNER",3749,N,SHEFFIELD AVE,1923,,,,,,,2,"REPORTED, NOT EVIDENT",1,0,0,0,1,1,0,2,1,10,41.950471829,-87.654278039,POINT (-87.654278038574 41.950471829028)
f9dd7244c8b70d9f0225f5ee4385636fc854bebf180843b68211b37be31bfec0da640bb3ea7c2ce2159991a6854e2e06c635bcd1b25037e2152f93eff5d4f590,JE412790,,10/17/2021 01:45:00 AM,30,TRAFFIC SIGNAL,FUNCTIONING PROPERLY,CLEAR,DAYLIGHT,PEDALCYCLIST,NOT DIVIDED,,STRAIGHT AND LEVEL,UNKNOWN,UNKNOWN,NOT ON SCENE (DESK REPORT),INJURY AND / OR TOW DUE TO CRASH,,,Y,$500 OR LESS,10/17/2021 01:57:00 PM,IMPROPER OVERTAKING/PASSING,UNABLE TO DETERMINE,2377,N,LINCOLN AVE,1812,,,,,,,2,"REPORTED, NOT EVIDENT",1,0,0,0,1,1,0,1,1,10,41.925361698,-87.648423462,POINT (-87.64842346158 41.925361697782)