CRASH_RECORD_ID,RD_NO,CRASH_DATE_EST_I,CRASH_DATE,POSTED_SPEED_LIMIT,TRAFFIC_CONTROL_DEVICE,DEVICE_CONDITION,WEATHER_CONDITION,LIGHTING_CONDITION,FIRST_CRASH_TYPE,TRAFFICWAY_TYPE,LANE_CNT,ALIGNMENT,ROADWAY_SURFACE_COND,ROAD_DEFECT,REPORT_TYPE,CRASH_TYPE,INTERSECTION_RELATED_I,NOT_RIGHT_OF_WAY_I,HIT_AND_RUN_I,DAMAGE,DATE_POLICE_NOTIFIED,PRIM_CONTRIBUTORY_CAUSE,SEC_CONTRIBUTORY_CAUSE,STREET_NO,STREET_DIRECTION,STREET_NAME,BEAT_OF_OCCURRENCE,PHOTOS_TAKEN_I,STATEMENTS_TAKEN_I,DOORING_I,WORK_ZONE_I,WORK_ZONE_TYPE,WORKERS_PRESENT_I,NUM_UNITS,MOST_SEVERE_INJURY,INJURIES_TOTAL,INJURIES_FATAL,INJURIES_INCAPACITATING,INJURIES_NON_INCAPACITATING,INJURIES_REPORTED_NOT_EVIDENT,INJURIES_NO_INDICATION,INJURIES_UNKNOWN,CRASH_HOUR,CRASH_DAY_OF_WEEK,CRASH_MONTH,LATITUDE,LONGITUDE,LOCATION
f99cf047354b08e07c0c9696535ed07156a5748960e90bd17cb384e2a0e59f0e491c1cdb08b5187549b78bf81081b0b5a4b4a72009678f29ce9167fe5898d960,JE473926,,12/11/2021 01:57:00 PM,30,NO CONTROLS,NO CONTROLS,CLEAR,DAYLIGHT,PEDALCYCLIST,NOT DIVIDED,,STRAIGHT AND LEVEL,DRY,NO DEFECTS,,INJURY AND / OR TOW DUE TO CRASH,,,Y,"OVER $1,500",12/11/2021 02:30:00 PM,FAILING TO YIELD RIGHT-OF-WAY,NOT APPLICABLE,433,W,HARRISON ST,124,,,,,,,2,INCAPACITATING INJURY,1,0,1,0,0,1,0,13,7,12,41.874301044,-87.639082121,POINT (-87.639082121332 41.874301044496)
fc7822cbd8c36066d417b5f7643be325782fef1dc8469262ab7b2054647758eeba80b0614664ee5f98941411abc741e158273f2d8ce371fd844e39e8887e9577,JE465183,,12/03/2021 06:30:00 PM,30,NO CONTROLS,NO CONTROLS,CLEAR,"DARKNESS, LIGHTED ROAD",PEDALCYCLIST,DIVIDED - W/MEDIAN (NOT RAISED),,STRAIGHT AND LEVEL,DRY,NO DEFECTS,ON SCENE,INJURY AND / OR TOW DUE TO CRASH,,,,"OVER $1,500",12/03/2021 07:07:00 PM,UNABLE TO DETERMINE,NOT APPLICABLE,2131,N,CICERO AVE,2522,,,,,,,2,NONINCAPACITATING INJURY,1,0,0,1,0,1,0,18,6,12,41.919717993,-87.746044392,POINT (-87.746044391774 41.91971799332)
fb076ec9cf732ba3589744a3b7cc54082ef4a6098035cb1dd1fc3f6109dc566c19fae13a4a90567af7041383268d443263f70d3dbe6b761f2a50cda3d6c49ab2,JF256499,,05/26/2022 02:33:00 PM,30,NO CONTROLS,NO CONTROLS,CLOUDY/OVERCAST,DAYLIGHT,PEDALCYCLIST,DIVIDED - W/MEDIAN (NOT RAISED),,STRAIGHT AND LEVEL,DRY,NO DEFECTS,ON SCENE,INJURY AND / OR TOW DUE TO CRASH,,,,$500 OR LESS,05/26/2022 02:35:00 PM,UNABLE TO DETERMINE,DRIVING SKILLS/KNOWLEDGE/EXPERIENCE,4155,N,LINCOLN AVE,1911,,,Y,,,,2,NONINCAPACITATING INJURY,1,0,0,1,0,0,0,14,5,5,41.957451079,-87.68090108,POINT (-87.680901080262 41.957451079265)
fa1ce2c73bfef73c8580f9ddbdb7cd9d4c9307906dcb91314777fd4adaddbc716a1d3eaba81f44c0400d866f9059357ec13adf9d77bc01ccc10a83a041b6471a,JF248304,,05/17/2022 09:35:00 PM,30,NO CONTROLS,NO CONTROLS,RAIN,"DARKNESS, LIGHTED ROAD",PEDALCYCLIST,NOT DIVIDED,,STRAIGHT AND LEVEL,WET,NO DEFECTS,NOT ON SCENE (DESK REPORT),NO INJURY / DRIVE AWAY,,,,"OVER $1,500",05/19/2022 05:10:00 PM,FAILING TO YIELD RIGHT-OF-WAY,FAILING TO YIELD RIGHT-OF-WAY,425,W,RANDOLPH ST,121,,,,,,,2,NO INDICATION OF INJURY,0,0,0,0,0,2,0,21,3,5,41.884339183,-87.639105906,POINT (-87.639105906329 41.884339183271)
fe29fb64db440c8d854a27f6cfe1c2bd9d2e3f109bb6152d13a23a41e883e43adadb8cca9604bc36936eb88e6ff630d01892918b041af2a875f18010c6e34025,JE359369,,09/02/2021 05:55:00 PM,30,NO CONTROLS,NO CONTROLS,CLEAR,DAYLIGHT,PEDALCYCLIST,NOT DIVIDED,,STRAIGHT AND LEVEL,DRY,NO DEFECTS,NOT ON SCENE (DESK REPORT),NO INJURY / DRIVE AWAY,,,Y,"OVER $1,500",09/02/2021 06:00:00 PM,IMPROPER OVERTAKING/PASSING,IMPROPER OVERTAKING/PASSING,638,N,KINGSBURY ST,1831,,,,,,,2,NO INDICATION OF INJURY,0,0,0,0,0,2,0,17,5,9,41.893204426,-87.641401407,POINT (-87.641401407093 41.893204426463)
fe5db18eaf093cec770ab44baac6d3b56571ef2a72cd27b733834672efba73a59202f5dd6395851d5c3daf36edecc828b802202db90c2672bd4565399692f074,JF226557,,05/01/2022 02:00:00 PM,30,TRAFFIC SIGNAL,FUNCTIONING PROPERLY,CLEAR,DAYLIGHT,PEDALCYCLIST,FOUR WAY,,STRAIGHT AND LEVEL,DRY,NO DEFECTS,ON SCENE,INJURY AND / OR TOW DUE TO CRASH,Y,,,"OVER $1,500",05/01/2022 02:06:00 PM,FAILING TO YIELD RIGHT-OF-WAY,"VISION OBSCURED (SIGNS, TREE LIMBS, BUILDINGS, ETC.)",1600,W,PERSHING RD,912,,,,,,,2,INCAPACITATING INJURY,1,0,1,0,0,1,0,14,1,5,41.823256762,-87.66570861,POINT (-87.665708610309 41.823256762476)
c8ba328938fb45c35d625b3b8767512d0c923b0a4913ff7e6d5362183d4367caf291638dfe2d4f123ca738868dcf113bba1d933bd3af05d4655e7c5f77359e77,JF336655,,07/29/2022 07:45:00 PM,30,NO CONTROLS,NO CONTROLS,CLEAR,DUSK,PEDALCYCLIST,NOT DIVIDED,,STRAIGHT AND LEVEL,DRY,NO DEFECTS,ON SCENE,INJURY AND / OR TOW DUE TO CRASH,,,,"OVER $1,500",07/29/2022 07:45:00 PM,FAILING TO YIELD RIGHT-OF-WAY,UNABLE TO DETERMINE,2745,N,DAMEN AVE,1931,,,,,,,2,NONINCAPACITATING INJURY,1,0,0,1,0,2,0,19,6,7,41.930998593,-87.678109161,POINT (-87.67810916123 41.930998593244)
fe34699bd8fc4c6c344af3cc4d73df8e53a693e950785e34fbde950efc9e20a3f2de63121a02238f13e9e945ede44d0f73176be4cafb3650bad5c3fb3a9c37b7,JE482799,,12/19/2021 02:55:00 PM,30,STOP SIGN/FLASHER,FUNCTIONING PROPERLY,CLEAR,DAYLIGHT,PEDALCYCLIST,NOT DIVIDED,,STRAIGHT AND LEVEL,DRY,NO DEFECTS,ON SCENE,INJURY AND / OR TOW DUE TO CRASH,Y,,,"OVER $1,500",12/19/2021 02:59:00 PM,UNABLE TO DETERMINE,UNABLE TO DETERMINE,1299,W,CORTLAND ST,1811,,,,,,,2,NONINCAPACITATING INJURY,1,0,0,1,0,1,0,14,1,12,41.916986087,-87.660121815,POINT (-87.66012181483 41.916986087144)
fe23bcfc3aea36dcdf0a7b96177420712331fa2e35898798456097fe5f64fceac557ae4592c87e60968e83e812aa28b635485310aeba96ecd3ced524f7ee7145,JF205160,,04/11/2022 11:55:00 PM,30,TRAFFIC SIGNAL,FUNCTIONING PROPERLY,CLEAR,"DARKNESS, LIGHTED ROAD",PEDALCYCLIST,ONE-WAY,,STRAIGHT AND LEVEL,DRY,UNKNOWN,ON SCENE,INJURY AND / OR TOW DUE TO CRASH,Y,,,"OVER $1,500",04/11/2022 11:56:00 PM,DRIVING ON WRONG SIDE/WRONG WAY,NOT APPLICABLE,100,W,ONTARIO ST,1832,,,,,,,2,NONINCAPACITATING INJURY,1,0,0,1,0,1,0,23,2,4,41.893337737,-87.631244496,POINT (-87.631244496213 41.893337737184)
fed8bc66a0aab1f20bbc697ac987a31055260c477afebcf6970d7cae2894c44c683523331b59454ce7cba29fe63f396da47ef5f4609f221195658df38c543683,JE362573,,09/05/2021 02:27:00 PM,25,STOP SIGN/FLASHER,FUNCTIONING PROPERLY,CLEAR,DAYLIGHT,PEDALCYCLIST,T-INTERSECTION,,STRAIGHT AND LEVEL,DRY,UNKNOWN,ON SCENE,INJURY AND / OR TOW DUE TO CRASH,,,,"OVER $1,500",09/05/2021 03:10:00 PM,DISREGARDING STOP SIGN,NOT APPLICABLE,3100,W,IRVING PARK RD,1724,,,,,,,2,"REPORTED, NOT EVIDENT",1,0,0,0,1,2,0,14,1,9,41.954044946,-87.705636375,POINT (-87.705636375404 41.954044946135)
ff654e09f1f2183648b62b87396f2fd415ef7ede1cf7da849106c5da12c8af3aa885d28226cba61a826332a2ddd18668fe92edc0c897dd75f3a0655f47224baa,JF259271,,05/28/2022 08:15:00 PM,30,TRAFFIC SIGNAL,FUNCTIONING PROPERLY,CLEAR,"DARKNESS, LIGHTED ROAD",PEDALCYCLIST,NOT DIVIDED,,STRAIGHT AND LEVEL,DRY,NO DEFECTS,ON SCENE,NO INJURY / DRIVE AWAY,Y,,Y,"$501 - $1,500",05/28/2022 08:15:00 PM,IMPROPER OVERTAKING/PASSING,FAILING TO YIELD RIGHT-OF-WAY,100,W,ROOSEVELT RD,123,,,Y,,,,2,NO INDICATION OF INJURY,0,0,0,0,0,2,0,20,7,5,41.86748292,-87.630492795,POINT (-87.630492795017 41.86748291958)
fdf01133297e1891c2c6d55c1ef00d1fc1ce60d548b0e28985d85ff4c739764273cd323f27dc40ad9022b8ed39386ea87c398e604c99898455c9b68a83aa6b97,JF275480,,06/11/2022 09:07:00 AM,30,NO CONTROLS,NO CONTROLS,CLEAR,DAYLIGHT,PEDALCYCLIST,NOT DIVIDED,,STRAIGHT AND LEVEL,DRY,NO DEFECTS,ON SCENE,INJURY AND / OR TOW DUE TO CRASH,,,Y,$500 OR LESS,06/11/2022 09:15:00 AM,IMPROPER TURNING/NO SIGNAL,IMPROPER TURNING/NO SIGNAL,931,N,HAMLIN AVE,1112,,,,,,,2,NONINCAPACITATING INJURY,1,0,0,1,0,2,0,9,7,6,41.898180821,-87.721134683,POINT (-87.721134682818 41.898180821172)
fceed5d50bf056710b2a0433c8444ccf7712db8fd10baaf1631c87c1b81328a6702e7771ed743fa4560042d6a284699ce66384c22e43c2adf3f7f3f4b47b1da4,JF270889,,06/06/2022 04:30:00 PM,30,TRAFFIC SIGNAL,FUNCTIONING PROPERLY,CLEAR,DAYLIGHT,PEDALCYCLIST,DIVIDED - W/MEDIAN (NOT RAISED),,STRAIGHT AND LEVEL,DRY,OTHER,NOT ON SCENE (DESK REPORT),INJURY AND / OR TOW DUE TO CRASH,,,Y,"OVER $1,500",06/07/2022 01:45:00 PM,IMPROPER TURNING/NO SIGNAL,UNABLE TO DETERMINE,500,N,DAMEN AVE,1221,,,,,,,2,NONINCAPACITATING INJURY,1,0,0,1,0,1,0,16,2,6,41.890857214,-87.677056868,POINT (-87.677056868483 41.890857214287)
fe52edde47f7f695aac8eeb34968de88ff80f3b902487613a0a2a1397537f76d6498c15c58f655afba07369b36cc8982ca77cc23bc0ab197412e91db8d469068,JF261654,,05/30/2022 10:25:00 PM,30,TRAFFIC SIGNAL,FUNCTIONING PROPERLY,CLEAR,"DARKNESS, LIGHTED ROAD",PEDALCYCLIST,DIVIDED - W/MEDIAN (NOT RAISED),,STRAIGHT AND LEVEL,DRY,NO DEFECTS,NOT ON SCENE (DESK REPORT),INJURY AND / OR TOW DUE TO CRASH,,,,"OVER $1,500",05/30/2022 11:40:00 PM,UNABLE TO DETERMINE,NOT APPLICABLE,7101,S,CICERO AVE,833,,,,,,,2,NONINCAPACITATING INJURY,1,0,0,1,0,1,0,22,2,5,41.764292465,-87.741752607,POINT (-87.741752607214 41.764292464973)
feef553f8541893b1bce0d980ea23a51592a47946a1fc5efa1023ff54effc86fd592f9ff2eb09a1585567f8be2fa8695d5f50edc2447c4890202f41a91789002,JF270052,,06/05/2022 01:15:00 PM,30,NO CONTROLS,NO CONTROLS,CLEAR,DAYLIGHT,PEDALCYCLIST,NOT DIVIDED,,STRAIGHT AND LEVEL,DRY,NO DEFECTS,NOT ON SCENE (DESK REPORT),INJURY AND / OR TOW DUE TO CRASH,,,,"$501 - $1,500",06/06/2022 05:50:00 PM,UNABLE TO DETERMINE,NOT APPLICABLE,1448,N,WELLS ST,1821,,,Y,,,,2,"REPORTED, NOT EVIDENT",1,0,0,0,1,3,0,13,1,6,41.908977678,-87.634789122,POINT (-87.634789121649 41.908977678377)
fe4243a3e0ff37dc1d1911b4cdf368cf53cd5bfdec9fcd6ef66b04e6c67cff227808a280bd2f21618f9ef8af8c58644946e11acb6e25078dab2665ce3d565683,JE371090,,09/12/2021 06:00:00 PM,25,NO CONTROLS,NO CONTROLS,CLEAR,DAYLIGHT,PEDALCYCLIST,NOT DIVIDED,,STRAIGHT AND LEVEL,DRY,NO DEFECTS,NOT ON SCENE (DESK REPORT),INJURY AND / OR TOW DUE TO CRASH,,,,"$501 - $1,500",09/12/2021 07:00:00 PM,FAILING TO YIELD RIGHT-OF-WAY,UNABLE TO DETERMINE,2500,W,PRATT BLVD,2411,,,,,,,2,NONINCAPACITATING INJURY,1,0,0,1,0,1,0,18,1,9,42.005097003,-87.692573085,POINT (-87.692573085402 42.005097002685)
fdf9b75279765564c1ee1c6b8201728ebfe53915b372dd9fc015fa69cc5e1263e1293348728877fc0d7afe1db898022b11a9840f93d9a335dfd7021886c69182,JE452155,,11/21/2021 02:58:00 AM,30,STOP SIGN/FLASHER,FUNCTIONING PROPERLY,CLEAR,"DARKNESS, LIGHTED ROAD",PEDALCYCLIST,FOUR WAY,,STRAIGHT ON GRADE,DRY,NO DEFECTS,ON SCENE,INJURY AND / OR TOW DUE TO CRASH,Y,,,"$501 - $1,500",11/21/2021 02:58:00 AM,UNABLE TO DETERMINE,NOT APPLICABLE,1891,N,LEAVITT ST,1434,,,,,,,2,NONINCAPACITATING INJURY,1,0,0,1,0,2,0,2,1,11,41.916100267,-87.682338881,POINT (-87.682338880549 41.916100267388)
ffdc1f1226a04425742c3e9d4fb1b3d583706124ccfbf558ae174d18ddc673f4723cbbfffee35c682acf504765737a148f31c022c3bb9bd71fb9fe6585892f89,JF229726,,05/02/2022 06:15:00 PM,30,NO CONTROLS,NO CONTROLS,CLEAR,DAYLIGHT,PEDALCYCLIST,NOT DIVIDED,,STRAIGHT AND LEVEL,DRY,NO DEFECTS,NOT ON SCENE (DESK REPORT),NO INJURY / DRIVE AWAY,,,,"OVER $1,500",05/04/2022 10:40:00 AM,UNABLE TO DETERMINE,UNABLE TO DETERMINE,3300,N,CLARK ST,1924,,,,,,,2,NO INDICATION OF INJURY,0,0,0,0,0,2,0,18,2,5,41.941747288,-87.652298689,POINT (-87.652298689485 41.941747287815)
e3731969361d6dbe753b575d01469e9a846d3cbd411d7f0651d39dad88d097854e1863b2f1e408e80d292e21d3b85ee25a9c49f92b239b9320c3ad522338d699,JF336696,,07/29/2022 08:32:00 PM,30,TRAFFIC SIGNAL,FUNCTIONING PROPERLY,CLEAR,DARKNESS,PEDALCYCLIST,NOT DIVIDED,,STRAIGHT AND LEVEL,DRY,NO DEFECTS,ON SCENE,INJURY AND / OR TOW DUE TO CRASH,Y,,,"$501 - $1,500",07/29/2022 08:34:00 PM,IMPROPER TURNING/NO SIGNAL,IMPROPER TURNING/NO SIGNAL,1998,N,CALIFORNIA AVE,1421,,,,,,,2,INCAPACITATING INJURY,1,0,1,0,0,1,0,20,6,7,41.917396026,-87.697344634,POINT (-87.697344634078 41.917396026058)
59e77beb3f171a558480903ec0db93fea571e833f6297b3ce2a7c0b1fb824a3c516a979906674b3d6a73d2d06b6f4a303b8d2fba65a1c9189bb821cba285bf66,JF367696,,08/23/2022 05:00:00 PM,25,STOP SIGN/FLASHER,FUNCTIONING PROPERLY,UNKNOWN,DAYLIGHT,PEDALCYCLIST,ONE-WAY,,STRAIGHT AND LEVEL,UNKNOWN,UNKNOWN,NOT ON SCENE (DESK REPORT),NO INJURY / DRIVE AWAY,Y,,Y,"$501 - $1,500",08/23/2022 05:32:00 PM,UNABLE TO DETERMINE,NOT APPLICABLE,1390,N,AVERS AVE,2535,,,,,,,2,NO INDICATION OF INJURY,0,0,0,0,0,2,0,17,3,8,41.906227567,-87.722905072,POINT (-87.722905071521 41.906227566867)
93c2c885b4bf0a558493ddd69d98f533097a3eb1b6221d6f4407d2e2a7e72a5c0a5afe3c24fcb3e7c15631e5d5ab47a50e38ec95375e18c14d5b8b815755d0da,JF367551,,08/23/2022 03:07:00 PM,30,NO CONTROLS,NO CONTROLS,CLEAR,DAYLIGHT,PEDALCYCLIST,ALLEY,,STRAIGHT AND LEVEL,DRY,NO DEFECTS,ON SCENE,INJURY AND / OR TOW DUE TO CRASH,,,Y,"$501 - $1,500",08/23/2022 03:19:00 PM,FAILING TO YIELD RIGHT-OF-WAY,DRIVING SKILLS/KNOWLEDGE/EXPERIENCE,2000,W,WARREN BLVD,1223,,,,,,,2,NONINCAPACITATING INJURY,1,0,0,1,0,1,0,15,3,8,41.882339859,-87.676787988,POINT (-87.676787987969 41.882339859326)
9b9f9972e636bb7261c0d776f7ee35080505bb50f4de42d8293dc682ef6ee997cc0c87ab9a7ca68c01d39a11b6ac38e1cfa4694b507c38b1f762269659f6ce1a,JF368874,,08/23/2022 10:50:00 AM,30,NO CONTROLS,NO CONTROLS,CLEAR,DAYLIGHT,PEDALCYCLIST,NOT DIVIDED,,STRAIGHT AND LEVEL,DRY,NO DEFECTS,,INJURY AND / OR TOW DUE TO CRASH,,,,"$501 - $1,500",08/24/2022 04:40:00 PM,UNABLE TO DETERMINE,NOT APPLICABLE,199,N,HALSTED ST,1224,,,,,,,2,"REPORTED, NOT EVIDENT",1,0,0,0,1,1,0,10,3,8,41.885638919,-87.647326238,POINT (-87.647326238258 41.885638918531)
a9f1d58991d0f6e5b6142abc14e5173297c3a440d0893eb8b9514dbe540490461bb118d6977e61809a65b21bc5b56628e60769b92d6e867579dcbd3730449625,JF367786,,08/23/2022 05:50:00 PM,30,STOP SIGN/FLASHER,FUNCTIONING PROPERLY,CLEAR,DAYLIGHT,PEDALCYCLIST,T-INTERSECTION,,STRAIGHT AND LEVEL,DRY,NO DEFECTS,ON SCENE,INJURY AND / OR TOW DUE TO CRASH,Y,,Y,"OVER $1,500",08/23/2022 06:00:00 PM,DRIVING ON WRONG SIDE/WRONG WAY,DRIVING ON WRONG SIDE/WRONG WAY,1228,N,ROCKWELL ST,1423,,,N,,,,2,"REPORTED, NOT EVIDENT",1,0,0,0,1,1,0,17,3,8,41.903862176,-87.692121514,POINT (-87.692121513613 41.903862175657)
abdc3e7c91b9c4bef26d566079fafbc7c3e15b8d92ccf54697a5c5da098d2949f5b33f1860209ea1f0209148b545f5bad0744abf1b2904af62300151b4522e09,JF367502,,08/23/2022 02:30:00 PM,30,UNKNOWN,UNKNOWN,CLEAR,DAYLIGHT,PEDALCYCLIST,NOT DIVIDED,,STRAIGHT AND LEVEL,DRY,UNKNOWN,ON SCENE,NO INJURY / DRIVE AWAY,,,Y,$500 OR LESS,08/23/2022 02:45:00 PM,"OPERATING VEHICLE IN ERRATIC, RECKLESS, CARELESS, NEGLIGENT OR AGGRESSIVE MANNER","OPERATING VEHICLE IN ERRATIC, RECKLESS, CARELESS, NEGLIGENT OR AGGRESSIVE MANNER",931,W,LELAND AVE,1914,,,,,,,2,NO INDICATION OF INJURY,0,0,0,0,0,2,0,14,3,8,41.967183109,-87.653882047,POINT (-87.653882047184 41.967183109403)
ca7115094822c0fc7d3f840803da7508d4c0dbcc73d641dff0d3ae10f6118913bdc285d0c3fcaaa266b7ed47d8bdc0b392fa50bb040ec20253030f350f3cfb4a,JF367677,,08/23/2022 04:49:00 PM,30,NO CONTROLS,UNKNOWN,CLEAR,DAYLIGHT,PEDALCYCLIST,ONE-WAY,,STRAIGHT AND LEVEL,DRY,NO DEFECTS,NOT ON SCENE (DESK REPORT),NO INJURY / DRIVE AWAY,,,Y,"$501 - $1,500",08/23/2022 05:20:00 PM,FOLLOWING TOO CLOSELY,DISREGARDING STOP SIGN,4490,N,LINDER AVE,1623,,,,,,,2,NO INDICATION OF INJURY,0,0,0,0,0,2,0,16,3,8,41.962329661,-87.764993026,POINT (-87.764993025653 41.962329661063)
29e9222073134cb92c267189b96fffff59018593a2c3a41c59ce48354db85aafb2ff121cfd89c3e3ab7eb729e98ec26cac4f202feee99905c09cee3105102dd5,JF368193,,08/24/2022 07:15:00 AM,30,NO CONTROLS,NO CONTROLS,CLEAR,DAYLIGHT,PEDALCYCLIST,DIVIDED - W/MEDIAN (NOT RAISED),,STRAIGHT AND LEVEL,DRY,NO DEFECTS,ON SCENE,INJURY AND / OR TOW DUE TO CRASH,,,,$500 OR LESS,08/24/2022 07:17:00 AM,IMPROPER LANE USAGE,UNABLE TO DETERMINE,4656,N,KEDZIE AVE,1713,,,N,,,,2,NONINCAPACITATING INJURY,1,0,0,1,0,1,0,7,4,8,41.966189365,-87.708551509,POINT (-87.708551509335 41.966189365434)
789936fd9562f1049def0e4d859fa9d24e46acbee50db027557886192654df893d5b6169890384ecb77252b3735668c9b8090647716456f440c4e4d8c0c42b7b,JF368604,,08/24/2022 12:31:00 PM,15,NO CONTROLS,NO CONTROLS,CLEAR,DAYLIGHT,PEDALCYCLIST,NOT DIVIDED,,STRAIGHT AND LEVEL,DRY,UNKNOWN,,INJURY AND / OR TOW DUE TO CRASH,,,Y,"OVER $1,500",08/24/2022 12:31:00 PM,FOLLOWING TOO CLOSELY,NOT APPLICABLE,2757,W,GRANVILLE AVE,2413,,,,,,,2,NONINCAPACITATING INJURY,1,0,0,1,0,1,0,12,4,8,41.993869037,-87.699452458,POINT (-87.699452457838 41.993869037112)
39fe7918656dfbbfdbcf681139f08a94035156fc8f736733eb663a2fc1d0c165b71bb2aacce8301d14513f7c33c6563a4071bfcdb424f32a2c1919de6ec734dc,JF370592,,08/25/2022 07:52:00 PM,30,NO CONTROLS,NO CONTROLS,CLEAR,DUSK,PEDALCYCLIST,NOT DIVIDED,,STRAIGHT AND LEVEL,DRY,NO DEFECTS,NOT ON SCENE (DESK REPORT),NO INJURY / DRIVE AWAY,Y,,,$500 OR LESS,08/25/2022 11:55:00 PM,FAILING TO REDUCE SPEED TO AVOID CRASH,FOLLOWING TOO CLOSELY,2332,W,LAWRENCE AVE,2031,,Y,,,,,2,NO INDICATION OF INJURY,0,0,0,0,0,2,0,19,5,8,41.968745683,-87.687732758,POINT (-87.68773275831 41.968745683419)
786d70e20a287fe4fb9f8c41a79247404bfa8d590fe4e16085ae5bb9efeab440d75efaae43fdc1bdb5752b768067a83c95889fb76a00f279c84a38b8b2c7b01d,JF370189,,08/25/2022 09:00:00 AM,30,NO CONTROLS,NO CONTROLS,CLEAR,DAYLIGHT,PEDALCYCLIST,ONE-WAY,,STRAIGHT AND LEVEL,DRY,NO DEFECTS,NOT ON SCENE (DESK REPORT),INJURY AND / OR TOW DUE TO CRASH,,,,$500 OR LESS,08/25/2022 05:00:00 PM,NOT APPLICABLE,NOT APPLICABLE,1907,N,LEAVITT ST,1434,,,Y,,,,2,"REPORTED, NOT EVIDENT",1,0,0,0,1,1,0,9,5,8,41.916363088,-87.682342842,POINT (-87.682342841538 41.916363087728)
85b4ad4fceef5dc012bdf81a170388a7af1f351e1a006368a60c1f31857554cfd0e960c5085d4a870444702d0c1e5c86681ccb28d83df43d1680dee5f5dab50d,JF370408,Y,08/25/2022 07:30:00 PM,30,NO CONTROLS,NO CONTROLS,CLEAR,DUSK,PEDALCYCLIST,DIVIDED - W/MEDIAN (NOT RAISED),,STRAIGHT AND LEVEL,DRY,NO DEFECTS,NOT ON SCENE (DESK REPORT),INJURY AND / OR TOW DUE TO CRASH,,,Y,"OVER $1,500",08/25/2022 07:50:00 PM,IMPROPER TURNING/NO SIGNAL,NOT APPLICABLE,5256,W,DIVERSEY AVE,2514,,,,,,,2,NONINCAPACITATING INJURY,1,0,0,1,0,1,0,19,5,8,41.931481144,-87.758675991,POINT (-87.758675990726 41.931481144313)
ef5462fcf28f52497dc194b4d62a50081c9adaa6e3719a944addcde8e1a5e8e64df1e065b2a90e10729c4a15a0f26201af40942c82d1c186a5efcc404cc5b780,JF370060,,08/25/2022 03:28:00 PM,30,TRAFFIC SIGNAL,FUNCTIONING PROPERLY,CLEAR,DAYLIGHT,PEDALCYCLIST,FOUR WAY,,STRAIGHT AND LEVEL,DRY,NO DEFECTS,ON SCENE,INJURY AND / OR TOW DUE TO CRASH,,,Y,"OVER $1,500",08/25/2022 03:29:00 PM,DISTRACTION - FROM INSIDE VEHICLE,FAILING TO YIELD RIGHT-OF-WAY,1221,W,47TH ST,933,,,,,,,2,NONINCAPACITATING INJURY,1,0,0,1,0,1,0,15,5,8,41.80861135,-87.656213823,POINT (-87.656213822937 41.808611350305)
26850c4097a3e55158fed026cfbce3895658427bec43e5f5cb71dcb7ce5c90361190fb9b2bbc4314e4fb1a3659339e2cf2212deb8f6af415c9c514a0bbd9572c,JF389159,,08/21/2022 04:30:00 PM,30,NO CONTROLS,NO CONTROLS,CLEAR,DAYLIGHT,PEDALCYCLIST,ONE-WAY,,STRAIGHT AND LEVEL,DRY,NO DEFECTS,NOT ON SCENE (DESK REPORT),NO INJURY / DRIVE AWAY,,,,"$501 - $1,500",09/09/2022 10:05:00 AM,UNABLE TO DETERMINE,NOT APPLICABLE,1300,N,CAMPBELL AVE,1423,,,,,,,2,NO INDICATION OF INJURY,0,0,0,0,0,2,0,16,1,8,41.904910078,-87.689685429,POINT (-87.689685429391 41.904910077685)
95a823501a6cd809901ffdd05ffc26fc102fdef4f30aaf9865c72c2dc1e45e8fed7ada8e0ef1bc7c388155ec6bb3d340f3bb87b633e7b408bfaec94d5f85c528,JF370813,,08/26/2022 08:45:00 AM,30,NO CONTROLS,NO CONTROLS,CLEAR,DAYLIGHT,PEDALCYCLIST,NOT DIVIDED,,STRAIGHT ON GRADE,DRY,NO DEFECTS,ON SCENE,INJURY AND / OR TOW DUE TO CRASH,Y,,Y,$500 OR LESS,08/26/2022 08:48:00 AM,FAILING TO YIELD RIGHT-OF-WAY,NOT APPLICABLE,6900,N,CLARK ST,2424,,,,,,,2,NONINCAPACITATING INJURY,1,0,0,1,0,1,0,8,6,8,42.006602178,-87.673554578,POINT (-87.67355457849 42.006602177863)
bf3210b6a445d0be6f8a217981a5177002dd73f1842e1d3e3a9df3947bac0895e478b8ee09dcffeb4a53792dc5a1ae820e9e7c2e465126ce6913ed5056e1aae2,JF371463,,08/26/2022 05:00:00 PM,30,STOP SIGN/FLASHER,NO CONTROLS,CLEAR,DAYLIGHT,PEDALCYCLIST,NOT DIVIDED,,STRAIGHT AND LEVEL,DRY,NO DEFECTS,ON SCENE,INJURY AND / OR TOW DUE TO CRASH,,,,"OVER $1,500",08/26/2022 05:00:00 PM,UNABLE TO DETERMINE,UNABLE TO DETERMINE,1200,W,111TH ST,2234,,,,,,,2,NONINCAPACITATING INJURY,1,0,0,1,0,1,0,17,6,8,41.692347126,-87.652232335,POINT (-87.652232335145 41.692347125764)