CRASH_RECORD_ID,RD_NO,CRASH_DATE_EST_I,CRASH_DATE,POSTED_SPEED_LIMIT,TRAFFIC_CONTROL_DEVICE,DEVICE_CONDITION,WEATHER_CONDITION,LIGHTING_CONDITION,FIRST_CRASH_TYPE,TRAFFICWAY_TYPE,LANE_CNT,ALIGNMENT,ROADWAY_SURFACE_COND,ROAD_DEFECT,REPORT_TYPE,CRASH_TYPE,INTERSECTION_RELATED_I,NOT_RIGHT_OF_WAY_I,HIT_AND_RUN_I,DAMAGE,DATE_POLICE_NOTIFIED,PRIM_CONTRIBUTORY_CAUSE,SEC_CONTRIBUTORY_CAUSE,STREET_NO,STREET_DIRECTION,STREET_NAME,BEAT_OF_OCCURRENCE,PHOTOS_TAKEN_I,STATEMENTS_TAKEN_I,DOORING_I,WORK_ZONE_I,WORK_ZONE_TYPE,WORKERS_PRESENT_I,NUM_UNITS,MOST_SEVERE_INJURY,INJURIES_TOTAL,INJURIES_FATAL,INJURIES_INCAPACITATING,INJURIES_NON_INCAPACITATING,INJURIES_REPORTED_NOT_EVIDENT,INJURIES_NO_INDICATION,INJURIES_UNKNOWN,CRASH_HOUR,CRASH_DAY_OF_WEEK,CRASH_MONTH,LATITUDE,LONGITUDE,LOCATION
bf9b8f755883516deb89e9f1a3ea4d838d42251576e663425b30b0756adfbf0351c3c220be2465c09ba2885692893c89777ecb854c73c01a536b719e9b671b3a,JF370869,,08/26/2022 09:20:00 AM,30,NO CONTROLS,NO CONTROLS,CLEAR,DAYLIGHT,PEDALCYCLIST,NOT DIVIDED,,STRAIGHT AND LEVEL,DRY,NO DEFECTS,ON SCENE,INJURY AND / OR TOW DUE TO CRASH,,,,"OVER $1,500",08/26/2022 09:25:00 AM,IMPROPER LANE USAGE,NOT APPLICABLE,750,W,DIVISION ST,1822,,,,,,,2,"REPORTED, NOT EVIDENT",1,0,0,0,1,1,0,9,6,8,41.903747138,-87.64808078,POINT (-87.648080779561 41.903747138119)
f0c0b62b299b836aeee0aa5a06169bb73d8db17e01c319538df79f16902033b14c6ee77f6886509839c858a7c932aaab2d6d91d37910889231400be809517ad6,JF371544,,08/26/2022 05:40:00 PM,30,TRAFFIC SIGNAL,FUNCTIONING PROPERLY,CLEAR,DAYLIGHT,PEDALCYCLIST,DIVIDED - W/MEDIAN (NOT RAISED),,STRAIGHT AND LEVEL,DRY,NO DEFECTS,ON SCENE,INJURY AND / OR TOW DUE TO CRASH,,,,$500 OR LESS,08/26/2022 05:49:00 PM,UNABLE TO DETERMINE,NOT APPLICABLE,2894,S,ARCHER AVE,913,,,,,,,2,NONINCAPACITATING INJURY,1,0,0,1,0,1,0,17,6,8,41.841969227,-87.657559808,POINT (-87.657559807675 41.841969226919)
1f496d72d598162a7db997b7c7cec611b2854043877f43342a2bd623fef5ec6ceeb008ce7c6d0a1077003ff9de1eb478c3e7f96ccafa45dac307a3b2b7f9ef12,JF373018,,08/27/2022 09:33:00 PM,30,NO CONTROLS,NO CONTROLS,CLEAR,"DARKNESS, LIGHTED ROAD",PEDALCYCLIST,DIVIDED - W/MEDIAN (NOT RAISED),,STRAIGHT AND LEVEL,DRY,NO DEFECTS,ON SCENE,INJURY AND / OR TOW DUE TO CRASH,,,Y,$500 OR LESS,08/27/2022 09:45:00 PM,UNABLE TO DETERMINE,UNABLE TO DETERMINE,913,W,WELLINGTON AVE,1933,,,,,,,2,NONINCAPACITATING INJURY,1,0,0,1,0,1,0,21,7,8,41.936197711,-87.652133814,POINT (-87.65213381372 41.936197710639)
3297c8edee4fa18fffaa9e0f8b6b3b9c845a0636122d3af39d5b7555766c828298f6d50e5bd853b7a9d01ae9d11d36b7daf7ade9bbca62b647753363b8bedc39,JF372462,,08/27/2022 11:30:00 AM,30,TRAFFIC SIGNAL,FUNCTIONING PROPERLY,CLEAR,DAYLIGHT,PEDALCYCLIST,FOUR WAY,,STRAIGHT AND LEVEL,DRY,NO DEFECTS,NOT ON SCENE (DESK REPORT),INJURY AND / OR TOW DUE TO CRASH,Y,,Y,$500 OR LESS,08/27/2022 01:15:00 PM,UNABLE TO DETERMINE,NOT APPLICABLE,5800,W,GRAND AVE,2515,,,,,,,2,NONINCAPACITATING INJURY,1,0,0,1,0,1,0,11,7,8,41.919774901,-87.770726526,POINT (-87.770726525828 41.919774900971)
40e9c5d38e9225f14c311be2349cb5082728ba201afbe31fec61f7f95852df4f4dda914d338ca95ab60d330b9046a3aafad3d227219c59faf6dfd7934942519d,JF373702,,08/27/2022 02:30:00 PM,30,NO CONTROLS,NO CONTROLS,CLEAR,DAYLIGHT,PEDALCYCLIST,NOT DIVIDED,,STRAIGHT AND LEVEL,DRY,NO DEFECTS,NOT ON SCENE (DESK REPORT),INJURY AND / OR TOW DUE TO CRASH,,,Y,"OVER $1,500",08/28/2022 01:45:00 PM,UNABLE TO DETERMINE,NOT APPLICABLE,2919,W,HARRISON ST,1135,,,,,,,2,NONINCAPACITATING INJURY,1,0,0,1,0,1,0,14,7,8,41.87365451,-87.699362133,POINT (-87.699362133333 41.873654509697)
9c5cb0589e23a38c089ff96cf7e45c2632d27f64aef2caeeceb2b2b2eb7e99c123540a02c24a21005e71f04df79b7aa1afbd7365dd8efec2350f264d71af8794,JF372572,,08/27/2022 02:00:00 PM,30,NO CONTROLS,NO CONTROLS,CLEAR,DAYLIGHT,PEDALCYCLIST,ALLEY,,STRAIGHT AND LEVEL,DRY,NO DEFECTS,NOT ON SCENE (DESK REPORT),NO INJURY / DRIVE AWAY,,,,"OVER $1,500",08/27/2022 02:55:00 PM,UNABLE TO DETERMINE,NOT APPLICABLE,3548,W,25TH ST,1024,,,N,,,,2,NO INDICATION OF INJURY,0,0,0,0,0,3,0,14,7,8,41.846328998,-87.714359183,POINT (-87.714359183298 41.846328997518)
9d13ec951b8406644596e2fdbcc7c2e72fc6efc8c3d5d662de54ad125c4570ed5a216cac195f8f9dac1137cad90cf24b28da45206eeae6c2ab0bb91af4772bf4,JF372813,,08/27/2022 05:17:00 PM,35,STOP SIGN/FLASHER,FUNCTIONING PROPERLY,CLEAR,DAYLIGHT,PEDALCYCLIST,NOT DIVIDED,,STRAIGHT AND LEVEL,DRY,NO DEFECTS,ON SCENE,INJURY AND / OR TOW DUE TO CRASH,,,Y,"OVER $1,500",08/27/2022 05:17:00 PM,UNABLE TO DETERMINE,UNABLE TO DETERMINE,9458,S,STONY ISLAND AVE,413,,,,,,,2,INCAPACITATING INJURY,1,0,1,0,0,1,0,17,7,8,41.722374362,-87.585276274,POINT (-87.585276274136 41.722374362261)
af7ce17246a9844be7d60640f088923460f85110a31d3ab0892a0108dad738458a0c0b02cf5b6a25a45003373a02a5fb0db2796d17a45e98f5bb0260af8b9e82,JF372646,,08/27/2022 03:35:00 PM,30,STOP SIGN/FLASHER,FUNCTIONING PROPERLY,CLEAR,DAYLIGHT,PEDALCYCLIST,DIVIDED - W/MEDIAN (NOT RAISED),,STRAIGHT AND LEVEL,DRY,NO DEFECTS,,INJURY AND / OR TOW DUE TO CRASH,Y,,,"OVER $1,500",08/27/2022 03:48:00 PM,DISREGARDING STOP SIGN,NOT APPLICABLE,400,W,26TH ST,914,Y,Y,N,,,,2,FATAL,1,1,0,0,0,1,0,15,7,8,41.845567028,-87.636855088,POINT (-87.636855087545 41.845567027585)
58e08eb5b170d2f25d9ce792699e145c2e5a66a2b57214b15ebd6aaa9cf5aa0c7993fa953822c6e8ad9515ac5b7ebabdc70596d46452cb7209e964f0e7c8ced9,JF373350,,08/28/2022 07:30:00 AM,30,TRAFFIC SIGNAL,FUNCTIONING PROPERLY,CLEAR,DAYLIGHT,PEDALCYCLIST,NOT DIVIDED,,STRAIGHT AND LEVEL,DRY,NO DEFECTS,,NO INJURY / DRIVE AWAY,Y,,N,$500 OR LESS,08/28/2022 08:15:00 AM,FOLLOWING TOO CLOSELY,FAILING TO REDUCE SPEED TO AVOID CRASH,400,W,FULLERTON PKWY,1935,,,,,,,2,NO INDICATION OF INJURY,0,0,0,0,0,2,0,7,1,8,41.925719927,-87.639189329,POINT (-87.639189328978 41.925719927241)
bc98da291f8e97b4b87723675558a628263f7945b4c03bd6037688b5998e33bd12b6d6f98b5506f08cd5b2f6cbccacd709c30baffe0ebd6669078dd25e5b808f,JF388719,,08/28/2022 09:30:00 PM,35,TRAFFIC SIGNAL,FUNCTIONING PROPERLY,CLEAR,"DARKNESS, LIGHTED ROAD",PEDALCYCLIST,DIVIDED - W/MEDIAN (NOT RAISED),,STRAIGHT AND LEVEL,DRY,NO DEFECTS,NOT ON SCENE (DESK REPORT),NO INJURY / DRIVE AWAY,,,N,"$501 - $1,500",09/08/2022 10:10:00 PM,UNABLE TO DETERMINE,NOT APPLICABLE,247,N,CLARK ST,111,,,Y,,,,2,NO INDICATION OF INJURY,0,0,0,0,0,2,0,21,1,8,41.886928513,-87.630857737,POINT (-87.630857737075 41.886928513263)
bf0407ec431d2cd18a041feb1ca31eacd4713d608f9aa3483daf61aff3b795f0ac7b32004bfb7b16d14a0eb1bd9642859b03d3f31ea8f2c2f51ddf116268c9bf,JF374069,,08/28/2022 07:53:00 PM,30,TRAFFIC SIGNAL,NO CONTROLS,CLEAR,"DARKNESS, LIGHTED ROAD",PEDALCYCLIST,NOT DIVIDED,,STRAIGHT AND LEVEL,DRY,NO DEFECTS,ON SCENE,INJURY AND / OR TOW DUE TO CRASH,,,,"OVER $1,500",08/28/2022 07:57:00 PM,TURNING RIGHT ON RED,NOT APPLICABLE,5201,W,BELMONT AVE,2514,,,,,,,2,INCAPACITATING INJURY,1,0,1,0,0,1,0,19,1,8,41.938589186,-87.756810045,POINT (-87.756810045169 41.93858918622)
f554bdb66f1fa4e7e929efaf9e5c28dd0397ccaf0fd7fa3e41cb387c3c6c5c10411969006d1ec737c94608d22b24ed8946ec91971cac98c22d72b0a67f83b6c0,JF375487,,08/28/2022 10:40:00 AM,30,NO CONTROLS,NO CONTROLS,CLEAR,DUSK,PEDALCYCLIST,NOT DIVIDED,,STRAIGHT AND LEVEL,DRY,NO DEFECTS,NOT ON SCENE (DESK REPORT),INJURY AND / OR TOW DUE TO CRASH,,,Y,"OVER $1,500",08/29/2022 09:40:00 PM,UNABLE TO DETERMINE,PHYSICAL CONDITION OF DRIVER,4904,W,KAMERLING AVE,2533,Y,,,,,,2,NONINCAPACITATING INJURY,1,0,0,1,0,1,0,10,1,8,41.9051596,-87.748757363,POINT (-87.74875736279 41.905159600186)
28dae3463ae239f26cc94ffc4613c7e34a9d7405a46cedd99468a5b4533b76088890cf5dd69d1d315ee6239e7edf3c78ecdea080b835453fdbfb0c10483d73da,JF375389,,08/29/2022 07:25:00 PM,30,TRAFFIC SIGNAL,FUNCTIONING PROPERLY,CLEAR,"DARKNESS, LIGHTED ROAD",PEDALCYCLIST,NOT DIVIDED,,STRAIGHT AND LEVEL,DRY,UNKNOWN,ON SCENE,INJURY AND / OR TOW DUE TO CRASH,N,,,$500 OR LESS,08/29/2022 07:29:00 PM,"OPERATING VEHICLE IN ERRATIC, RECKLESS, CARELESS, NEGLIGENT OR AGGRESSIVE MANNER",NOT APPLICABLE,59,S,RACINE AVE,1232,,,,,,,2,NO INDICATION OF INJURY,0,0,0,0,0,2,0,19,2,8,41.880373391,-87.656954208,POINT (-87.656954208484 41.880373391177)
7559da308f1e5ec3bf6f6a369158f4839c4c786948dd1dcfa105bcaf73cbcfa6951ba7e7362a86d77df9056cc10f125a5b27034e088e26422f2ef5d0293f6131,JF375155,,08/29/2022 04:00:00 PM,30,NO CONTROLS,NO CONTROLS,CLEAR,DAYLIGHT,PEDALCYCLIST,ALLEY,,STRAIGHT AND LEVEL,DRY,NO DEFECTS,ON SCENE,INJURY AND / OR TOW DUE TO CRASH,,,,$500 OR LESS,08/29/2022 05:00:00 PM,FAILING TO YIELD RIGHT-OF-WAY,UNABLE TO DETERMINE,6401,S,KIMBARK AVE,314,,,N,,,,2,NONINCAPACITATING INJURY,1,0,0,1,0,1,0,16,2,8,41.778636825,-87.594461879,POINT (-87.594461878649 41.778636825102)
7c4f3515c1961219fed9dc1e5baa009e9e82e01882622278acb9601be04aa5d4c8facdf91ccba261d2a801e697ed37866042610a8ae64f624966ac897718be30,JF374832,,08/29/2022 08:30:00 AM,30,TRAFFIC SIGNAL,FUNCTIONING PROPERLY,CLEAR,DAYLIGHT,PEDALCYCLIST,NOT DIVIDED,,STRAIGHT AND LEVEL,DRY,UNKNOWN,NOT ON SCENE (DESK REPORT),NO INJURY / DRIVE AWAY,Y,,,"OVER $1,500",08/29/2022 01:15:00 PM,UNABLE TO DETERMINE,UNABLE TO DETERMINE,3727,N,KIMBALL AVE,1733,,,,,,,2,NO INDICATION OF INJURY,0,0,0,0,0,3,0,8,2,8,41.949285048,-87.712643201,POINT (-87.712643200939 41.949285047945)
e54fd55feaa95f0253b01be1295fee8ac2ca8388b71f1a876e19dc4c7f3bb778a4fa300cb59450b1ca327973a23783d61175d24770490b95f619fb3bf2ad25b5,JF381411,,08/29/2022 08:00:00 PM,30,NO CONTROLS,NO CONTROLS,CLEAR,DUSK,PEDALCYCLIST,NOT DIVIDED,,STRAIGHT AND LEVEL,DRY,NO DEFECTS,NOT ON SCENE (DESK REPORT),NO INJURY / DRIVE AWAY,,,,"$501 - $1,500",09/03/2022 10:35:00 AM,PHYSICAL CONDITION OF DRIVER,NOT APPLICABLE,2351,N,LINCOLN AVE,1812,,,,,,,2,NO INDICATION OF INJURY,0,0,0,0,0,2,0,20,2,8,41.924857237,-87.647725126,POINT (-87.647725126172 41.924857236737)
33e5e1b6a06c4297cbca7ceb034954f1109c28aa78289becc2896c6f62d5ab6bfbe1ddb8a11f04f9b5caeb77269b1d87c7efc9467b2202e01a11dc4caf3b03d4,JF376884,,08/30/2022 10:36:00 PM,35,NO CONTROLS,NO CONTROLS,CLEAR,DARKNESS,PEDALCYCLIST,NOT DIVIDED,,STRAIGHT AND LEVEL,DRY,NO DEFECTS,ON SCENE,INJURY AND / OR TOW DUE TO CRASH,,,,"OVER $1,500",08/30/2022 10:47:00 PM,UNABLE TO DETERMINE,NOT APPLICABLE,5599,W,BRYN MAWR AVE,1623,,,,,,,2,INCAPACITATING INJURY,1,0,1,0,0,1,0,22,3,8,41.982830251,-87.768282367,POINT (-87.768282367338 41.982830250941)
694c627dab45664a0c822cd6d3290c14ccd46edf4332cc348481fca03088a20c056f9f54dd24de1121ded363dcd587fc5104d9c6f1672578debd0994930acf58,JF376099,,08/30/2022 12:05:00 PM,20,NO CONTROLS,NO CONTROLS,CLEAR,DAYLIGHT,PEDALCYCLIST,PARKING LOT,,STRAIGHT AND LEVEL,DRY,NO DEFECTS,ON SCENE,INJURY AND / OR TOW DUE TO CRASH,,Y,,$500 OR LESS,08/30/2022 12:10:00 PM,UNABLE TO DETERMINE,NOT APPLICABLE,5352,S,ARCHER AVE,815,,,,,,,2,NONINCAPACITATING INJURY,1,0,0,1,0,1,0,12,3,8,41.798882905,-87.742232874,POINT (-87.74223287355 41.798882904668)
6995853500703e1aefe5f1b757c6bae8bf085c58e06ae59551e33b7a5ea348f2d220981f30126e20214380f262263ada5522a4562726b6e3d35ed1dbe220640d,JF376455,,08/30/2022 04:15:00 PM,30,STOP SIGN/FLASHER,FUNCTIONING PROPERLY,CLEAR,DAYLIGHT,PEDALCYCLIST,FOUR WAY,,STRAIGHT AND LEVEL,DRY,NO DEFECTS,NOT ON SCENE (DESK REPORT),INJURY AND / OR TOW DUE TO CRASH,Y,,,"$501 - $1,500",08/30/2022 04:15:00 PM,FAILING TO YIELD RIGHT-OF-WAY,FAILING TO YIELD RIGHT-OF-WAY,9500,S,ESCANABA AVE,431,,,,,,,2,INCAPACITATING INJURY,1,0,1,0,0,1,0,16,3,8,41.722640988,-87.553991612,POINT (-87.553991612319 41.722640988484)
7085ec5ca82f54a1b7e414190c62259fdc7180a7e0de4a0110046a668c5f0e91f8ecc53263216d1fe328d12ae44024c1f6ca4af528e2648b0934388530ea1181,JF380288,,08/30/2022 02:40:00 PM,25,NO CONTROLS,NO CONTROLS,CLEAR,DAYLIGHT,PEDALCYCLIST,ONE-WAY,,STRAIGHT AND LEVEL,DRY,NO DEFECTS,NOT ON SCENE (DESK REPORT),INJURY AND / OR TOW DUE TO CRASH,Y,,,$500 OR LESS,09/02/2022 01:44:00 PM,FAILING TO YIELD RIGHT-OF-WAY,FAILING TO YIELD RIGHT-OF-WAY,4332,N,LOWELL AVE,1722,,,,,,,2,NONINCAPACITATING INJURY,1,0,0,1,0,1,0,14,3,8,41.960016508,-87.737146414,POINT (-87.737146414162 41.960016508046)
b95de440cb4e2481d47c6bf1a9126009c10beae43d9aac5f0f69f6292870bfdf62fd40c341f971dd8c4d08328d70e671f10cee8e36a43c5f87be3c13b4d4b18e,JF376772,,08/30/2022 07:15:00 PM,30,TRAFFIC SIGNAL,FUNCTIONING PROPERLY,CLEAR,DAYLIGHT,PEDALCYCLIST,FOUR WAY,,STRAIGHT AND LEVEL,UNKNOWN,UNKNOWN,NOT ON SCENE (DESK REPORT),INJURY AND / OR TOW DUE TO CRASH,,,Y,$500 OR LESS,08/30/2022 08:15:00 PM,UNABLE TO DETERMINE,NOT APPLICABLE,3959,W,BELMONT AVE,2523,,,,,,,2,"REPORTED, NOT EVIDENT",1,0,0,0,1,1,0,19,3,8,41.938998695,-87.726012915,POINT (-87.726012914741 41.938998695367)
f3dbcf7eb7fdb838635e1db5e941d2232d328d7ab58b582ac810ec4e49112fc09be0f3615881033712af2949f13a048f8e0262b7796db344b088cfbe9abab349,JF376365,,08/30/2022 02:10:00 PM,30,STOP SIGN/FLASHER,NO CONTROLS,CLEAR,DAYLIGHT,PEDALCYCLIST,DIVIDED - W/MEDIAN (NOT RAISED),,STRAIGHT AND LEVEL,DRY,NO DEFECTS,NOT ON SCENE (DESK REPORT),INJURY AND / OR TOW DUE TO CRASH,Y,,Y,"$501 - $1,500",08/30/2022 03:50:00 PM,FAILING TO YIELD RIGHT-OF-WAY,NOT APPLICABLE,8132,W,BELMONT AVE,1631,,,,,,,2,NONINCAPACITATING INJURY,1,0,0,1,0,1,0,14,3,8,41.937788329,-87.830070907,POINT (-87.830070907168 41.937788328868)
f6cfe4eb633166bd774e366b891aafe9ea208cf2211b46a351da5e5ea9b19a6e87f3709ce8012a97a08458096990819ce9e152390e8754a93477e724b3e32b56,JF376628,,08/30/2022 06:01:00 PM,35,TRAFFIC SIGNAL,FUNCTIONING PROPERLY,CLEAR,DAYLIGHT,PEDALCYCLIST,DIVIDED - W/MEDIAN (NOT RAISED),,STRAIGHT AND LEVEL,DRY,NO DEFECTS,ON SCENE,INJURY AND / OR TOW DUE TO CRASH,,,,"OVER $1,500",08/30/2022 06:10:00 PM,FAILING TO YIELD RIGHT-OF-WAY,NOT APPLICABLE,2373,N,MILWAUKEE AVE,1414,,,Y,,,,2,NONINCAPACITATING INJURY,1,0,0,1,0,2,0,18,3,8,41.924445487,-87.699632719,POINT (-87.699632718776 41.924445487402)
17c262b9a1e503c729fb6b5b4ff91d871548fd762b9834cff6cd66dcde66888476a7a5fc7ddbc8b43c9c9fb4379fd2234ce01a10fd38bc9337728e14fd364603,JF377955,,08/31/2022 05:25:00 PM,25,TRAFFIC SIGNAL,FUNCTIONING PROPERLY,CLEAR,DAYLIGHT,PEDALCYCLIST,NOT DIVIDED,,STRAIGHT AND LEVEL,DRY,NO DEFECTS,NOT ON SCENE (DESK REPORT),NO INJURY / DRIVE AWAY,Y,,,$500 OR LESS,08/31/2022 05:51:00 PM,FAILING TO YIELD RIGHT-OF-WAY,FAILING TO YIELD RIGHT-OF-WAY,3500,W,63RD ST,823,,,Y,,,,2,NO INDICATION OF INJURY,0,0,0,0,0,2,0,17,4,8,41.778961599,-87.710528949,POINT (-87.710528948795 41.778961598969)
4a67b707fe1261e2dfdcd941d02e3751f29f3f3629f572df9c55c3136c60cc9b00b5ca54a52de4681e69194f0cdbfdeff4c8b5265971936f9b67e6b345625f26,JF377717,,08/31/2022 02:05:00 PM,30,NO CONTROLS,NO CONTROLS,CLEAR,DAYLIGHT,PEDALCYCLIST,NOT DIVIDED,,STRAIGHT AND LEVEL,DRY,NO DEFECTS,ON SCENE,INJURY AND / OR TOW DUE TO CRASH,,,Y,"OVER $1,500",08/31/2022 02:06:00 PM,"OPERATING VEHICLE IN ERRATIC, RECKLESS, CARELESS, NEGLIGENT OR AGGRESSIVE MANNER",NOT APPLICABLE,2232,E,72ND ST,333,,,,,,,2,INCAPACITATING INJURY,1,0,1,0,0,4,0,14,4,8,41.764506604,-87.570069636,POINT (-87.570069635639 41.764506603878)
69eec43f3800a84b89b1af68a0845fbb8d33519911b7e8eb512ce7ee8ea1bcfe93adb33037133fad1ef86b4f9f81e586f2feee7754015d575b1a5c74c51b7114,JF378513,,08/31/2022 09:00:00 AM,30,PEDESTRIAN CROSSING SIGN,FUNCTIONING PROPERLY,CLEAR,DAYLIGHT,PEDALCYCLIST,NOT DIVIDED,,STRAIGHT AND LEVEL,DRY,NO DEFECTS,NOT ON SCENE (DESK REPORT),INJURY AND / OR TOW DUE TO CRASH,,,,"OVER $1,500",09/01/2022 08:30:00 AM,UNABLE TO DETERMINE,NOT APPLICABLE,2440,N,CLARK ST,1935,,,,,,,2,NONINCAPACITATING INJURY,1,0,0,1,0,1,0,9,4,8,41.926604824,-87.641258658,POINT (-87.641258658362 41.92660482393)
b005c226790af72a80560fdfaa5ec50b2ff5f399eec3a304e6a807c5ce4ca17ad0f175811b07266f7276753b44660c739b79dfb9d213d23cb753b116e71b7565,JF377167,,08/31/2022 08:38:00 AM,30,TRAFFIC SIGNAL,UNKNOWN,CLEAR,DAYLIGHT,PEDALCYCLIST,DIVIDED - W/MEDIAN (NOT RAISED),,STRAIGHT AND LEVEL,DRY,UNKNOWN,ON SCENE,INJURY AND / OR TOW DUE TO CRASH,,,,"$501 - $1,500",08/31/2022 08:45:00 AM,NOT APPLICABLE,NOT APPLICABLE,1400,S,SACRAMENTO DR,1022,,,,,,,2,"REPORTED, NOT EVIDENT",1,0,0,0,1,2,0,8,4,8,41.862894819,-87.702159968,POINT (-87.70215996842 41.862894818545)
b6d25b83f5bec5e065dbd2082f50f1a078a4f7f240169affa7099ae4caf44bf9ca2fdb051f617b4f32ae575dcf854a7f15dcebda4da287e9560e03cffd4993bc,JF377704,,08/31/2022 03:10:00 PM,35,NO CONTROLS,NO CONTROLS,CLEAR,DAYLIGHT,PEDALCYCLIST,DIVIDED - W/MEDIAN (NOT RAISED),,STRAIGHT AND LEVEL,DRY,NO DEFECTS,NOT ON SCENE (DESK REPORT),NO INJURY / DRIVE AWAY,,,,$500 OR LESS,08/31/2022 03:20:00 PM,UNABLE TO DETERMINE,UNABLE TO DETERMINE,9923,S,VINCENNES AVE,2232,,,,,,,2,NO INDICATION OF INJURY,0,0,0,0,0,2,0,15,4,8,41.713339852,-87.653439594,POINT (-87.653439593724 41.713339852283)
bb77e6b9eac189af9874d64c80bd86aa4837db9b16ea01d8654a027203c0e3095d8eb4abe3b9399937631d9d18ae862187a79e0c91774e3e58709ecd14ccda98,JF377197,,08/31/2022 08:50:00 AM,30,STOP SIGN/FLASHER,FUNCTIONING PROPERLY,CLEAR,DAYLIGHT,PEDALCYCLIST,FOUR WAY,,STRAIGHT AND LEVEL,DRY,NO DEFECTS,ON SCENE,INJURY AND / OR TOW DUE TO CRASH,Y,,,"$501 - $1,500",08/31/2022 09:00:00 AM,FAILING TO YIELD RIGHT-OF-WAY,UNABLE TO DETERMINE,100,S,PEORIA ST,1232,,,,,,,2,NONINCAPACITATING INJURY,1,0,0,1,0,1,0,8,4,8,41.880383477,-87.649803066,POINT (-87.649803066328 41.880383476673)
c8b9aecc9a1618bc60ecb791b910207e736f2a89f18dc537b298a3edb037d2e6ae5eac572f181e48d115770a121db9c0916c0194581e73699326c5df6a75ead3,JF377999,,08/31/2022 06:13:00 PM,30,TRAFFIC SIGNAL,FUNCTIONING PROPERLY,CLEAR,DAYLIGHT,PEDALCYCLIST,ONE-WAY,,STRAIGHT AND LEVEL,DRY,NO DEFECTS,ON SCENE,NO INJURY / DRIVE AWAY,,,,"OVER $1,500",08/31/2022 06:14:00 PM,UNABLE TO DETERMINE,NOT APPLICABLE,1559,W,CONGRESS PKWY,1231,,,,,,,2,NO INDICATION OF INJURY,0,0,0,0,0,2,0,18,4,8,41.875068067,-87.6665942,POINT (-87.666594200293 41.875068066522)
d0f9fa36362a184cff88fa654333c9ffdfd060feb38043b45bae579d1877d0d3c27ee4911ab6a0dc13ab01685f8e050ebe3f29f22594c27b1823053f7105a17f,JF377884,,08/31/2022 04:53:00 PM,10,NO CONTROLS,NO CONTROLS,CLEAR,DAYLIGHT,PEDALCYCLIST,OTHER,,STRAIGHT AND LEVEL,DRY,NO DEFECTS,,NO INJURY / DRIVE AWAY,,Y,,"$501 - $1,500",08/31/2022 04:55:00 PM,FAILING TO REDUCE SPEED TO AVOID CRASH,UNABLE TO DETERMINE,340,W,CHICAGO AVE,1823,,,,,,,2,NO INDICATION OF INJURY,0,0,0,0,0,2,0,16,4,8,41.89665962,-87.637247808,POINT (-87.637247807935 41.896659619828)
ec4be641fe327844d31fd672d3bd3cd913a99cfe8c69a99be307a703988ed21c4cc28cba02d2b47f64641c065bdce41f09b3b422e5f14de41b269ecc54810410,JF377977,,08/31/2022 06:15:00 PM,30,STOP SIGN/FLASHER,FUNCTIONING PROPERLY,CLEAR,DAYLIGHT,PEDALCYCLIST,FOUR WAY,,STRAIGHT AND LEVEL,DRY,NO DEFECTS,NOT ON SCENE (DESK REPORT),INJURY AND / OR TOW DUE TO CRASH,,,,"OVER $1,500",08/31/2022 06:15:00 PM,FAILING TO YIELD RIGHT-OF-WAY,FAILING TO YIELD RIGHT-OF-WAY,900,S,HOMAN AVE,1133,,,,,,,2,NONINCAPACITATING INJURY,1,0,0,1,0,3,0,18,4,8,41.869936869,-87.71080482,POINT (-87.710804819562 41.869936869387)
e56e02b0892e56ace528f5b9cba8574f22d3ec3d5c48a9df480452f9e3b53b04582cc4d5f0668773e188458b939335d381eb0c416c83a9636412ea92a13435cb,JF365534,,08/22/2022 06:10:00 AM,25,TRAFFIC SIGNAL,FUNCTIONING PROPERLY,CLEAR,DAYLIGHT,PEDALCYCLIST,NOT DIVIDED,,STRAIGHT AND LEVEL,DRY,NO DEFECTS,,NO INJURY / DRIVE AWAY,,,,"$501 - $1,500",08/22/2022 06:35:00 AM,UNABLE TO DETERMINE,UNABLE TO DETERMINE,3232,N,LAKE SHORE DR,1925,,,,,,,2,NO INDICATION OF INJURY,0,0,0,0,0,2,0,6,2,8,41.941105293,-87.639660529,POINT (-87.639660529114 41.941105293323)
618394637d62104c84101b78519d11655f3baf9b5d1d344e5b11764aeb4a66a32009c0af1889eb0740907ecb5a8be339270f2e83975e80fa16fee43f136bea8f,JF412674,,08/30/2022 06:45:00 PM,30,NO CONTROLS,NO CONTROLS,CLEAR,DAYLIGHT,PEDALCYCLIST,NOT DIVIDED,,STRAIGHT AND LEVEL,OTHER,OTHER,NOT ON SCENE (DESK REPORT),INJURY AND / OR TOW DUE TO CRASH,,,,"$501 - $1,500",09/27/2022 02:45:00 PM,FAILING TO YIELD RIGHT-OF-WAY,FAILING TO YIELD RIGHT-OF-WAY,1456,N,MILWAUKEE AVE,1424,,,,Y,UNKNOWN,,2,"REPORTED, NOT EVIDENT",1,0,0,0,1,2,0,18,3,8,41.908270042,-87.67439868,POINT (-87.674398679737 41.908270041659)